"condition_id","arm","learner","n","p_F","p_L","ICC","rho","R2_total","signal_allocation","target_prevalence","n_valid","mean_auroc_true","mean_auroc_naive","mean_auroc_subject","mean_delta_naive","mean_delta_subject","mcse_delta_naive","mcse_delta_subject","mean_pct_unique_q4","mean_pct_unique_q10","mean_prevalence_actual","mean_fold_recog_fixed_q4","mean_fold_recog_fixed_q10","mean_fold_recog_long_q4","mean_fold_recog_long_q10","mean_fold_recog_joint_q4","mean_fold_recog_joint_q10","mean_fold_recog_overlap_q4","mean_fold_recog_overlap_q10","mean_fold_recog_union_q4","mean_fold_recog_union_q10","mean_fold_recog_newly_joint_q4","mean_fold_recog_newly_joint_q10"
1,"A_fixed","ridge_linear",50,2,0,NA,NA,0.05,NA,0.48,500,0.580680784329944,0.643239941778208,0.510940394369747,0.0625591574482635,-0.0697403899601966,0.00316712732787038,0.00589473325524893,0.02964,0.70704,0.48024,0.02964,0.70704,NA,NA,NA,NA,NA,NA,NA,NA,NA,NA
2,"A_fixed","ridge_linear",50,5,0,NA,NA,0.05,NA,0.48,500,0.558916165804234,0.701341236754834,0.515397036959818,0.1424250709506,-0.0435191288444157,0.0027345992435372,0.00494929286067665,0.96584,0.99968,0.48456,0.96584,0.99968,NA,NA,NA,NA,NA,NA,NA,NA,NA,NA
3,"A_fixed","ridge_linear",50,10,0,NA,NA,0.05,NA,0.48,500,0.540553046520099,0.768624713681312,0.501043922905509,0.228071667161213,-0.0395091236145907,0.00274851232697364,0.00485104539525077,1,1,0.47752,1,1,NA,NA,NA,NA,NA,NA,NA,NA,NA,NA
4,"A_fixed","ridge_linear",50,2,0,NA,NA,0.15,NA,0.48,500,0.673660604204015,0.708149364882704,0.619848876853492,0.0344887606786889,-0.0538117273505234,0.00333841466961207,0.00494012583064933,0.0302,0.7062,0.48072,0.0302,0.7062,NA,NA,NA,NA,NA,NA,NA,NA,NA,NA
5,"A_fixed","ridge_linear",50,5,0,NA,NA,0.15,NA,0.48,500,0.640356434413363,0.748199092909611,0.592849009887547,0.107842658496248,-0.0475074245258162,0.00317022287528709,0.00524123007227003,0.96392,0.99984,0.48056,0.96392,0.99984,NA,NA,NA,NA,NA,NA,NA,NA,NA,NA
6,"A_fixed","ridge_linear",50,10,0,NA,NA,0.15,NA,0.48,500,0.611043951463141,0.812120162282704,0.577030775452375,0.201076210819563,-0.0340131760107659,0.00301081753389717,0.00483475214727176,0.99992,1,0.47436,0.99992,1,NA,NA,NA,NA,NA,NA,NA,NA,NA,NA
7,"A_fixed","ridge_linear",50,2,0,NA,NA,0.3,NA,0.48,500,0.758883005390142,0.774946180274322,0.713237245632114,0.016063174884181,-0.0456457597580276,0.00287933515530007,0.00379888069016755,0.0298,0.70356,0.48004,0.0298,0.70356,NA,NA,NA,NA,NA,NA,NA,NA,NA,NA
8,"A_fixed","ridge_linear",50,5,0,NA,NA,0.3,NA,0.48,500,0.726145714718167,0.801729569987295,0.679375530945061,0.0755838552691275,-0.0467701837731064,0.00283272700095949,0.00421322670905817,0.96836,1,0.48196,0.96836,1,NA,NA,NA,NA,NA,NA,NA,NA,NA,NA
9,"A_fixed","ridge_linear",50,10,0,NA,NA,0.3,NA,0.48,500,0.69093807366001,0.85452441878061,0.649561143827566,0.163586345120599,-0.0413769298324442,0.00281223443262767,0.00443039993316451,1,1,0.48188,1,1,NA,NA,NA,NA,NA,NA,NA,NA,NA,NA
10,"A_fixed","ridge_linear",100,2,0,NA,NA,0.05,NA,0.48,500,0.595136835822937,0.62680392308343,0.552214875218598,0.0316670872604934,-0.0429219606043385,0.00242119241969522,0.0038528232106539,0.00026,0.4087,0.47568,0.00026,0.4087,NA,NA,NA,NA,NA,NA,NA,NA,NA,NA
11,"A_fixed","ridge_linear",100,5,0,NA,NA,0.05,NA,0.48,500,0.57360429875839,0.656816444911813,0.537668726835788,0.0832121461534232,-0.0359355719226021,0.00223196202281279,0.0037911004120591,0.92068,0.9996,0.48084,0.92068,0.9996,NA,NA,NA,NA,NA,NA,NA,NA,NA,NA
12,"A_fixed","ridge_linear",100,10,0,NA,NA,0.05,NA,0.48,500,0.559256013892669,0.705425575067627,0.537770254100145,0.146169561174959,-0.0214857597925238,0.0020966044921433,0.00350232282489143,0.99988,1,0.48162,0.99988,1,NA,NA,NA,NA,NA,NA,NA,NA,NA,NA
13,"A_fixed","ridge_linear",100,2,0,NA,NA,0.15,NA,0.48,500,0.685372883060728,0.699807973280392,0.656598165818979,0.0144350902196641,-0.0287747172417494,0.00227206750153354,0.00280921509424087,3e-04,0.40312,0.48178,3e-04,0.40312,NA,NA,NA,NA,NA,NA,NA,NA,NA,NA
14,"A_fixed","ridge_linear",100,5,0,NA,NA,0.15,NA,0.48,500,0.666912809152941,0.723472611002389,0.638909175286342,0.056559801849448,-0.0280036338665991,0.00224091628290362,0.00323590888767003,0.91568,0.99932,0.4822,0.91568,0.99932,NA,NA,NA,NA,NA,NA,NA,NA,NA,NA
15,"A_fixed","ridge_linear",100,10,0,NA,NA,0.15,NA,0.48,500,0.642082312325584,0.75601688463036,0.621861455066457,0.113934572304776,-0.0202208572591272,0.002148701761133,0.00321810784750081,0.99988,1,0.48288,0.99988,1,NA,NA,NA,NA,NA,NA,NA,NA,NA,NA
16,"A_fixed","ridge_linear",100,2,0,NA,NA,0.3,NA,0.48,500,0.764397863279704,0.773345796752271,0.744520387168282,0.00894793347256721,-0.0198774761114215,0.00205147859230276,0.00230972884314161,0.00046,0.40884,0.47504,0.00046,0.40884,NA,NA,NA,NA,NA,NA,NA,NA,NA,NA
17,"A_fixed","ridge_linear",100,5,0,NA,NA,0.3,NA,0.48,500,0.748885563696382,0.791841849514622,0.732376031681819,0.0429562858182402,-0.0165095320145627,0.00211852862709647,0.00267242299331645,0.92132,0.99928,0.48064,0.92132,0.99928,NA,NA,NA,NA,NA,NA,NA,NA,NA,NA
18,"A_fixed","ridge_linear",100,10,0,NA,NA,0.3,NA,0.48,500,0.727264797188891,0.808555132438405,0.698504242774551,0.0812903352495136,-0.0287605544143402,0.0020076027514331,0.00296164959098147,0.99992,1,0.48244,0.99992,1,NA,NA,NA,NA,NA,NA,NA,NA,NA,NA
19,"A_fixed","ridge_linear",200,2,0,NA,NA,0.05,NA,0.48,500,0.605358416775814,0.617557078703812,0.578328981606434,0.0121986619279981,-0.0270294351693798,0.00180533738753651,0.00254279966609793,0,0.1348,0.48009,0,0.1348,NA,NA,NA,NA,NA,NA,NA,NA,NA,NA
20,"A_fixed","ridge_linear",200,5,0,NA,NA,0.05,NA,0.48,500,0.590143250348417,0.636759595462691,0.568350184832309,0.0466163451142741,-0.0217930655161084,0.00163389898426105,0.0025354039802696,0.83662,0.99836,0.47855,0.83662,0.99836,NA,NA,NA,NA,NA,NA,NA,NA,NA,NA
21,"A_fixed","ridge_linear",200,10,0,NA,NA,0.05,NA,0.48,500,0.575033853156015,0.663411102663885,0.559538949895439,0.0883772495078693,-0.015494903260576,0.00154997443587232,0.00235674416337028,0.9998,1,0.48241,0.9998,1,NA,NA,NA,NA,NA,NA,NA,NA,NA,NA
22,"A_fixed","ridge_linear",200,2,0,NA,NA,0.15,NA,0.48,500,0.689730213113145,0.695788980793746,0.675345700466832,0.00605876768060174,-0.0143845126463125,0.00162365591068992,0.00181809945671063,0,0.13518,0.47876,0,0.13518,NA,NA,NA,NA,NA,NA,NA,NA,NA,NA
23,"A_fixed","ridge_linear",200,5,0,NA,NA,0.15,NA,0.48,500,0.679059028761964,0.708587029101981,0.6661378926847,0.0295280003400169,-0.012921136077264,0.00162914921441258,0.00200557339643895,0.83306,0.99852,0.47896,0.83306,0.99852,NA,NA,NA,NA,NA,NA,NA,NA,NA,NA
24,"A_fixed","ridge_linear",200,10,0,NA,NA,0.15,NA,0.48,500,0.663719446003332,0.726682391437802,0.651203508294307,0.0629629454344704,-0.0125159377090254,0.00154910718610778,0.00210092927452969,0.99988,1,0.47707,0.99988,1,NA,NA,NA,NA,NA,NA,NA,NA,NA,NA
25,"A_fixed","ridge_linear",200,2,0,NA,NA,0.3,NA,0.48,500,0.76694433115842,0.77105200387954,0.756555031422906,0.0041076727211193,-0.0103892997355141,0.00151255388071981,0.00163264700721609,0,0.13401,0.48162,0,0.13401,NA,NA,NA,NA,NA,NA,NA,NA,NA,NA
26,"A_fixed","ridge_linear",200,5,0,NA,NA,0.3,NA,0.48,500,0.7596405372562,0.779175314938514,0.749572228599156,0.0195347776823139,-0.010068308657044,0.00145959374727433,0.00166689266731522,0.83364,0.99858,0.47895,0.83364,0.99858,NA,NA,NA,NA,NA,NA,NA,NA,NA,NA
27,"A_fixed","ridge_linear",200,10,0,NA,NA,0.3,NA,0.48,500,0.747717659429362,0.791503048233915,0.735887989601296,0.043785388804553,-0.011829669828066,0.00149725382374554,0.00187834068621834,0.99982,1,0.47864,0.99982,1,NA,NA,NA,NA,NA,NA,NA,NA,NA,NA
28,"B_long","ridge_linear",50,0,2,0.3,0.3,0.05,NA,0.48,500,0.578670054859676,0.629624621056443,0.439461797917149,0.050954566196767,-0.139208256942527,0.00357101288627389,0.00624231167953105,NA,NA,0.48456,NA,NA,0.02956,0.70176,NA,NA,NA,NA,NA,NA,NA,NA
29,"B_long","ridge_linear",50,0,5,0.3,0.3,0.05,NA,0.48,500,0.561908103054588,0.688353287718782,0.467645946776101,0.126445184664194,-0.0942621562784865,0.00309086587560925,0.00571876316853206,NA,NA,0.477,NA,NA,0.966496,0.999848,NA,NA,NA,NA,NA,NA,NA,NA
30,"B_long","ridge_linear",50,0,2,0.7,0.3,0.05,NA,0.48,500,0.577637507158695,0.641751224726769,0.49335547454418,0.0641137175680745,-0.0842820326145147,0.00313370426262098,0.0057528120511646,NA,NA,0.47772,NA,NA,0.030036,0.699644,NA,NA,NA,NA,NA,NA,NA,NA
31,"B_long","ridge_linear",50,0,5,0.7,0.3,0.05,NA,0.48,500,0.560238357301239,0.696671036000243,0.499512964551072,0.136432678699004,-0.0607253927501661,0.00299820121837722,0.00552720845065245,NA,NA,0.47708,NA,NA,0.965404,0.999808,NA,NA,NA,NA,NA,NA,NA,NA
32,"B_long","ridge_linear",50,0,2,0.9,0.3,0.05,NA,0.48,500,0.581215634937588,0.639587576495115,0.505137646806027,0.0583719415575265,-0.0760779881315613,0.00316319558285499,0.00559341264820529,NA,NA,0.47524,NA,NA,0.030432,0.698088,NA,NA,NA,NA,NA,NA,NA,NA
33,"B_long","ridge_linear",50,0,5,0.9,0.3,0.05,NA,0.48,500,0.558046162350812,0.699374447183492,0.508489552688562,0.14132828483268,-0.0495566096622493,0.00304816565626887,0.0055919115591026,NA,NA,0.47428,NA,NA,0.966732,0.999824,NA,NA,NA,NA,NA,NA,NA,NA
34,"B_long","ridge_linear",50,0,2,0.3,0.7,0.05,NA,0.48,500,0.581796657021641,0.631681469014914,0.453047863913229,0.0498848119932731,-0.128748793108412,0.00355428514453323,0.0062344850899044,NA,NA,0.4806,NA,NA,0.029544,0.705724,NA,NA,NA,NA,NA,NA,NA,NA
35,"B_long","ridge_linear",50,0,5,0.3,0.7,0.05,NA,0.48,500,0.558064316033697,0.686028867758421,0.468460897958682,0.127964551724724,-0.0896034180750148,0.00304697068581331,0.00551569907938702,NA,NA,0.4782,NA,NA,0.965224,0.999768,NA,NA,NA,NA,NA,NA,NA,NA
36,"B_long","ridge_linear",50,0,2,0.7,0.7,0.05,NA,0.48,500,0.579211571123683,0.638392128134745,0.493018445239275,0.0591805570110624,-0.0861931258844075,0.00336394201241292,0.00601432072056422,NA,NA,0.4734,NA,NA,0.029672,0.702684,NA,NA,NA,NA,NA,NA,NA,NA
37,"B_long","ridge_linear",50,0,5,0.7,0.7,0.05,NA,0.48,500,0.558777203826733,0.692046727155259,0.491208600043605,0.133269523328526,-0.0675686037831273,0.00288997309686883,0.00544852331113679,NA,NA,0.48132,NA,NA,0.965652,0.999904,NA,NA,NA,NA,NA,NA,NA,NA
38,"B_long","ridge_linear",50,0,2,0.9,0.7,0.05,NA,0.48,500,0.582449439055477,0.642475836898072,0.509243724521009,0.060026397842595,-0.0732057145344679,0.00309146402332366,0.0059055039785511,NA,NA,0.4856,NA,NA,0.031,0.70468,NA,NA,NA,NA,NA,NA,NA,NA
39,"B_long","ridge_linear",50,0,5,0.9,0.7,0.05,NA,0.48,500,0.562847564823531,0.701229709822931,0.511908361199498,0.1383821449994,-0.0509392036240325,0.00296695339658945,0.00544637160879495,NA,NA,0.47764,NA,NA,0.967832,0.999744,NA,NA,NA,NA,NA,NA,NA,NA
40,"B_long","ridge_linear",50,0,2,0.3,0.3,0.15,NA,0.48,500,0.67115849845253,0.696479205962901,0.546642540935576,0.0253207075103711,-0.124515957516954,0.00352010756973291,0.00610276348351496,NA,NA,0.48644,NA,NA,0.029212,0.704212,NA,NA,NA,NA,NA,NA,NA,NA
41,"B_long","ridge_linear",50,0,5,0.3,0.3,0.15,NA,0.48,500,0.642966319715121,0.728897227078479,0.537154982090577,0.0859309073633589,-0.105811337624544,0.00306194140536899,0.00550722576192691,NA,NA,0.4774,NA,NA,0.964572,0.999864,NA,NA,NA,NA,NA,NA,NA,NA
42,"B_long","ridge_linear",50,0,2,0.7,0.3,0.15,NA,0.48,500,0.674970606653671,0.705076795464544,0.604189450956188,0.0301061888108726,-0.0707811556974831,0.00323815724400748,0.00530426409032185,NA,NA,0.48224,NA,NA,0.02898,0.707864,NA,NA,NA,NA,NA,NA,NA,NA
43,"B_long","ridge_linear",50,0,5,0.7,0.3,0.15,NA,0.48,500,0.646054143702431,0.748945916448215,0.595019532233413,0.102891772745784,-0.0510346114690189,0.00295953884534519,0.00496430408266379,NA,NA,0.47616,NA,NA,0.96672,0.999752,NA,NA,NA,NA,NA,NA,NA,NA
44,"B_long","ridge_linear",50,0,2,0.9,0.3,0.15,NA,0.48,500,0.673868301095176,0.710733024062195,0.620429039052667,0.0368647229670186,-0.0534392620425095,0.0030543642609594,0.00484860986491745,NA,NA,0.48068,NA,NA,0.02902,0.706668,NA,NA,NA,NA,NA,NA,NA,NA
45,"B_long","ridge_linear",50,0,5,0.9,0.3,0.15,NA,0.48,500,0.641804614814317,0.750951332992359,0.600300770802678,0.109146718178042,-0.0415038440116399,0.00298313636579984,0.00490203977762458,NA,NA,0.4754,NA,NA,0.962964,0.999824,NA,NA,NA,NA,NA,NA,NA,NA
46,"B_long","ridge_linear",50,0,2,0.3,0.7,0.15,NA,0.48,500,0.675636843508298,0.704659236118593,0.578850173321798,0.029022392610295,-0.0967866701864998,0.00319389700450284,0.0054252984914516,NA,NA,0.48116,NA,NA,0.028944,0.70454,NA,NA,NA,NA,NA,NA,NA,NA
47,"B_long","ridge_linear",50,0,5,0.3,0.7,0.15,NA,0.48,500,0.64197651320877,0.738621342088905,0.560713664679681,0.0966448288801349,-0.0812628485290892,0.0030112765264739,0.00556617326851273,NA,NA,0.48248,NA,NA,0.9645,0.99976,NA,NA,NA,NA,NA,NA,NA,NA
48,"B_long","ridge_linear",50,0,2,0.7,0.7,0.15,NA,0.48,500,0.674649875410781,0.703136496051564,0.606385477970199,0.0284866206407835,-0.0682643974405811,0.00303212945069818,0.00493598247954074,NA,NA,0.47944,NA,NA,0.029236,0.702172,NA,NA,NA,NA,NA,NA,NA,NA
49,"B_long","ridge_linear",50,0,5,0.7,0.7,0.15,NA,0.48,500,0.644273784575839,0.745789393414303,0.58674851710205,0.101515608838464,-0.0575252674737887,0.00296302442995686,0.00495108413032314,NA,NA,0.48316,NA,NA,0.96614,0.999864,NA,NA,NA,NA,NA,NA,NA,NA
50,"B_long","ridge_linear",50,0,2,0.9,0.7,0.15,NA,0.48,500,0.676363786270741,0.711582542968556,0.623064179415923,0.0352187566978147,-0.0532996068548188,0.00312811953932813,0.00488087931598824,NA,NA,0.47984,NA,NA,0.0287,0.704388,NA,NA,NA,NA,NA,NA,NA,NA
51,"B_long","ridge_linear",50,0,5,0.9,0.7,0.15,NA,0.48,500,0.6424530948485,0.745585849104697,0.591104657857258,0.103132754256197,-0.0513484369912419,0.00312449454564712,0.00511727165757799,NA,NA,0.48092,NA,NA,0.963272,0.999832,NA,NA,NA,NA,NA,NA,NA,NA
52,"B_long","ridge_linear",50,0,2,0.3,0.3,0.3,NA,0.48,500,0.756803757037474,0.765320461363021,0.65972927938224,0.0085167043255474,-0.0970744776552335,0.00312024603477768,0.00519202466052818,NA,NA,0.48384,NA,NA,0.029816,0.70256,NA,NA,NA,NA,NA,NA,NA,NA
53,"B_long","ridge_linear",50,0,5,0.3,0.3,0.3,NA,0.48,500,0.728479790179914,0.796371439047119,0.650219056481356,0.067891648867205,-0.0782607336985579,0.0027851127826016,0.00475840082095222,NA,NA,0.48012,NA,NA,0.96664,0.99976,NA,NA,NA,NA,NA,NA,NA,NA
54,"B_long","ridge_linear",50,0,2,0.7,0.3,0.3,NA,0.48,500,0.757815678470046,0.777754755224396,0.710721810017733,0.0199390767543494,-0.0470938684523131,0.00292467785566992,0.00412038978975081,NA,NA,0.48492,NA,NA,0.028484,0.70906,NA,NA,NA,NA,NA,NA,NA,NA
55,"B_long","ridge_linear",50,0,5,0.7,0.3,0.3,NA,0.48,500,0.729358634559983,0.806951985774171,0.690258046428248,0.0775933512141878,-0.0391005881317355,0.00270242593864092,0.00422170200271991,NA,NA,0.48052,NA,NA,0.965688,0.99984,NA,NA,NA,NA,NA,NA,NA,NA
56,"B_long","ridge_linear",50,0,2,0.9,0.3,0.3,NA,0.48,500,0.757803390045292,0.776300363570808,0.714806340888735,0.018496973525516,-0.0429970491565564,0.00307665410207859,0.00407623665382431,NA,NA,0.47748,NA,NA,0.030124,0.699684,NA,NA,NA,NA,NA,NA,NA,NA
57,"B_long","ridge_linear",50,0,5,0.9,0.3,0.3,NA,0.48,500,0.72902438627146,0.807332600312557,0.688559751280988,0.0783082140410971,-0.0404646349904725,0.00281740915356319,0.00426370241598685,NA,NA,0.4796,NA,NA,0.96636,0.999848,NA,NA,NA,NA,NA,NA,NA,NA
58,"B_long","ridge_linear",50,0,2,0.3,0.7,0.3,NA,0.48,500,0.758219262025422,0.775333632430878,0.683953946000249,0.017114370405456,-0.0742653160251734,0.0030150740854507,0.00468570928414388,NA,NA,0.47808,NA,NA,0.029976,0.701644,NA,NA,NA,NA,NA,NA,NA,NA
59,"B_long","ridge_linear",50,0,5,0.3,0.7,0.3,NA,0.48,500,0.72707527577454,0.795103156005167,0.656908803300226,0.0680278802306266,-0.0701664724743143,0.0027409433899967,0.00468653334791133,NA,NA,0.48036,NA,NA,0.963988,0.999808,NA,NA,NA,NA,NA,NA,NA,NA
60,"B_long","ridge_linear",50,0,2,0.7,0.7,0.3,NA,0.48,500,0.758016859904241,0.77750297630596,0.71057921579557,0.0194861164017188,-0.0474376441086708,0.00287322789364987,0.00390071691417681,NA,NA,0.48452,NA,NA,0.029536,0.70856,NA,NA,NA,NA,NA,NA,NA,NA
61,"B_long","ridge_linear",50,0,5,0.7,0.7,0.3,NA,0.48,500,0.731867896828059,0.81442571826753,0.697429332240403,0.0825578214394711,-0.0344385645876559,0.00270685835959649,0.00422972436336538,NA,NA,0.47668,NA,NA,0.964664,0.99968,NA,NA,NA,NA,NA,NA,NA,NA
62,"B_long","ridge_linear",50,0,2,0.9,0.7,0.3,NA,0.48,500,0.759293923116539,0.78100711619355,0.720739310426032,0.0217131930770114,-0.0385546126905061,0.00288746714763508,0.00377220867739148,NA,NA,0.47768,NA,NA,0.028432,0.705252,NA,NA,NA,NA,NA,NA,NA,NA
63,"B_long","ridge_linear",50,0,5,0.9,0.7,0.3,NA,0.48,500,0.732634508784724,0.814031807223975,0.697794077004428,0.081397298439251,-0.0348404317802956,0.00269675729875754,0.00411098282102,NA,NA,0.47388,NA,NA,0.965872,0.999816,NA,NA,NA,NA,NA,NA,NA,NA
64,"B_long","ridge_linear",100,0,2,0.3,0.3,0.05,NA,0.48,500,0.591597659790272,0.61472339280235,0.493732419481622,0.0231257330120784,-0.0978652403086494,0.00261485104419772,0.00447988893875678,NA,NA,0.47806,NA,NA,0.000434,0.405906,NA,NA,NA,NA,NA,NA,NA,NA
65,"B_long","ridge_linear",100,0,5,0.3,0.3,0.05,NA,0.48,500,0.574634342941081,0.651562092937093,0.512351860143776,0.0769277499960112,-0.0622824827973054,0.00221500604439335,0.00397693547953546,NA,NA,0.4825,NA,NA,0.91967,0.999284,NA,NA,NA,NA,NA,NA,NA,NA
66,"B_long","ridge_linear",100,0,2,0.7,0.3,0.05,NA,0.48,500,0.59695642532005,0.624207678220308,0.541024203446776,0.0272512529002576,-0.0559322218732739,0.00233574192389325,0.00396171887232417,NA,NA,0.4813,NA,NA,0.00039,0.410464,NA,NA,NA,NA,NA,NA,NA,NA
67,"B_long","ridge_linear",100,0,5,0.7,0.3,0.05,NA,0.48,500,0.576582368818096,0.658158068274644,0.538779035137822,0.0815756994565484,-0.0378033336802738,0.00223439368429435,0.0037407036614337,NA,NA,0.4844,NA,NA,0.92045,0.99932,NA,NA,NA,NA,NA,NA,NA,NA
68,"B_long","ridge_linear",100,0,2,0.9,0.3,0.05,NA,0.48,500,0.598476182898559,0.625540711056061,0.549320971593299,0.0270645281575025,-0.0491552113052599,0.00225682073080749,0.0037281919602615,NA,NA,0.47776,NA,NA,0.00028,0.409104,NA,NA,NA,NA,NA,NA,NA,NA
69,"B_long","ridge_linear",100,0,5,0.9,0.3,0.05,NA,0.48,500,0.575679841366763,0.659225787337886,0.542213961374544,0.083545945971123,-0.033465879992219,0.0021688499430602,0.00358270624894165,NA,NA,0.48046,NA,NA,0.919468,0.999192,NA,NA,NA,NA,NA,NA,NA,NA
70,"B_long","ridge_linear",100,0,2,0.3,0.7,0.05,NA,0.48,500,0.595557740275502,0.622157558627768,0.515972913906705,0.0265998183522659,-0.0795848263687969,0.00238356850747403,0.00421640070965311,NA,NA,0.48066,NA,NA,0.000434,0.408766,NA,NA,NA,NA,NA,NA,NA,NA
71,"B_long","ridge_linear",100,0,5,0.3,0.7,0.05,NA,0.48,500,0.577056329505992,0.65325699830197,0.517732022346462,0.0762006687959786,-0.0593243071595298,0.00224736770960624,0.00391795172329849,NA,NA,0.48166,NA,NA,0.92138,0.999372,NA,NA,NA,NA,NA,NA,NA,NA
72,"B_long","ridge_linear",100,0,2,0.7,0.7,0.05,NA,0.48,500,0.595409662582227,0.628184184022444,0.548269600478925,0.0327745214402176,-0.0471400621033021,0.00236804093056117,0.00396918870120664,NA,NA,0.47638,NA,NA,0.000404,0.405824,NA,NA,NA,NA,NA,NA,NA,NA
73,"B_long","ridge_linear",100,0,5,0.7,0.7,0.05,NA,0.48,500,0.574605173438139,0.65193214726984,0.523881577622102,0.0773269738317016,-0.0507235958160372,0.00219092393891278,0.00402002355808989,NA,NA,0.47622,NA,NA,0.920918,0.99934,NA,NA,NA,NA,NA,NA,NA,NA
74,"B_long","ridge_linear",100,0,2,0.9,0.7,0.05,NA,0.48,500,0.595389817983634,0.62441620186848,0.548271139477256,0.0290263838848463,-0.0471186785063773,0.00232520617759898,0.00380610887444934,NA,NA,0.48132,NA,NA,0.000324,0.407922,NA,NA,NA,NA,NA,NA,NA,NA
75,"B_long","ridge_linear",100,0,5,0.9,0.7,0.05,NA,0.48,500,0.573121949133483,0.65719627368312,0.537864952659865,0.0840743245496373,-0.0352569964736183,0.00216936399233472,0.00364428979507493,NA,NA,0.4789,NA,NA,0.917274,0.99942,NA,NA,NA,NA,NA,NA,NA,NA
76,"B_long","ridge_linear",100,0,2,0.3,0.3,0.15,NA,0.48,500,0.684634696018137,0.699029207655114,0.623746565970698,0.0143945116369763,-0.0608881300474397,0.00237855255025687,0.00362583366324248,NA,NA,0.48232,NA,NA,0.000432,0.408986,NA,NA,NA,NA,NA,NA,NA,NA
77,"B_long","ridge_linear",100,0,5,0.3,0.3,0.15,NA,0.48,500,0.665027081831562,0.715394833008414,0.611473932707646,0.0503677511768522,-0.0535531491239156,0.00221499885363525,0.00356672666789455,NA,NA,0.4801,NA,NA,0.919956,0.99935,NA,NA,NA,NA,NA,NA,NA,NA
78,"B_long","ridge_linear",100,0,2,0.7,0.3,0.15,NA,0.48,500,0.684987972783236,0.701298166647406,0.654375584864708,0.0163101938641701,-0.0306123879185279,0.0021966419186444,0.00280121066324922,NA,NA,0.47818,NA,NA,0.000348,0.40689,NA,NA,NA,NA,NA,NA,NA,NA
79,"B_long","ridge_linear",100,0,5,0.7,0.3,0.15,NA,0.48,500,0.663298368733515,0.718553732610771,0.631855719517225,0.0552553638772561,-0.0314426492162901,0.00220603416710392,0.00322187835943808,NA,NA,0.481,NA,NA,0.918814,0.999388,NA,NA,NA,NA,NA,NA,NA,NA
80,"B_long","ridge_linear",100,0,2,0.9,0.3,0.15,NA,0.48,500,0.685891242493546,0.698268669816056,0.654307273236149,0.0123774273225099,-0.0315839692573962,0.00220701815933149,0.00291939450707313,NA,NA,0.48178,NA,NA,0.000432,0.408982,NA,NA,NA,NA,NA,NA,NA,NA
81,"B_long","ridge_linear",100,0,5,0.9,0.3,0.15,NA,0.48,500,0.664144092269427,0.720157213310246,0.638374558408323,0.0560131210408195,-0.0257695338611031,0.00212135575572688,0.00296040049875622,NA,NA,0.48084,NA,NA,0.920248,0.999592,NA,NA,NA,NA,NA,NA,NA,NA
82,"B_long","ridge_linear",100,0,2,0.3,0.7,0.15,NA,0.48,500,0.685384926052022,0.698982586517057,0.63617460835892,0.0135976604650343,-0.0492103176931018,0.00237066147296654,0.00329992806067428,NA,NA,0.47768,NA,NA,0.000352,0.406778,NA,NA,NA,NA,NA,NA,NA,NA
83,"B_long","ridge_linear",100,0,5,0.3,0.7,0.15,NA,0.48,500,0.665110890975382,0.720181879418166,0.624132974625516,0.0550709884427839,-0.0409779163498661,0.00223737608051051,0.00341758206203004,NA,NA,0.47694,NA,NA,0.918062,0.999388,NA,NA,NA,NA,NA,NA,NA,NA
84,"B_long","ridge_linear",100,0,2,0.7,0.7,0.15,NA,0.48,500,0.68548622629766,0.696025668045881,0.648680358522622,0.0105394417482203,-0.0368058677750378,0.00232171769368872,0.00304085036958898,NA,NA,0.48252,NA,NA,0.000362,0.412014,NA,NA,NA,NA,NA,NA,NA,NA
85,"B_long","ridge_linear",100,0,5,0.7,0.7,0.15,NA,0.48,500,0.66674530674208,0.727787819028235,0.644791260443252,0.0610425122861552,-0.0219540462988278,0.00222617137992818,0.00318480947601842,NA,NA,0.4807,NA,NA,0.918692,0.999316,NA,NA,NA,NA,NA,NA,NA,NA
86,"B_long","ridge_linear",100,0,2,0.9,0.7,0.15,NA,0.48,500,0.685590137440215,0.701508980002736,0.657324738803778,0.0159188425625204,-0.0282653986364377,0.00232895570024972,0.00305626039801983,NA,NA,0.4782,NA,NA,0.000482,0.40867,NA,NA,NA,NA,NA,NA,NA,NA
87,"B_long","ridge_linear",100,0,5,0.9,0.7,0.15,NA,0.48,500,0.663964012304964,0.719044009259346,0.632925754413555,0.0550799969543818,-0.0310382578914095,0.00221139318506735,0.00325537576251449,NA,NA,0.47498,NA,NA,0.919812,0.999468,NA,NA,NA,NA,NA,NA,NA,NA
88,"B_long","ridge_linear",100,0,2,0.3,0.3,0.3,NA,0.48,500,0.763735460705997,0.773919058089194,0.7247007659379,0.0101835973831966,-0.0390346947680969,0.00211323026163821,0.00275096484240011,NA,NA,0.48228,NA,NA,0.00043,0.408244,NA,NA,NA,NA,NA,NA,NA,NA
89,"B_long","ridge_linear",100,0,5,0.3,0.3,0.3,NA,0.48,500,0.749063193917333,0.781921103012408,0.704108515107455,0.0328579090950746,-0.0449546788098784,0.00211239470083141,0.00302175351206249,NA,NA,0.48246,NA,NA,0.919186,0.999328,NA,NA,NA,NA,NA,NA,NA,NA
90,"B_long","ridge_linear",100,0,2,0.7,0.3,0.3,NA,0.48,500,0.763850013220356,0.773011552240949,0.741235289960118,0.00916153902059386,-0.0226147232602375,0.00200576044247057,0.00238080215566661,NA,NA,0.47822,NA,NA,0.000296,0.409342,NA,NA,NA,NA,NA,NA,NA,NA
91,"B_long","ridge_linear",100,0,5,0.7,0.3,0.3,NA,0.48,500,0.749704500335854,0.789687682673375,0.72755028849055,0.0399831823375217,-0.0221542118453039,0.00205776230090881,0.00271985957865214,NA,NA,0.47888,NA,NA,0.917864,0.999384,NA,NA,NA,NA,NA,NA,NA,NA
92,"B_long","ridge_linear",100,0,2,0.9,0.3,0.3,NA,0.48,500,0.763811965628933,0.774444609937813,0.745793818332416,0.0106326443088793,-0.0180181472965174,0.00209853037064589,0.00241094137501674,NA,NA,0.47936,NA,NA,0.00049,0.410938,NA,NA,NA,NA,NA,NA,NA,NA
93,"B_long","ridge_linear",100,0,5,0.9,0.3,0.3,NA,0.48,500,0.749374993098113,0.78808293140826,0.728529990057714,0.038707938310147,-0.020845003040399,0.00205181217729419,0.0026178842060775,NA,NA,0.4807,NA,NA,0.920944,0.9995,NA,NA,NA,NA,NA,NA,NA,NA
94,"B_long","ridge_linear",100,0,2,0.3,0.7,0.3,NA,0.48,500,0.763263229585874,0.774658849415696,0.731278388983274,0.0113956198298216,-0.0319848406026006,0.00201517681249396,0.00254682481428813,NA,NA,0.48054,NA,NA,0.000394,0.40888,NA,NA,NA,NA,NA,NA,NA,NA
95,"B_long","ridge_linear",100,0,5,0.3,0.7,0.3,NA,0.48,500,0.747701509838935,0.787032412715375,0.718079723128035,0.0393309028764398,-0.0296217867109007,0.00200325297258202,0.00281084347140137,NA,NA,0.48382,NA,NA,0.921592,0.99928,NA,NA,NA,NA,NA,NA,NA,NA
96,"B_long","ridge_linear",100,0,2,0.7,0.7,0.3,NA,0.48,500,0.764762777969594,0.772972312975975,0.741723011259591,0.00820953500638189,-0.0230397667100027,0.00212007885381072,0.00245529839423057,NA,NA,0.48076,NA,NA,0.000546,0.408228,NA,NA,NA,NA,NA,NA,NA,NA
97,"B_long","ridge_linear",100,0,5,0.7,0.7,0.3,NA,0.48,500,0.748768247221985,0.784999554504584,0.723053736604984,0.0362313072825993,-0.0257145106170011,0.00199797490257864,0.00262069764039002,NA,NA,0.48204,NA,NA,0.919686,0.999336,NA,NA,NA,NA,NA,NA,NA,NA
98,"B_long","ridge_linear",100,0,2,0.9,0.7,0.3,NA,0.48,500,0.764208193898683,0.771617832618605,0.742115142570828,0.00740963871992187,-0.0220930513278548,0.00203583529078613,0.00230583053952423,NA,NA,0.47986,NA,NA,0.000388,0.409346,NA,NA,NA,NA,NA,NA,NA,NA
99,"B_long","ridge_linear",100,0,5,0.9,0.7,0.3,NA,0.48,500,0.749296193551219,0.789044657493015,0.728517502551023,0.0397484639417964,-0.0207786910001962,0.00212231245882277,0.00277488394759426,NA,NA,0.4822,NA,NA,0.920282,0.999492,NA,NA,NA,NA,NA,NA,NA,NA
100,"B_long","ridge_linear",200,0,2,0.3,0.3,0.05,NA,0.48,500,0.60503290631556,0.616299910062469,0.552679240094587,0.0112670037469096,-0.0523536662209727,0.00173707023677839,0.00278908366329171,NA,NA,0.47955,NA,NA,0,0.13493,NA,NA,NA,NA,NA,NA,NA,NA
101,"B_long","ridge_linear",200,0,5,0.3,0.3,0.05,NA,0.48,500,0.591642035614476,0.630229792813364,0.54386459761172,0.0385877571988883,-0.0477774380027554,0.00161379042490381,0.00261013785040247,NA,NA,0.47879,NA,NA,0.835387,0.99853,NA,NA,NA,NA,NA,NA,NA,NA
102,"B_long","ridge_linear",200,0,2,0.7,0.3,0.05,NA,0.48,500,0.604673730760644,0.617285278142349,0.57368801546367,0.0126115473817048,-0.0309857152969739,0.00170640765431647,0.00249061510553967,NA,NA,0.47965,NA,NA,0,0.134476,NA,NA,NA,NA,NA,NA,NA,NA
103,"B_long","ridge_linear",200,0,5,0.7,0.3,0.05,NA,0.48,500,0.58961323540276,0.632768356380462,0.560387834471748,0.0431551209777016,-0.0292254009310119,0.00165715398215878,0.00256830128167969,NA,NA,0.47926,NA,NA,0.835517,0.998634,NA,NA,NA,NA,NA,NA,NA,NA
104,"B_long","ridge_linear",200,0,2,0.9,0.3,0.05,NA,0.48,500,0.605725791240853,0.622723996159405,0.585011721282989,0.0169982049185518,-0.0207140699578641,0.00173580196000611,0.00237342836868234,NA,NA,0.48126,NA,NA,0,0.133999,NA,NA,NA,NA,NA,NA,NA,NA
105,"B_long","ridge_linear",200,0,5,0.9,0.3,0.05,NA,0.48,500,0.58977696283529,0.634416361434019,0.56531812953599,0.0446393985987282,-0.0244588332992998,0.00161311126767918,0.00244303879846393,NA,NA,0.47885,NA,NA,0.834719,0.99839,NA,NA,NA,NA,NA,NA,NA,NA
106,"B_long","ridge_linear",200,0,2,0.3,0.7,0.05,NA,0.48,500,0.605595670422781,0.620254541828087,0.565305602010238,0.0146588714053055,-0.0402900684125432,0.00170622950366218,0.00260418056271613,NA,NA,0.4791,NA,NA,0,0.134837,NA,NA,NA,NA,NA,NA,NA,NA
107,"B_long","ridge_linear",200,0,5,0.3,0.7,0.05,NA,0.48,500,0.589399087408135,0.632392015364695,0.551411401850306,0.0429929279565603,-0.0379876855578289,0.00166044611826073,0.00263066989228333,NA,NA,0.47948,NA,NA,0.833197,0.998355,NA,NA,NA,NA,NA,NA,NA,NA
108,"B_long","ridge_linear",200,0,2,0.7,0.7,0.05,NA,0.48,500,0.605929767794266,0.619294709006543,0.576285926396112,0.0133649412122768,-0.0296438413981549,0.00174313647391141,0.00248120589991429,NA,NA,0.47712,NA,NA,0,0.134431,NA,NA,NA,NA,NA,NA,NA,NA
109,"B_long","ridge_linear",200,0,5,0.7,0.7,0.05,NA,0.48,500,0.590597673780943,0.635956920449005,0.564715629675215,0.045359246668062,-0.0258820441057275,0.00155923407759765,0.00241703267115647,NA,NA,0.48261,NA,NA,0.834542,0.998178,NA,NA,NA,NA,NA,NA,NA,NA
110,"B_long","ridge_linear",200,0,2,0.9,0.7,0.05,NA,0.48,500,0.604821374875779,0.617683172923179,0.578659568230858,0.0128617980473995,-0.0261618066449219,0.00166440018578495,0.00229908972644748,NA,NA,0.47863,NA,NA,0,0.135703,NA,NA,NA,NA,NA,NA,NA,NA
111,"B_long","ridge_linear",200,0,5,0.9,0.7,0.05,NA,0.48,500,0.59013753112452,0.6342264640352,0.564159540433162,0.0440889329106795,-0.0259779906913585,0.0016367050327095,0.00248530761057791,NA,NA,0.47959,NA,NA,0.833785,0.998392,NA,NA,NA,NA,NA,NA,NA,NA
112,"B_long","ridge_linear",200,0,2,0.3,0.3,0.15,NA,0.48,500,0.689131397265418,0.697718950913121,0.661658644483163,0.00858755364770368,-0.0274727527822546,0.00174416940363257,0.00217957257633678,NA,NA,0.48121,NA,NA,0,0.134849,NA,NA,NA,NA,NA,NA,NA,NA
113,"B_long","ridge_linear",200,0,5,0.3,0.3,0.15,NA,0.48,500,0.678714421986364,0.707925775145111,0.653273253090291,0.0292113531587464,-0.0254411688960732,0.0017037099265901,0.00223038072724575,NA,NA,0.47852,NA,NA,0.834194,0.998432,NA,NA,NA,NA,NA,NA,NA,NA
114,"B_long","ridge_linear",200,0,2,0.7,0.3,0.15,NA,0.48,500,0.68994675380274,0.699045327538575,0.67579875357317,0.00909857373583512,-0.0141480002295703,0.00168176389261887,0.00194039410961523,NA,NA,0.4791,NA,NA,0,0.133924,NA,NA,NA,NA,NA,NA,NA,NA
115,"B_long","ridge_linear",200,0,5,0.7,0.3,0.15,NA,0.48,500,0.678225467294297,0.703921062702941,0.657678348818109,0.0256955954086435,-0.0205471184761886,0.00168549633362157,0.00213494040502092,NA,NA,0.47883,NA,NA,0.836474,0.998318,NA,NA,NA,NA,NA,NA,NA,NA
116,"B_long","ridge_linear",200,0,2,0.9,0.3,0.15,NA,0.48,500,0.68912483043138,0.699732440069035,0.678496353064609,0.0106076096376546,-0.0106284773667711,0.00160948046250794,0.00180671311134009,NA,NA,0.47728,NA,NA,0,0.134332,NA,NA,NA,NA,NA,NA,NA,NA
117,"B_long","ridge_linear",200,0,5,0.9,0.3,0.15,NA,0.48,500,0.679211205072182,0.707462185716796,0.66415592077887,0.0282509806446141,-0.0150552842933115,0.00165186433619983,0.00206612128543481,NA,NA,0.4787,NA,NA,0.834662,0.9986,NA,NA,NA,NA,NA,NA,NA,NA
118,"B_long","ridge_linear",200,0,2,0.3,0.7,0.15,NA,0.48,500,0.689631131663184,0.694564519859931,0.661727276815639,0.00493338819674654,-0.0279038548475454,0.00165137389255152,0.00203937244450651,NA,NA,0.47868,NA,NA,0,0.134967,NA,NA,NA,NA,NA,NA,NA,NA
119,"B_long","ridge_linear",200,0,5,0.3,0.7,0.15,NA,0.48,500,0.677370236317036,0.70583830558297,0.652643004391438,0.0284680692659332,-0.0247272319255987,0.00165270037840613,0.00221579444066059,NA,NA,0.47995,NA,NA,0.834506,0.9985,NA,NA,NA,NA,NA,NA,NA,NA
120,"B_long","ridge_linear",200,0,2,0.7,0.7,0.15,NA,0.48,500,0.689889603347323,0.694918073625612,0.671249423211236,0.00502847027828879,-0.0186401801360868,0.00166903978434258,0.00194125517719622,NA,NA,0.47912,NA,NA,0,0.133882,NA,NA,NA,NA,NA,NA,NA,NA
121,"B_long","ridge_linear",200,0,5,0.7,0.7,0.15,NA,0.48,500,0.67905457056044,0.709097007486005,0.664979795540814,0.0300424369255643,-0.0140747750196265,0.00156706561564874,0.00195353801920989,NA,NA,0.4754,NA,NA,0.832847,0.998336,NA,NA,NA,NA,NA,NA,NA,NA
122,"B_long","ridge_linear",200,0,2,0.9,0.7,0.15,NA,0.48,500,0.689953981052015,0.698289136602412,0.67641910256662,0.00833515555039632,-0.0135348784853954,0.00165605160956672,0.00189012122242378,NA,NA,0.4772,NA,NA,0,0.134662,NA,NA,NA,NA,NA,NA,NA,NA
123,"B_long","ridge_linear",200,0,5,0.9,0.7,0.15,NA,0.48,500,0.679012791003497,0.709774113683364,0.667220091741086,0.0307613226798672,-0.0117926992624105,0.00157721289945201,0.00194649950545899,NA,NA,0.47701,NA,NA,0.833797,0.998534,NA,NA,NA,NA,NA,NA,NA,NA
124,"B_long","ridge_linear",200,0,2,0.3,0.3,0.3,NA,0.48,500,0.767064955493374,0.771898525253855,0.747682381313955,0.00483356976048167,-0.0193825741794187,0.00147827023185002,0.00166599897719766,NA,NA,0.47983,NA,NA,0,0.134612,NA,NA,NA,NA,NA,NA,NA,NA
125,"B_long","ridge_linear",200,0,5,0.3,0.3,0.3,NA,0.48,500,0.758943559192893,0.778228636819465,0.739706197883665,0.0192850776265719,-0.019237361309228,0.00145318951551882,0.00178562009414907,NA,NA,0.4781,NA,NA,0.832222,0.998358,NA,NA,NA,NA,NA,NA,NA,NA
126,"B_long","ridge_linear",200,0,2,0.7,0.3,0.3,NA,0.48,500,0.767641515949148,0.774373864462313,0.758639079021731,0.00673234851316439,-0.0090024369274175,0.00153265832048741,0.00166830783619299,NA,NA,0.47589,NA,NA,0,0.13523,NA,NA,NA,NA,NA,NA,NA,NA
127,"B_long","ridge_linear",200,0,5,0.7,0.3,0.3,NA,0.48,500,0.759987828437072,0.778538969821843,0.747567730169877,0.0185511413847715,-0.0124200982671949,0.00147566731141712,0.00169955978379578,NA,NA,0.48228,NA,NA,0.832349,0.998334,NA,NA,NA,NA,NA,NA,NA,NA
128,"B_long","ridge_linear",200,0,2,0.9,0.3,0.3,NA,0.48,500,0.767130741286168,0.775204482402237,0.760792670118153,0.00807374111606906,-0.00633807116801492,0.00136425175716444,0.00146561618086311,NA,NA,0.47801,NA,NA,0,0.134502,NA,NA,NA,NA,NA,NA,NA,NA
129,"B_long","ridge_linear",200,0,5,0.9,0.3,0.3,NA,0.48,500,0.76010435960903,0.78017571378875,0.750257623489522,0.0200713541797197,-0.00984673611950811,0.00149576019191888,0.00169982457153915,NA,NA,0.47963,NA,NA,0.833432,0.998308,NA,NA,NA,NA,NA,NA,NA,NA
130,"B_long","ridge_linear",200,0,2,0.3,0.7,0.3,NA,0.48,500,0.767062508744613,0.772126540998808,0.751334945066642,0.00506403225419458,-0.0157275636779716,0.00149660311200018,0.00169361962233723,NA,NA,0.48415,NA,NA,0,0.134372,NA,NA,NA,NA,NA,NA,NA,NA
131,"B_long","ridge_linear",200,0,5,0.3,0.7,0.3,NA,0.48,500,0.757814972199821,0.778990748997885,0.74384281310402,0.0211757767980647,-0.0139721590958005,0.00137685368627823,0.00166605068123535,NA,NA,0.47785,NA,NA,0.834283,0.998548,NA,NA,NA,NA,NA,NA,NA,NA
132,"B_long","ridge_linear",200,0,2,0.7,0.7,0.3,NA,0.48,500,0.767474007952001,0.771707276973581,0.75587069242956,0.00423326902157998,-0.0116033155224416,0.00150103254860926,0.00161188387839584,NA,NA,0.47913,NA,NA,0,0.135376,NA,NA,NA,NA,NA,NA,NA,NA
133,"B_long","ridge_linear",200,0,5,0.7,0.7,0.3,NA,0.48,500,0.760063081521207,0.778847649936166,0.7479952261838,0.0187845684149584,-0.012067855337407,0.00150245239851574,0.00174452087800275,NA,NA,0.47912,NA,NA,0.832455,0.998488,NA,NA,NA,NA,NA,NA,NA,NA
134,"B_long","ridge_linear",200,0,2,0.9,0.7,0.3,NA,0.48,500,0.767206072502417,0.771615853454962,0.756996453115443,0.00440978095254554,-0.0102096193869738,0.00145711374266703,0.00155467966519092,NA,NA,0.47814,NA,NA,0,0.135012,NA,NA,NA,NA,NA,NA,NA,NA
135,"B_long","ridge_linear",200,0,5,0.9,0.7,0.3,NA,0.48,500,0.759357385334957,0.777423968019684,0.746899175554186,0.0180665826847276,-0.0124582097807707,0.00146603367338983,0.00170421011549729,NA,NA,0.48032,NA,NA,0.832757,0.998462,NA,NA,NA,NA,NA,NA,NA,NA
136,"C_mixed","ridge_linear",50,2,2,0.3,0.3,0.05,"fixed_dominant",0.48,500,0.563385566744234,0.661818117357301,0.491433742199493,0.0984325506130671,-0.0719518245447406,0.00318569371711546,0.00600440692397082,0.03144,0.70204,0.478,0.03144,0.70204,0.029812,0.701584,0.860948,0.997984,0.00078,0.492056,0.060472,0.911568,0.800476,0.086416
137,"C_mixed","ridge_linear",50,5,2,0.3,0.3,0.05,"fixed_dominant",0.48,500,0.544407771747918,0.714055811100593,0.502784512256765,0.169648039352674,-0.0416232594911534,0.00300739344324384,0.0054389511872774,0.96432,0.99984,0.4786,0.96432,0.99984,0.029568,0.703764,0.998472,1,0.02858,0.703636,0.965308,0.999968,0.033164,3.2e-05
138,"C_mixed","ridge_linear",50,5,5,0.3,0.3,0.05,"fixed_dominant",0.48,500,0.547741297866013,0.73695155443114,0.496917722729119,0.189210256565127,-0.0508235751368947,0.00280895381272934,0.00538083963398342,0.96532,0.99984,0.47488,0.96532,0.99984,0.964972,0.999856,0.999944,1,0.931564,0.999696,0.998728,1,0.001216,0
139,"C_mixed","ridge_linear",50,10,5,0.3,0.3,0.05,"fixed_dominant",0.48,500,0.531205891292816,0.800211887181829,0.502239751626863,0.269005995889013,-0.0289661396659531,0.00269317977716819,0.00532578165111546,1,1,0.48128,1,1,0.96556,0.999808,1,1,0.96556,0.999808,1,1,0,0
140,"C_mixed","ridge_linear",50,2,2,0.7,0.3,0.05,"fixed_dominant",0.48,500,0.56891545441759,0.680766071206855,0.512607210240203,0.111850616789265,-0.0563082441773863,0.00292874431829267,0.00511305005054329,0.02908,0.69928,0.48452,0.02908,0.69928,0.028804,0.706332,0.857604,0.99764,0.001012,0.49536,0.056872,0.910252,0.800732,0.087388
141,"C_mixed","ridge_linear",50,5,2,0.7,0.3,0.05,"fixed_dominant",0.48,500,0.551645297338713,0.727251261535059,0.506111310679161,0.175605964196346,-0.0455339866595516,0.00301816854669429,0.00550554922819259,0.96772,0.99992,0.4828,0.96772,0.99992,0.028972,0.70528,0.997552,1,0.028116,0.705232,0.968576,0.999968,0.028976,3.2e-05
142,"C_mixed","ridge_linear",50,5,5,0.7,0.3,0.05,"fixed_dominant",0.48,500,0.546320832697006,0.76878307423469,0.513833479233828,0.222462241537684,-0.0324873534631786,0.00282547094500612,0.00528420874147316,0.96252,0.99992,0.47716,0.96252,0.99992,0.96426,0.999832,0.999976,1,0.928392,0.999752,0.998388,1,0.001588,0
143,"C_mixed","ridge_linear",50,10,5,0.7,0.3,0.05,"fixed_dominant",0.48,500,0.535135894115333,0.82955127815907,0.513423826084791,0.294415384043737,-0.0217120680305421,0.0026853868379912,0.00479199823239511,1,1,0.48236,1,1,0.965056,0.999808,1,1,0.965056,0.999808,1,1,0,0
144,"C_mixed","ridge_linear",50,2,2,0.3,0.7,0.05,"fixed_dominant",0.48,500,0.561307341561462,0.668248866026472,0.497429694998743,0.106941524465011,-0.0638776465627188,0.00299498174263489,0.00549261787439371,0.03012,0.70596,0.47772,0.03012,0.70596,0.029116,0.70522,0.85952,0.99796,0.000964,0.49772,0.058272,0.91346,0.801248,0.0845
145,"C_mixed","ridge_linear",50,5,2,0.3,0.7,0.05,"fixed_dominant",0.48,500,0.549219116673872,0.714484013485655,0.49848944118395,0.165264896811783,-0.0507296754899221,0.00299749285968642,0.00571512811497371,0.96556,1,0.47648,0.96556,1,0.029932,0.703984,0.998232,1,0.028852,0.703984,0.96664,1,0.031592,0
146,"C_mixed","ridge_linear",50,5,5,0.3,0.7,0.05,"fixed_dominant",0.48,500,0.544056965015943,0.741934001597833,0.499737500029198,0.197877036581889,-0.0443194649867453,0.00283662517650579,0.00557188799805455,0.96528,1,0.47756,0.96528,1,0.965568,0.999888,0.99992,1,0.932204,0.999888,0.998644,1,0.001276,0
147,"C_mixed","ridge_linear",50,10,5,0.3,0.7,0.05,"fixed_dominant",0.48,500,0.534155464912071,0.805070029905218,0.504053681117601,0.270914564993147,-0.0301017837944701,0.00255611894256871,0.00496850743023185,1,1,0.4858,1,1,0.9648,0.999904,1,1,0.9648,0.999904,1,1,0,0
148,"C_mixed","ridge_linear",50,2,2,0.7,0.7,0.05,"fixed_dominant",0.48,500,0.566861169555041,0.676643937475277,0.500099241528795,0.109782767920236,-0.0667619280262457,0.00309877323681456,0.00558699204028069,0.02884,0.70064,0.47276,0.02884,0.70064,0.031112,0.7009,0.864068,0.998128,0.000816,0.491236,0.059136,0.910304,0.804932,0.087824
149,"C_mixed","ridge_linear",50,5,2,0.7,0.7,0.05,"fixed_dominant",0.48,500,0.551057157541446,0.729943960596425,0.513994920346306,0.178886803054979,-0.03706223719514,0.00281817110255426,0.00504386006010614,0.96524,1,0.48136,0.96524,1,0.03078,0.70368,0.998192,1,0.029608,0.70368,0.966412,1,0.03178,0
150,"C_mixed","ridge_linear",50,5,5,0.7,0.7,0.05,"fixed_dominant",0.48,500,0.547198825187587,0.767927723045903,0.507534226726008,0.220728897858316,-0.0396645984615789,0.00275891214706628,0.0052887543186509,0.96512,0.99992,0.48124,0.96512,0.99992,0.966372,0.99988,0.999936,1,0.932544,0.9998,0.998948,1,0.000988,0
151,"C_mixed","ridge_linear",50,10,5,0.7,0.7,0.05,"fixed_dominant",0.48,500,0.534285162276166,0.828436881399197,0.505885825174883,0.294151719123031,-0.0283993371012829,0.00270996907382251,0.00512232387509658,1,1,0.48288,1,1,0.967336,0.999936,1,1,0.967336,0.999936,1,1,0,0
152,"C_mixed","ridge_linear",50,2,2,0.3,0.3,0.15,"fixed_dominant",0.48,500,0.651596560030052,0.716941925610442,0.595056071016412,0.06534536558039,-0.0565404890136396,0.00297258173550606,0.00488349998217175,0.02912,0.703,0.47864,0.02912,0.703,0.028632,0.704184,0.862932,0.998232,0.000836,0.493776,0.056916,0.913408,0.806016,0.084824
153,"C_mixed","ridge_linear",50,5,2,0.3,0.3,0.15,"fixed_dominant",0.48,500,0.618560513855614,0.760565203784172,0.585091190983572,0.142004689928558,-0.0334693228720426,0.00280612807961555,0.00490025654766824,0.96588,0.99952,0.47276,0.96588,0.99952,0.029748,0.700664,0.997912,0.999992,0.028692,0.700344,0.966936,0.99984,0.030976,0.000152
154,"C_mixed","ridge_linear",50,5,5,0.3,0.3,0.15,"fixed_dominant",0.48,500,0.614857207317218,0.77216156939275,0.570833739427863,0.157304362075532,-0.0440234678893547,0.00273711227340872,0.00509996235330866,0.96428,0.99992,0.4828,0.96428,0.99992,0.965276,0.999832,0.999968,1,0.930856,0.999752,0.9987,1,0.001268,0
155,"C_mixed","ridge_linear",50,10,5,0.3,0.3,0.15,"fixed_dominant",0.48,500,0.587817290617451,0.830377361691049,0.558370188857512,0.242560071073598,-0.0294471017599391,0.00265324073008787,0.00500828514593689,0.99992,1,0.47604,0.99992,1,0.965356,0.999848,1,1,0.965284,0.999848,0.999992,1,8e-06,0
156,"C_mixed","ridge_linear",50,2,2,0.7,0.3,0.15,"fixed_dominant",0.48,500,0.655668382155963,0.734799177067994,0.608453468546994,0.0791307949120306,-0.0472149136089691,0.00295898977539859,0.00471490840283136,0.0296,0.69716,0.47756,0.0296,0.69716,0.029632,0.708816,0.856628,0.997792,0.000868,0.495188,0.058364,0.910788,0.798264,0.087004
157,"C_mixed","ridge_linear",50,5,2,0.7,0.3,0.15,"fixed_dominant",0.48,500,0.629228424986526,0.776412816538414,0.593252028092037,0.147184391551889,-0.0359763968944884,0.00291126028710784,0.00483088143314718,0.96468,0.99976,0.47968,0.96468,0.99976,0.029744,0.70146,0.99736,1,0.028748,0.70128,0.965676,0.99994,0.031684,6e-05
158,"C_mixed","ridge_linear",50,5,5,0.7,0.3,0.15,"fixed_dominant",0.48,500,0.619596311307711,0.807870993795848,0.586619576956831,0.188274682488137,-0.0329767343508793,0.00271183041515758,0.00467908857961659,0.96716,1,0.48036,0.96716,1,0.96798,0.999864,0.999912,1,0.936024,0.999864,0.999116,1,0.000796,0
159,"C_mixed","ridge_linear",50,10,5,0.7,0.3,0.15,"fixed_dominant",0.48,500,0.591518927952863,0.855825375566827,0.561118057462126,0.264306447613964,-0.030400870490737,0.00293490103967029,0.00509926842689486,1,1,0.479,1,1,0.963532,0.99984,1,1,0.963532,0.99984,1,1,0,0
160,"C_mixed","ridge_linear",50,2,2,0.3,0.7,0.15,"fixed_dominant",0.48,500,0.652976374463064,0.716451578815742,0.591835588881855,0.0634752043526781,-0.0611407855812085,0.0029397410194996,0.0050920035491795,0.02928,0.7054,0.47848,0.02928,0.7054,0.028964,0.701904,0.857204,0.997888,0.000848,0.496224,0.057396,0.91108,0.799808,0.086808
161,"C_mixed","ridge_linear",50,5,2,0.3,0.7,0.15,"fixed_dominant",0.48,500,0.624142036740795,0.761224727288463,0.582162110233489,0.137082690547668,-0.0419799265073061,0.00298861929830849,0.0051426135824001,0.9658,0.99992,0.4816,0.9658,0.99992,0.031084,0.7005,0.997984,1,0.029872,0.700464,0.967012,0.999956,0.030972,4.4e-05
162,"C_mixed","ridge_linear",50,5,5,0.3,0.7,0.15,"fixed_dominant",0.48,500,0.619644038969529,0.778746093179014,0.572559401067642,0.159102054209485,-0.047084637901887,0.00274029618505796,0.00487457199364845,0.96576,0.99976,0.48332,0.96576,0.99976,0.96644,0.999816,1,1,0.933424,0.999576,0.998776,1,0.001224,0
163,"C_mixed","ridge_linear",50,10,5,0.3,0.7,0.15,"fixed_dominant",0.48,500,0.59249305373095,0.832374495967592,0.551668568855682,0.239881442236642,-0.0408244848752681,0.00267137335979294,0.00506388384483522,1,1,0.48128,1,1,0.966548,0.999792,1,1,0.966548,0.999792,1,1,0,0
164,"C_mixed","ridge_linear",50,2,2,0.7,0.7,0.15,"fixed_dominant",0.48,500,0.655376585134732,0.730328560546181,0.596830658914648,0.0749519754114496,-0.0585459262200839,0.00323416746135048,0.00531856601690499,0.02848,0.70004,0.48244,0.02848,0.70004,0.030096,0.704392,0.860356,0.997624,0.000636,0.495284,0.05794,0.909148,0.802416,0.088476
165,"C_mixed","ridge_linear",50,5,2,0.7,0.7,0.15,"fixed_dominant",0.48,500,0.627167517341587,0.772275702138948,0.586545147876143,0.145108184797361,-0.0406223694654446,0.00291512609616532,0.00504736842949827,0.96476,0.99976,0.47748,0.96476,0.99976,0.0278,0.704936,0.998152,1,0.026656,0.7048,0.965904,0.999896,0.032248,0.000104
166,"C_mixed","ridge_linear",50,5,5,0.7,0.7,0.15,"fixed_dominant",0.48,500,0.616029225985925,0.802063994230633,0.578188749793358,0.186034768244708,-0.0378404761925667,0.00292550345048439,0.00479397367476105,0.96284,1,0.47616,0.96284,1,0.962912,0.999744,0.99996,1,0.927008,0.999744,0.998744,1,0.001216,0
167,"C_mixed","ridge_linear",50,10,5,0.7,0.7,0.15,"fixed_dominant",0.48,500,0.591947109668438,0.856404334497748,0.55736992784667,0.26445722482931,-0.0345771818217673,0.00296061856887124,0.00526104107494472,1,1,0.48404,1,1,0.966332,0.999888,1,1,0.966332,0.999888,1,1,0,0
168,"C_mixed","ridge_linear",50,2,2,0.3,0.3,0.3,"fixed_dominant",0.48,500,0.734721270360185,0.770069316405692,0.679007054242098,0.0353480460455071,-0.0557142161180868,0.0029314704480316,0.00439795933515514,0.03016,0.70112,0.48356,0.03016,0.70112,0.029944,0.702332,0.858228,0.997752,0.000972,0.492316,0.059132,0.911136,0.799096,0.086616
169,"C_mixed","ridge_linear",50,5,2,0.3,0.3,0.3,"fixed_dominant",0.48,500,0.698484464343677,0.805200390109546,0.656387941939136,0.106715925765869,-0.0420965224045413,0.00300760835071746,0.00480949701371108,0.9612,0.99976,0.48144,0.9612,0.99976,0.0283,0.70362,0.998184,1,0.027252,0.703424,0.962248,0.999956,0.035936,4.4e-05
170,"C_mixed","ridge_linear",50,5,5,0.3,0.3,0.3,"fixed_dominant",0.48,500,0.694791601751997,0.821692663505537,0.656251584407633,0.12690106175354,-0.0385400173443636,0.00278055908692848,0.00463080799940833,0.96512,0.99984,0.48268,0.96512,0.99984,0.964092,0.999832,0.999968,1,0.930536,0.999672,0.998676,1,0.001292,0
171,"C_mixed","ridge_linear",50,10,5,0.3,0.3,0.3,"fixed_dominant",0.48,500,0.65646883848236,0.865264742626943,0.622061850684233,0.208795904144583,-0.0344069877981267,0.0028931106116005,0.00494404263511549,1,1,0.47768,1,1,0.96488,0.999792,1,1,0.96488,0.999792,1,1,0,0
172,"C_mixed","ridge_linear",50,2,2,0.7,0.3,0.3,"fixed_dominant",0.48,500,0.739785633170335,0.792647340723982,0.699030161972079,0.052861707553647,-0.0407554711982566,0.00291372086806348,0.00424126640966628,0.03096,0.70528,0.48048,0.03096,0.70528,0.02888,0.705688,0.856472,0.997736,0.000796,0.496792,0.059044,0.914176,0.797428,0.08356
173,"C_mixed","ridge_linear",50,5,2,0.7,0.3,0.3,"fixed_dominant",0.48,500,0.712219597858558,0.826404640613783,0.672973082189134,0.114185042755224,-0.0392465156694246,0.00257311104253202,0.00414706607436623,0.96448,0.99992,0.47872,0.96448,0.99992,0.03,0.702292,0.998504,1,0.029012,0.70224,0.965468,0.999972,0.033036,2.8e-05
174,"C_mixed","ridge_linear",50,5,5,0.7,0.3,0.3,"fixed_dominant",0.48,500,0.700784378385516,0.850489737916851,0.665081079125483,0.149705359531335,-0.0357032992600335,0.002671855289153,0.0044567366970145,0.96392,0.99992,0.47412,0.96392,0.99992,0.966688,0.999808,0.99996,1,0.931996,0.999728,0.998612,1,0.001348,0
175,"C_mixed","ridge_linear",50,10,5,0.7,0.3,0.3,"fixed_dominant",0.48,500,0.662894321523399,0.886510989160203,0.618633397159826,0.223616667636805,-0.0442609243635726,0.00276192104383192,0.00466887706546016,1,1,0.47936,1,1,0.966212,0.999808,1,1,0.966212,0.999808,1,1,0,0
176,"C_mixed","ridge_linear",50,2,2,0.3,0.7,0.3,"fixed_dominant",0.48,500,0.735824894646792,0.780893291917306,0.689371606624795,0.0450683972705148,-0.0464532880219966,0.00292908246683367,0.00440980126089395,0.02972,0.69996,0.48,0.02972,0.69996,0.030484,0.699932,0.855848,0.997936,0.000756,0.490632,0.059448,0.90926,0.7964,0.088676
177,"C_mixed","ridge_linear",50,5,2,0.3,0.7,0.3,"fixed_dominant",0.48,500,0.700520731442569,0.808237764035518,0.659870323618599,0.10771703259295,-0.0406504078239693,0.0028410377650035,0.00462157731225631,0.96464,0.99984,0.47908,0.96464,0.99984,0.029408,0.699336,0.997864,1,0.028308,0.699196,0.96574,0.99998,0.032124,2e-05
178,"C_mixed","ridge_linear",50,5,5,0.3,0.7,0.3,"fixed_dominant",0.48,500,0.698686105828624,0.825838119720054,0.65619084768991,0.12715201389143,-0.0424952581387143,0.00264984676383712,0.00447222916981234,0.96748,0.99968,0.47904,0.96748,0.99968,0.965508,0.999816,1,1,0.933996,0.999496,0.998992,1,0.001008,0
179,"C_mixed","ridge_linear",50,10,5,0.3,0.7,0.3,"fixed_dominant",0.48,500,0.661854444447933,0.870000532798015,0.61787359333797,0.208146088350082,-0.0439808511099632,0.00272748564849522,0.00486003410128635,1,1,0.4768,1,1,0.965788,0.999864,1,1,0.965788,0.999864,1,1,0,0
180,"C_mixed","ridge_linear",50,2,2,0.7,0.7,0.3,"fixed_dominant",0.48,500,0.74016390199042,0.79553907167901,0.69864041458165,0.0553751696885898,-0.0415234874087702,0.00277082162241708,0.00412113459320173,0.02928,0.708,0.48,0.02928,0.708,0.029336,0.703892,0.857428,0.998056,0.000824,0.498116,0.057792,0.913776,0.799636,0.08428
181,"C_mixed","ridge_linear",50,5,2,0.7,0.7,0.3,"fixed_dominant",0.48,500,0.711848720061612,0.827411857159271,0.676023945775003,0.115563137097658,-0.0358247742866094,0.00284259767367682,0.00453844003932601,0.9632,0.99968,0.47796,0.9632,0.99968,0.02832,0.703332,0.99776,1,0.02748,0.703088,0.96404,0.999924,0.03372,7.6e-05
182,"C_mixed","ridge_linear",50,5,5,0.7,0.7,0.3,"fixed_dominant",0.48,500,0.702136764052076,0.850826135768264,0.666401010164699,0.148689371716188,-0.0357357538873776,0.00262869141309023,0.00439198949032468,0.9694,0.99984,0.48084,0.9694,0.99984,0.962872,0.999816,0.999984,1,0.933408,0.999656,0.998864,1,0.00112,0
183,"C_mixed","ridge_linear",50,10,5,0.7,0.7,0.3,"fixed_dominant",0.48,500,0.664389818838865,0.891748599083024,0.623663274383761,0.227358780244158,-0.0407265444551045,0.00266455734763359,0.00464436044423997,1,1,0.4858,1,1,0.965576,0.999856,1,1,0.965576,0.999856,1,1,0,0
184,"C_mixed","ridge_linear",50,2,2,0.3,0.3,0.05,"long_dominant",0.48,500,0.554458017126903,0.655367102904202,0.467848733402774,0.100909085777299,-0.0866092837241289,0.00285079299646613,0.00580669775186411,0.02868,0.70604,0.4792,0.02868,0.70604,0.030236,0.703268,0.859424,0.998216,0.000972,0.496264,0.057944,0.913044,0.80148,0.085172
185,"C_mixed","ridge_linear",50,5,2,0.3,0.3,0.05,"long_dominant",0.48,500,0.534069208229633,0.709270474103493,0.48736351960152,0.17520126587386,-0.0467056886281132,0.00275371060025843,0.00529548159372441,0.9646,1,0.48364,0.9646,1,0.029456,0.704264,0.997688,1,0.02832,0.704264,0.965736,1,0.031952,0
186,"C_mixed","ridge_linear",50,5,5,0.3,0.3,0.05,"long_dominant",0.48,500,0.530912420555764,0.737233027516944,0.49798567381283,0.20632060696118,-0.0329267467429343,0.00271186043334851,0.00545746489459669,0.96468,0.99992,0.48592,0.96468,0.99992,0.966396,0.999752,1,1,0.93206,0.999672,0.999016,1,0.000984,0
187,"C_mixed","ridge_linear",50,10,5,0.3,0.3,0.05,"long_dominant",0.48,500,0.523120187260256,0.79650627979202,0.490331226390519,0.273386092531764,-0.0327889608697369,0.00252430099337097,0.0049793868020211,1,1,0.48316,1,1,0.9654,0.999832,1,1,0.9654,0.999832,1,1,0,0
188,"C_mixed","ridge_linear",50,2,2,0.7,0.3,0.05,"long_dominant",0.48,500,0.557213707597817,0.677446422227481,0.496577758752605,0.120232714629664,-0.0606359488452113,0.00314335274478695,0.00586784414648479,0.02848,0.70628,0.47816,0.02848,0.70628,0.028836,0.70198,0.857816,0.997976,0.000868,0.49612,0.056448,0.91214,0.801368,0.085836
189,"C_mixed","ridge_linear",50,5,2,0.7,0.3,0.05,"long_dominant",0.48,500,0.542685067119664,0.731015180117893,0.511917857551621,0.188330112998229,-0.0307672095680435,0.00272824578958386,0.00507536948417414,0.968,0.99984,0.47656,0.968,0.99984,0.0296,0.698968,0.99816,1,0.02882,0.698848,0.96878,0.99996,0.02938,4e-05
190,"C_mixed","ridge_linear",50,5,5,0.7,0.3,0.05,"long_dominant",0.48,500,0.538196076116804,0.763552030694348,0.499317616807882,0.225355954577545,-0.0388784593089221,0.00283578935754999,0.00535295221979682,0.96648,0.99984,0.4762,0.96648,0.99984,0.96462,0.99984,1,1,0.932108,0.99968,0.998992,1,0.001008,0
191,"C_mixed","ridge_linear",50,10,5,0.7,0.3,0.05,"long_dominant",0.48,500,0.528222903061178,0.826556001832105,0.500217813805708,0.298333098770927,-0.0280050892554701,0.00272856242495108,0.00508747358182407,0.99992,1,0.48564,0.99992,1,0.96706,0.999792,1,1,0.96698,0.999792,1,1,0,0
192,"C_mixed","ridge_linear",50,2,2,0.3,0.7,0.05,"long_dominant",0.48,500,0.552561926805253,0.668428064247294,0.486975954147754,0.115866137442041,-0.0655859726574991,0.00298470876979819,0.00595360084927554,0.0298,0.70536,0.47936,0.0298,0.70536,0.030232,0.700872,0.861576,0.997968,0.000908,0.4925,0.059124,0.913732,0.802452,0.084236
193,"C_mixed","ridge_linear",50,5,2,0.3,0.7,0.05,"long_dominant",0.48,500,0.536631707912616,0.714803493365835,0.490786765938459,0.178171785453219,-0.0458449419741571,0.00276892339656096,0.00535520629806701,0.96652,0.99984,0.47912,0.96652,0.99984,0.030084,0.705616,0.998224,1,0.029056,0.70556,0.967548,0.999896,0.030676,0.000104
194,"C_mixed","ridge_linear",50,5,5,0.3,0.7,0.05,"long_dominant",0.48,500,0.533476534815251,0.742139586298619,0.491911286216472,0.208663051483368,-0.0415652485987791,0.00281539180407075,0.00549575878418833,0.964,0.99976,0.4798,0.964,0.99976,0.964784,0.999816,0.999992,1,0.930216,0.999576,0.998568,1,0.001424,0
195,"C_mixed","ridge_linear",50,10,5,0.3,0.7,0.05,"long_dominant",0.48,500,0.523203736355507,0.802857540758587,0.491240232898395,0.279653804403079,-0.0319635034571126,0.00252870558768781,0.00513455641033328,0.99984,1,0.4778,0.99984,1,0.964168,0.999816,1,1,0.964016,0.999816,0.999992,1,8e-06,0
196,"C_mixed","ridge_linear",50,2,2,0.7,0.7,0.05,"long_dominant",0.48,500,0.562822137042942,0.681268689938519,0.50294087964949,0.118446552895577,-0.0598812573934521,0.00305577175702564,0.00552952246602718,0.02972,0.70264,0.47592,0.02972,0.70264,0.030464,0.701732,0.859324,0.997992,0.000656,0.492948,0.059528,0.911424,0.799796,0.086568
197,"C_mixed","ridge_linear",50,5,2,0.7,0.7,0.05,"long_dominant",0.48,500,0.546107644192847,0.727334366706085,0.502128423053631,0.181226722513238,-0.0439792211392154,0.00289252107224093,0.00522661452190012,0.96324,0.99984,0.47724,0.96324,0.99984,0.03196,0.697684,0.998064,1,0.030924,0.697588,0.964276,0.999936,0.033788,6.4e-05
198,"C_mixed","ridge_linear",50,5,5,0.7,0.7,0.05,"long_dominant",0.48,500,0.543173418722496,0.765808542592179,0.500217973814671,0.222635123869684,-0.0429554449078241,0.00266174993675555,0.00504186010290052,0.9632,0.99984,0.48264,0.9632,0.99984,0.962884,0.999768,0.999976,1,0.927496,0.999608,0.998588,1,0.001388,0
199,"C_mixed","ridge_linear",50,10,5,0.7,0.7,0.05,"long_dominant",0.48,500,0.529229535897465,0.827770132995952,0.498988716573318,0.298540597098487,-0.0302408193241468,0.00254213001415658,0.00472069708343026,1,1,0.48236,1,1,0.965636,0.999816,1,1,0.965636,0.999816,1,1,0,0
200,"C_mixed","ridge_linear",50,2,2,0.3,0.3,0.15,"long_dominant",0.48,500,0.626100660604887,0.709394871492289,0.563553235241754,0.0832942108874012,-0.0625474253631332,0.00303883994496828,0.00550959235783963,0.02948,0.704,0.48088,0.02948,0.704,0.029692,0.70358,0.85846,0.99776,0.000876,0.495204,0.058296,0.912376,0.800164,0.085384
201,"C_mixed","ridge_linear",50,5,2,0.3,0.3,0.15,"long_dominant",0.48,500,0.591171365935408,0.744514714134468,0.539249614625863,0.153343348199061,-0.0519217513095448,0.00296659014589075,0.00527371080672372,0.96496,0.99976,0.4758,0.96496,0.99976,0.02994,0.703772,0.998064,0.999976,0.028804,0.70364,0.966096,0.999892,0.031968,8.4e-05
202,"C_mixed","ridge_linear",50,5,5,0.3,0.3,0.15,"long_dominant",0.48,500,0.587293473842804,0.762723786404498,0.537009780265416,0.175430312561694,-0.0502836935773875,0.00294220386113717,0.00547791436427752,0.96752,0.99968,0.47224,0.96752,0.99968,0.965,0.99984,1,1,0.93336,0.99952,0.99916,1,0.00084,0
203,"C_mixed","ridge_linear",50,10,5,0.3,0.3,0.15,"long_dominant",0.48,500,0.561447459249251,0.81964205014267,0.525319865729748,0.258194590893419,-0.0361275935195024,0.00261541992557331,0.00515423829019549,1,1,0.484,1,1,0.965828,0.999856,1,1,0.965828,0.999856,1,1,0,0
204,"C_mixed","ridge_linear",50,2,2,0.7,0.3,0.15,"long_dominant",0.48,500,0.645110702862422,0.732144537903508,0.590894460726686,0.0870338350410863,-0.0542162421357353,0.00296087712383939,0.00499899409267756,0.02904,0.71208,0.48228,0.02904,0.71208,0.02982,0.700836,0.859684,0.997904,0.000784,0.498876,0.058076,0.91404,0.801608,0.083864
205,"C_mixed","ridge_linear",50,5,2,0.7,0.3,0.15,"long_dominant",0.48,500,0.616418717710144,0.771895366284084,0.578060709022132,0.15547664857394,-0.0383580086880123,0.00301406052317859,0.0050603643481748,0.96748,0.99952,0.48496,0.96748,0.99952,0.029752,0.703304,0.997864,1,0.028448,0.702992,0.968784,0.999832,0.02908,0.000168
206,"C_mixed","ridge_linear",50,5,5,0.7,0.3,0.15,"long_dominant",0.48,500,0.608444398316564,0.798124430002183,0.558669678542644,0.189680031685619,-0.0497747197739201,0.00292959032717825,0.00518686051479276,0.964,0.99992,0.47836,0.964,0.99992,0.966584,0.999752,0.999928,1,0.93184,0.999672,0.998744,1,0.001184,0
207,"C_mixed","ridge_linear",50,10,5,0.7,0.3,0.15,"long_dominant",0.48,500,0.580616750318233,0.851215171723065,0.546685663454939,0.270598421404832,-0.0339310868632935,0.00277935824898127,0.00495877320236411,1,1,0.4782,1,1,0.966336,0.999784,1,1,0.966336,0.999784,1,1,0,0
208,"C_mixed","ridge_linear",50,2,2,0.3,0.7,0.15,"long_dominant",0.48,500,0.627779184940992,0.717828221807243,0.567915563797605,0.0900490368662514,-0.0598636211433866,0.0030190656158678,0.00550408445173872,0.03052,0.7006,0.47436,0.03052,0.7006,0.030364,0.702516,0.855304,0.997792,0.00104,0.492472,0.059844,0.910644,0.79546,0.087148
209,"C_mixed","ridge_linear",50,5,2,0.3,0.7,0.15,"long_dominant",0.48,500,0.595731900822304,0.753207268581691,0.551367170981979,0.157475367759387,-0.0443647298403244,0.00302557262435506,0.00533736928661321,0.96484,0.9996,0.48036,0.96484,0.9996,0.029144,0.7067,0.997696,1,0.028084,0.70638,0.9659,0.99992,0.031796,8e-05
210,"C_mixed","ridge_linear",50,5,5,0.3,0.7,0.15,"long_dominant",0.48,500,0.590057469062362,0.776343030357834,0.546233321624547,0.186285561295472,-0.0438241474378145,0.00285585076340085,0.00551379901245606,0.962,0.99968,0.48076,0.962,0.99968,0.964216,0.999816,0.999952,1,0.927516,0.999496,0.9987,1,0.001252,0
211,"C_mixed","ridge_linear",50,10,5,0.3,0.7,0.15,"long_dominant",0.48,500,0.566984082624915,0.828039653022886,0.527791569227635,0.261055570397971,-0.0391925133972799,0.0025394738865952,0.00495667937717783,1,1,0.47696,1,1,0.965764,0.999816,1,1,0.965764,0.999816,1,1,0,0
212,"C_mixed","ridge_linear",50,2,2,0.7,0.7,0.15,"long_dominant",0.48,500,0.646877482021025,0.733440335925691,0.598508165646622,0.0865628539046659,-0.0483693163744029,0.00294618013865438,0.00476389603666778,0.03076,0.6992,0.48336,0.03076,0.6992,0.029796,0.701364,0.856852,0.998136,0.00092,0.489832,0.059636,0.910732,0.797216,0.087404
213,"C_mixed","ridge_linear",50,5,2,0.7,0.7,0.15,"long_dominant",0.48,500,0.615495045875898,0.768335385824227,0.570956206948218,0.15284033994833,-0.0445388389276795,0.0028548842909062,0.00481106925517209,0.96512,0.99968,0.47764,0.96512,0.99968,0.030564,0.704468,0.998168,1,0.029648,0.704204,0.966036,0.999944,0.032132,5.6e-05
214,"C_mixed","ridge_linear",50,5,5,0.7,0.7,0.15,"long_dominant",0.48,500,0.608210491068105,0.801605656455094,0.563739280554356,0.193395165386989,-0.0444712105137488,0.00291345763678564,0.0050665051568388,0.96764,0.9996,0.47888,0.96764,0.9996,0.965312,0.999912,1,1,0.933928,0.999512,0.999024,1,0.000976,0
215,"C_mixed","ridge_linear",50,10,5,0.7,0.7,0.15,"long_dominant",0.48,500,0.583498615692799,0.85189628606808,0.544298619699481,0.26839767037528,-0.0391999959933187,0.0028150781173774,0.00504517251918597,0.99992,1,0.48184,0.99992,1,0.962596,0.999872,1,1,0.96252,0.999872,0.999996,1,4e-06,0
216,"C_mixed","ridge_linear",50,2,2,0.3,0.3,0.3,"long_dominant",0.48,500,0.702482743479627,0.762571642499912,0.644648626929168,0.060088899020285,-0.0578341165504587,0.0030390418515473,0.00498475823052077,0.03008,0.70332,0.47424,0.03008,0.70332,0.029424,0.701508,0.856896,0.997688,0.000984,0.493392,0.05852,0.911436,0.798376,0.086252
217,"C_mixed","ridge_linear",50,5,2,0.3,0.3,0.3,"long_dominant",0.48,500,0.656148805825394,0.791161013817818,0.617350785148406,0.135012207992425,-0.0387980206769872,0.00291229083451259,0.00488529274273181,0.96936,0.99976,0.48024,0.96936,0.99976,0.028644,0.703176,0.998376,1,0.027788,0.703016,0.970216,0.99992,0.02816,8e-05
218,"C_mixed","ridge_linear",50,5,5,0.3,0.3,0.3,"long_dominant",0.48,500,0.647476627715081,0.801304520798761,0.597710805978548,0.15382789308368,-0.0497658217365329,0.00290105328708497,0.00518642274150103,0.96672,0.99992,0.47492,0.96672,0.99992,0.963916,0.999736,0.999992,1,0.9319,0.999656,0.998736,1,0.001256,0
219,"C_mixed","ridge_linear",50,10,5,0.3,0.3,0.3,"long_dominant",0.48,500,0.610425146491847,0.84968554893406,0.566953382792427,0.239260402442213,-0.0434717636994205,0.00282009767897351,0.00517450860740593,0.99992,1,0.47312,0.99992,1,0.96542,0.999768,1,1,0.96534,0.999768,1,1,0,0
220,"C_mixed","ridge_linear",50,2,2,0.7,0.3,0.3,"long_dominant",0.48,500,0.732207872621328,0.800513653060395,0.696746973876239,0.0683057804390667,-0.0354608987450888,0.00282359217445852,0.00418777359307953,0.03136,0.69908,0.48,0.03136,0.69908,0.029384,0.705756,0.858284,0.9982,0.000636,0.492048,0.060108,0.912788,0.798176,0.085412
221,"C_mixed","ridge_linear",50,5,2,0.7,0.3,0.3,"long_dominant",0.48,500,0.698453889355015,0.825748296622875,0.664032747550054,0.12729440726786,-0.0344211418049602,0.00288853780143672,0.00466329544576632,0.9656,0.99984,0.47712,0.9656,0.99984,0.029416,0.6994,0.998384,1,0.028328,0.699256,0.966688,0.999984,0.031696,1.6e-05
222,"C_mixed","ridge_linear",50,5,5,0.7,0.3,0.3,"long_dominant",0.48,500,0.68151362809521,0.845040144551729,0.640000915889741,0.163526516456519,-0.0415127122054692,0.00281929925600611,0.00493648836197518,0.96756,0.99984,0.48116,0.96756,0.99984,0.96602,0.999832,0.999984,1,0.934616,0.999672,0.998964,1,0.00102,0
223,"C_mixed","ridge_linear",50,10,5,0.7,0.3,0.3,"long_dominant",0.48,500,0.646782540223636,0.890345876586984,0.611352370246391,0.243563336363348,-0.0354301699772458,0.00270370612020993,0.00472644504105173,1,1,0.47928,1,1,0.965656,0.99984,1,1,0.965656,0.99984,1,1,0,0
224,"C_mixed","ridge_linear",50,2,2,0.3,0.7,0.3,"long_dominant",0.48,500,0.708531714132832,0.771332938718687,0.652611892228523,0.0628012245858557,-0.0559198219043088,0.0030469077775447,0.00491324495532126,0.03072,0.70732,0.48436,0.03072,0.70732,0.029228,0.701336,0.85604,0.997752,0.000852,0.497444,0.059096,0.911212,0.796944,0.08654
225,"C_mixed","ridge_linear",50,5,2,0.3,0.7,0.3,"long_dominant",0.48,500,0.66783569569094,0.796776053461877,0.619720393585003,0.128940357770937,-0.0481153021059376,0.00273562705639535,0.00477041044803354,0.96608,1,0.47812,0.96608,1,0.029888,0.707112,0.998672,1,0.029016,0.707112,0.966952,1,0.03172,0
226,"C_mixed","ridge_linear",50,5,5,0.3,0.7,0.3,"long_dominant",0.48,500,0.660413488590841,0.817103563246178,0.612604017366552,0.156690074655337,-0.047809471224289,0.00271856656132352,0.00488070136448646,0.96504,0.99976,0.4792,0.96504,0.99976,0.964648,0.999864,0.999976,1,0.930932,0.999624,0.998756,1,0.00122,0
227,"C_mixed","ridge_linear",50,10,5,0.3,0.7,0.3,"long_dominant",0.48,500,0.620108620591928,0.855274013023749,0.573460232708447,0.235165392431821,-0.0466483878834815,0.0026552463987071,0.00488646343646676,1,1,0.47856,1,1,0.964896,0.999824,1,1,0.964896,0.999824,1,1,0,0
228,"C_mixed","ridge_linear",50,2,2,0.7,0.7,0.3,"long_dominant",0.48,500,0.732159611728167,0.795910149011471,0.691773745373921,0.0637505372833033,-0.0403858663542466,0.00289063399057807,0.00432073986227364,0.0308,0.7092,0.48156,0.0308,0.7092,0.02918,0.707884,0.855888,0.997848,0.00086,0.502284,0.05912,0.9148,0.796768,0.083048
229,"C_mixed","ridge_linear",50,5,2,0.7,0.7,0.3,"long_dominant",0.48,500,0.699347417809921,0.822448429792485,0.659207078489268,0.123101011982565,-0.0401403393206524,0.00274482333752595,0.00446661187420611,0.96296,0.99976,0.481,0.96296,0.99976,0.031044,0.70242,0.997504,1,0.029764,0.702184,0.96424,0.999996,0.033264,4e-06
230,"C_mixed","ridge_linear",50,5,5,0.7,0.7,0.3,"long_dominant",0.48,500,0.685772097244828,0.850938203067431,0.652287261422715,0.165166105822603,-0.0334848358221136,0.00273069029921225,0.00470013436114329,0.96672,0.99968,0.48276,0.96672,0.99968,0.96464,0.999968,0.999968,1,0.932612,0.999648,0.998748,1,0.00122,0
231,"C_mixed","ridge_linear",50,10,5,0.7,0.7,0.3,"long_dominant",0.48,500,0.650219090711829,0.89142585627102,0.613196840294117,0.241206765559191,-0.0370222504177116,0.00290464878108741,0.00498817302726728,1,1,0.48132,1,1,0.967052,0.999776,1,1,0.967052,0.999776,1,1,0,0
232,"C_mixed","ridge_linear",50,2,2,0.3,0.3,0.05,"balanced",0.48,500,0.5590195613025,0.660957068337138,0.480393486239135,0.101937507034638,-0.0786260750633645,0.00291683051767976,0.00586381357307089,0.02848,0.7024,0.48444,0.02848,0.7024,0.030172,0.704204,0.85822,0.998128,0.000968,0.494684,0.057684,0.91192,0.800536,0.086208
233,"C_mixed","ridge_linear",50,5,2,0.3,0.3,0.05,"balanced",0.48,500,0.540331599061756,0.709360490562267,0.491059372359986,0.169028891500511,-0.04927222670177,0.00279174874326468,0.00532168078635302,0.96112,0.99984,0.47948,0.96112,0.99984,0.02922,0.706212,0.998192,1,0.028152,0.706108,0.962188,0.999944,0.036004,5.6e-05
234,"C_mixed","ridge_linear",50,5,5,0.3,0.3,0.05,"balanced",0.48,500,0.540025526444215,0.738103927971922,0.497623156832678,0.198078401527708,-0.0424023696115369,0.00276829714981563,0.00553879363136985,0.96644,1,0.48,0.96644,1,0.965516,0.999744,1,1,0.93306,0.999744,0.998896,1,0.001104,0
235,"C_mixed","ridge_linear",50,10,5,0.3,0.3,0.05,"balanced",0.48,500,0.527805815136689,0.795201777071484,0.490164151729322,0.267395961934795,-0.0376416634073672,0.00257678650188048,0.00514489233151642,1,1,0.48388,1,1,0.964744,0.9998,1,1,0.964744,0.9998,1,1,0,0
236,"C_mixed","ridge_linear",50,2,2,0.7,0.3,0.05,"balanced",0.48,500,0.564873009987174,0.683856038237205,0.507240073176951,0.118983028250032,-0.0576329368102228,0.00307500508066318,0.00569409766739169,0.03068,0.703,0.48232,0.03068,0.703,0.029608,0.70276,0.859452,0.9978,0.001148,0.493328,0.05914,0.912432,0.800312,0.085368
237,"C_mixed","ridge_linear",50,5,2,0.7,0.3,0.05,"balanced",0.48,500,0.546477949997913,0.728522389435375,0.506999070800403,0.182044439437462,-0.0394788791975095,0.00283401795324919,0.00533034706244976,0.96364,0.99984,0.48464,0.96364,0.99984,0.030064,0.704944,0.998016,1,0.02916,0.70484,0.964544,0.999944,0.033472,5.6e-05
238,"C_mixed","ridge_linear",50,5,5,0.7,0.3,0.05,"balanced",0.48,500,0.542894405637202,0.767070762003128,0.513109035454564,0.224176356365927,-0.0297853701826371,0.00300720796219636,0.00542895606458082,0.96592,1,0.4818,0.96592,1,0.965424,0.999816,0.999976,1,0.932252,0.999816,0.999092,1,0.000884,0
239,"C_mixed","ridge_linear",50,10,5,0.7,0.3,0.05,"balanced",0.48,500,0.532600724934038,0.825764938833119,0.500283099730796,0.293164213899081,-0.0323176252032416,0.00263253376525287,0.0048854723905002,1,1,0.48104,1,1,0.964752,0.999776,1,1,0.964752,0.999776,1,1,0,0
240,"C_mixed","ridge_linear",50,2,2,0.3,0.7,0.05,"balanced",0.48,500,0.561176477226116,0.668321746166773,0.497633033217522,0.107145268940657,-0.0635434440085934,0.00287818902276706,0.00533973811324951,0.03,0.70404,0.48116,0.03,0.70404,0.028944,0.70144,0.859332,0.997776,0.001024,0.493336,0.05792,0.912144,0.801412,0.085632
241,"C_mixed","ridge_linear",50,5,2,0.3,0.7,0.05,"balanced",0.48,500,0.541644585392904,0.713343131997811,0.495779053500949,0.171698546604907,-0.0458655318919554,0.00285096210573243,0.00514742845764785,0.96572,0.99984,0.479,0.96572,0.99984,0.030076,0.7013,0.998456,1,0.029024,0.701168,0.966772,0.999972,0.031684,2.8e-05
242,"C_mixed","ridge_linear",50,5,5,0.3,0.7,0.05,"balanced",0.48,500,0.538623032184701,0.742858124501474,0.495840672777379,0.204235092316773,-0.0427823594073213,0.00282213655560692,0.00525341802274138,0.96784,0.99992,0.4766,0.96784,0.99992,0.9643,0.999856,0.999992,1,0.933144,0.999776,0.998996,1,0.000996,0
243,"C_mixed","ridge_linear",50,10,5,0.3,0.7,0.05,"balanced",0.48,500,0.529634906528151,0.80975619148755,0.501118053292739,0.280121284959399,-0.0285168532354126,0.00260709511351117,0.00506554226785425,1,1,0.48136,1,1,0.965484,0.999832,1,1,0.965484,0.999832,1,1,0,0
244,"C_mixed","ridge_linear",50,2,2,0.7,0.7,0.05,"balanced",0.48,500,0.561856037100436,0.682109502906729,0.504384384997612,0.120253465806293,-0.0574716521028239,0.00294225841404813,0.00552067609000511,0.02916,0.70132,0.47948,0.02916,0.70132,0.028484,0.702168,0.863644,0.998136,0.00096,0.492756,0.056684,0.910732,0.80696,0.087404
245,"C_mixed","ridge_linear",50,5,2,0.7,0.7,0.05,"balanced",0.48,500,0.548905027192723,0.734933106879778,0.51854308137388,0.186028079687054,-0.0303619458188431,0.00293081997613813,0.0051894974854056,0.96704,0.99992,0.481,0.96704,0.99992,0.029176,0.7012,0.998912,1,0.028312,0.70116,0.967904,0.99996,0.031008,4e-05
246,"C_mixed","ridge_linear",50,5,5,0.7,0.7,0.05,"balanced",0.48,500,0.539873391727138,0.765683675075302,0.505596725219675,0.225810283348164,-0.0342766665074633,0.00272544171112974,0.00498442259105001,0.96304,0.99968,0.47984,0.96304,0.99968,0.968564,0.999712,1,1,0.932748,0.999392,0.998856,1,0.001144,0
247,"C_mixed","ridge_linear",50,10,5,0.7,0.7,0.05,"balanced",0.48,500,0.532092721346446,0.827194617868709,0.502480440784725,0.295101896522263,-0.0296122805617213,0.00268046328793225,0.00520309951388199,1,1,0.4868,1,1,0.962316,0.999768,1,1,0.962316,0.999768,1,1,0,0
248,"C_mixed","ridge_linear",50,2,2,0.3,0.3,0.15,"balanced",0.48,500,0.641279178701824,0.706818570933633,0.571685893388426,0.0655393922318086,-0.0695932853133982,0.00301257177726426,0.00522806914820635,0.03044,0.70356,0.48344,0.03044,0.70356,0.0302,0.705076,0.85844,0.998432,0.000824,0.495952,0.059816,0.912684,0.798624,0.085748
249,"C_mixed","ridge_linear",50,5,2,0.3,0.3,0.15,"balanced",0.48,500,0.602787674235007,0.742920814263948,0.547181830477978,0.140133140028941,-0.0556058437570288,0.00294732267873443,0.00519532710510096,0.96488,1,0.48068,0.96488,1,0.029744,0.703436,0.99784,1,0.028696,0.703436,0.965928,1,0.031912,0
250,"C_mixed","ridge_linear",50,5,5,0.3,0.3,0.15,"balanced",0.48,500,0.603148055412216,0.76944885969654,0.555956636737146,0.166300804284323,-0.0471914186750706,0.00288598410031231,0.00538961863830829,0.96508,1,0.48096,0.96508,1,0.966,0.999792,0.999912,1,0.93208,0.999792,0.999,1,0.000912,0
251,"C_mixed","ridge_linear",50,10,5,0.3,0.3,0.15,"balanced",0.48,500,0.575374911513296,0.819742843165366,0.531391189015472,0.24436793165207,-0.0439837224978246,0.00272221236769797,0.0052223116591712,1,1,0.485,1,1,0.96628,0.999896,1,1,0.96628,0.999896,1,1,0,0
252,"C_mixed","ridge_linear",50,2,2,0.7,0.3,0.15,"balanced",0.48,500,0.648812897622375,0.735793415942459,0.60497194917388,0.0869805183200844,-0.0438409484484943,0.00301179086356902,0.0049545024192621,0.03132,0.70456,0.47972,0.03132,0.70456,0.02946,0.701024,0.856172,0.997576,0.001116,0.493976,0.059664,0.911608,0.796508,0.085968
253,"C_mixed","ridge_linear",50,5,2,0.7,0.3,0.15,"balanced",0.48,500,0.623612633341725,0.769222551805178,0.575563992105511,0.145609918463453,-0.0480486412362139,0.00287663775734843,0.0049987735464757,0.9648,0.99992,0.48296,0.9648,0.99992,0.029208,0.703916,0.998016,1,0.028224,0.703872,0.965784,0.999964,0.032232,3.6e-05
254,"C_mixed","ridge_linear",50,5,5,0.7,0.3,0.15,"balanced",0.48,500,0.60939733581911,0.798604206785707,0.569739553595428,0.189206870966598,-0.0396577822236815,0.00276290982118093,0.00489060488427264,0.96344,0.99984,0.47984,0.96344,0.99984,0.964768,0.99988,0.99996,1,0.92944,0.99972,0.998768,1,0.001192,0
255,"C_mixed","ridge_linear",50,10,5,0.7,0.3,0.15,"balanced",0.48,500,0.587601635823543,0.855507721546323,0.557241437458512,0.26790608572278,-0.0303601983650315,0.0028147833846485,0.00496354224078478,1,1,0.4828,1,1,0.966424,0.999752,1,1,0.966424,0.999752,1,1,0,0
256,"C_mixed","ridge_linear",50,2,2,0.3,0.7,0.15,"balanced",0.48,500,0.64201772070204,0.719443676762995,0.586164278441477,0.0774259560609554,-0.0558534422605629,0.00296209969299439,0.00492065367409997,0.02936,0.69676,0.48216,0.02936,0.69676,0.029484,0.706048,0.85858,0.997896,0.000832,0.492124,0.058012,0.910684,0.800568,0.087212
257,"C_mixed","ridge_linear",50,5,2,0.3,0.7,0.15,"balanced",0.48,500,0.611401233005473,0.753792108472474,0.559331899226838,0.142390875467001,-0.0520693337786351,0.00288973173841585,0.00520126838581211,0.96656,1,0.47656,0.96656,1,0.029356,0.705104,0.998456,1,0.028492,0.705104,0.967424,1,0.031032,0
258,"C_mixed","ridge_linear",50,5,5,0.3,0.7,0.15,"balanced",0.48,500,0.603247043442689,0.778205042224807,0.562868398918924,0.174957998782118,-0.0403786445237648,0.00275592416392382,0.00491352563805974,0.96456,0.99976,0.48188,0.96456,0.99976,0.96694,0.999944,0.999976,1,0.932672,0.999704,0.998828,1,0.001148,0
259,"C_mixed","ridge_linear",50,10,5,0.3,0.7,0.15,"balanced",0.48,500,0.579247262812339,0.833196333623367,0.544057887023712,0.253949070811028,-0.0351893757886273,0.00262243835508369,0.00494207231566905,1,1,0.48492,1,1,0.96732,0.999832,1,1,0.96732,0.999832,1,1,0,0
260,"C_mixed","ridge_linear",50,2,2,0.7,0.7,0.15,"balanced",0.48,500,0.650842205277512,0.736276016212849,0.603724007203849,0.0854338109353366,-0.0471181980736629,0.00300227866549766,0.00497711705058236,0.0292,0.69948,0.48212,0.0292,0.69948,0.029024,0.698388,0.85506,0.9974,0.000808,0.48958,0.057416,0.908288,0.797644,0.089112
261,"C_mixed","ridge_linear",50,5,2,0.7,0.7,0.15,"balanced",0.48,500,0.624867466364631,0.769539653774141,0.576048243985387,0.14467218740951,-0.0488192223792445,0.00299982121140977,0.00499801136611254,0.9636,1,0.47932,0.9636,1,0.02852,0.70448,0.998096,1,0.027476,0.70448,0.964644,1,0.033452,0
262,"C_mixed","ridge_linear",50,5,5,0.7,0.7,0.15,"balanced",0.48,500,0.611943938146742,0.804545464652053,0.575947867737439,0.192601526505311,-0.0359960704093036,0.00273568688255515,0.0045970100576808,0.96564,0.99984,0.47332,0.96564,0.99984,0.964224,0.999872,1,1,0.93094,0.999712,0.998924,1,0.001076,0
263,"C_mixed","ridge_linear",50,10,5,0.7,0.7,0.15,"balanced",0.48,500,0.591331316697802,0.857704286212316,0.559831669212745,0.266372969514513,-0.0314996474850569,0.00277539231018078,0.00513790764498844,0.99992,1,0.4814,0.99992,1,0.964512,0.999928,1,1,0.964468,0.999928,0.999964,1,3.6e-05,0
264,"C_mixed","ridge_linear",50,2,2,0.3,0.3,0.3,"balanced",0.48,500,0.715787057077786,0.768830116662442,0.669604050443982,0.053043059584656,-0.0461830066338037,0.00259078493481059,0.00405356401233272,0.03076,0.69876,0.48068,0.03076,0.69876,0.029496,0.698936,0.858428,0.998048,0.000796,0.488076,0.05946,0.90962,0.798968,0.088428
265,"C_mixed","ridge_linear",50,5,2,0.3,0.3,0.3,"balanced",0.48,500,0.678973424716288,0.795205698102185,0.634843021182953,0.116232273385897,-0.0441304035333346,0.00297475127754528,0.00472243375931282,0.96376,0.99984,0.48116,0.96376,0.99984,0.029652,0.701088,0.997856,1,0.028652,0.700968,0.96476,0.99996,0.033096,4e-05
266,"C_mixed","ridge_linear",50,5,5,0.3,0.3,0.3,"balanced",0.48,500,0.674100750344139,0.808612279447313,0.624029613487451,0.134511529103174,-0.0500711368566875,0.00279560362985324,0.00497148657484321,0.96536,0.99992,0.48412,0.96536,0.99992,0.965524,0.999896,1,1,0.9319,0.999816,0.998984,1,0.001016,0
267,"C_mixed","ridge_linear",50,10,5,0.3,0.3,0.3,"balanced",0.48,500,0.63379546925532,0.855836031212304,0.598670428529713,0.222040561956984,-0.0351250407256065,0.00274783620530814,0.00487559888009867,1,1,0.4786,1,1,0.964324,0.999864,1,1,0.964324,0.999864,1,1,0,0
268,"C_mixed","ridge_linear",50,2,2,0.7,0.3,0.3,"balanced",0.48,500,0.736351950784496,0.797597481480556,0.699038514561304,0.0612455306960602,-0.0373134362231927,0.00278494220471521,0.00410534083452025,0.02936,0.70528,0.4816,0.02936,0.70528,0.02878,0.70254,0.858816,0.998496,0.000968,0.495672,0.057172,0.912148,0.801644,0.086348
269,"C_mixed","ridge_linear",50,5,2,0.7,0.3,0.3,"balanced",0.48,500,0.704374655211159,0.822590791185134,0.666795225573107,0.118216135973975,-0.0375794296380522,0.00283941498489428,0.00448540656262318,0.9672,0.99976,0.4776,0.9672,0.99976,0.028864,0.70186,0.998264,1,0.027888,0.701648,0.968176,0.999972,0.030088,2.8e-05
270,"C_mixed","ridge_linear",50,5,5,0.7,0.3,0.3,"balanced",0.48,500,0.690369236874716,0.850364493960186,0.661375268666429,0.159995257085469,-0.0289939682082874,0.00263813037770252,0.00437080536498215,0.96308,0.99992,0.47724,0.96308,0.99992,0.96452,0.999776,0.999992,1,0.928752,0.999696,0.998848,1,0.001144,0
271,"C_mixed","ridge_linear",50,10,5,0.7,0.3,0.3,"balanced",0.48,500,0.656354031152197,0.891933462298059,0.626173057024451,0.235579431145862,-0.030180974127746,0.00277252849811192,0.00497224542990864,1,1,0.48396,1,1,0.964784,0.999832,1,1,0.964784,0.999832,1,1,0,0
272,"C_mixed","ridge_linear",50,2,2,0.3,0.7,0.3,"balanced",0.48,500,0.721302139758954,0.777811001666239,0.678780860890237,0.0565088619072848,-0.0425212788687166,0.00268661039066878,0.00420717268658067,0.03016,0.70444,0.4776,0.03016,0.70444,0.029508,0.701932,0.862576,0.997968,0.000668,0.49426,0.059,0.912112,0.803576,0.085856
273,"C_mixed","ridge_linear",50,5,2,0.3,0.7,0.3,"balanced",0.48,500,0.684607899261676,0.806398830192462,0.647583426642066,0.121790930930786,-0.0370244726196104,0.00284931039582165,0.00458659844595569,0.96388,0.99992,0.48304,0.96388,0.99992,0.029896,0.703284,0.99784,1,0.028744,0.703228,0.965032,0.999976,0.032808,2.4e-05
274,"C_mixed","ridge_linear",50,5,5,0.3,0.7,0.3,"balanced",0.48,500,0.677589797456242,0.818993364633861,0.631816714866902,0.141403567177619,-0.0457730825893393,0.00272901103211253,0.00457791223177702,0.96564,0.9996,0.47692,0.96564,0.9996,0.964888,0.999808,1,1,0.931632,0.999408,0.998896,1,0.001104,0
275,"C_mixed","ridge_linear",50,10,5,0.3,0.7,0.3,"balanced",0.48,500,0.64209932757412,0.866477288401821,0.601188565420299,0.224377960827701,-0.0409107621538204,0.00279904786997004,0.00503809695266944,0.99992,1,0.48424,0.99992,1,0.966044,0.999824,1,1,0.965972,0.999824,0.999992,1,8e-06,0
276,"C_mixed","ridge_linear",50,2,2,0.7,0.7,0.3,"balanced",0.48,500,0.734526195013123,0.797319336536221,0.698142351561326,0.0627931415230985,-0.0363838434517965,0.00271785734699768,0.00404135402688596,0.02908,0.70252,0.47964,0.02908,0.70252,0.02988,0.70458,0.857276,0.997592,0.000848,0.496128,0.058112,0.910972,0.799164,0.08662
277,"C_mixed","ridge_linear",50,5,2,0.7,0.7,0.3,"balanced",0.48,500,0.704933787137628,0.823073006964807,0.664299551202865,0.118139219827178,-0.040634235934763,0.00301931292868776,0.00478860069889782,0.96516,0.99992,0.47716,0.96516,0.99992,0.030832,0.706768,0.998168,1,0.029816,0.706728,0.966176,0.99996,0.031992,4e-05
278,"C_mixed","ridge_linear",50,5,5,0.7,0.7,0.3,"balanced",0.48,500,0.689763396129462,0.848934544908196,0.653964688471171,0.159171148778734,-0.0357987076582908,0.00284995348303198,0.00481540315462898,0.96644,0.99992,0.48208,0.96644,0.99992,0.964316,0.99984,0.999968,1,0.932008,0.99976,0.998748,1,0.00122,0
279,"C_mixed","ridge_linear",50,10,5,0.7,0.7,0.3,"balanced",0.48,500,0.653866783265804,0.899367944209984,0.631622071893911,0.24550116094418,-0.0222447113718926,0.00283733088270676,0.00484552169501229,1,1,0.47784,1,1,0.965516,0.99976,1,1,0.965516,0.99976,1,1,0,0
280,"C_mixed","ridge_linear",100,2,2,0.3,0.3,0.05,"fixed_dominant",0.48,500,0.57907779883767,0.633137877686565,0.532903105409455,0.0540600788488946,-0.0461746934282151,0.00223625479671657,0.00389691907459729,0.00042,0.40854,0.47974,0.00042,0.40854,0.000428,0.409776,0.706172,0.992918,0,0.16678,0.000848,0.651536,0.705324,0.341382
281,"C_mixed","ridge_linear",100,5,2,0.3,0.3,0.05,"fixed_dominant",0.48,500,0.563822329944633,0.666037044933505,0.532663455968306,0.102214714988872,-0.0311588739763279,0.00213369989290183,0.003684888620657,0.9205,0.99944,0.48206,0.9205,0.99944,0.000416,0.405832,0.995316,1,0.00038,0.405614,0.920536,0.999658,0.07478,0.000342
282,"C_mixed","ridge_linear",100,5,5,0.3,0.3,0.05,"fixed_dominant",0.48,500,0.561597563640318,0.681238413509397,0.529910870716893,0.119640849869079,-0.0316866929234252,0.00200063292801186,0.00354116728861702,0.92036,0.99916,0.47946,0.92036,0.99916,0.919216,0.999316,0.999976,1,0.846126,0.998476,0.99345,1,0.006526,0
283,"C_mixed","ridge_linear",100,10,5,0.3,0.3,0.05,"fixed_dominant",0.48,500,0.547706178828368,0.719006327070612,0.521271094769829,0.171300148242244,-0.0264350840585384,0.00191113285933368,0.00353723998953139,0.99996,1,0.48134,0.99996,1,0.919098,0.999412,1,1,0.919058,0.999412,1,1,0,0
284,"C_mixed","ridge_linear",100,2,2,0.7,0.3,0.05,"fixed_dominant",0.48,500,0.58312788760733,0.646599469811805,0.54305379664806,0.0634715822044756,-0.0400740909592698,0.00225046481928191,0.00380857191702764,0.00028,0.40554,0.4805,0.00028,0.40554,0.000324,0.408114,0.70401,0.993552,0,0.164586,0.000604,0.649068,0.703406,0.344484
285,"C_mixed","ridge_linear",100,5,2,0.7,0.3,0.05,"fixed_dominant",0.48,500,0.566808411725757,0.675011473832676,0.533498712360992,0.108203062106919,-0.0333096993647649,0.00216130701610547,0.00381870410107521,0.9205,0.99952,0.47716,0.9205,0.99952,0.000438,0.409686,0.994844,1,0.00037,0.409528,0.920568,0.999678,0.074276,0.000322
286,"C_mixed","ridge_linear",100,5,5,0.7,0.3,0.05,"fixed_dominant",0.48,500,0.56292120237845,0.702359424852061,0.539319789381382,0.139438222473611,-0.0236014129970674,0.00210440715183068,0.00358533321993063,0.91782,0.99924,0.4762,0.91782,0.99924,0.918996,0.999236,0.99992,1,0.84345,0.998476,0.993366,1,0.006554,0
287,"C_mixed","ridge_linear",100,10,5,0.7,0.3,0.05,"fixed_dominant",0.48,500,0.550851718237819,0.737006083774819,0.52736483775937,0.186154365537,-0.0234868804784483,0.00201433308306232,0.00362752011025363,0.99984,1,0.47956,0.99984,1,0.921474,0.999616,1,1,0.921346,0.999616,0.999968,1,3.2e-05,0
288,"C_mixed","ridge_linear",100,2,2,0.3,0.7,0.05,"fixed_dominant",0.48,500,0.582729462593079,0.639274804645927,0.540062498455304,0.0565453420528486,-0.0426669641377749,0.00220379619861418,0.00378997319590762,0.00026,0.41064,0.48276,0.00026,0.41064,0.00039,0.407108,0.70391,0.993438,0,0.167576,0.00065,0.650172,0.70326,0.343266
289,"C_mixed","ridge_linear",100,5,2,0.3,0.7,0.05,"fixed_dominant",0.48,500,0.565120109368713,0.671146706103457,0.533242621197837,0.106026596734744,-0.0318774881708756,0.00208910533779547,0.00358016335946361,0.92064,0.99928,0.48024,0.92064,0.99928,0.000388,0.407578,0.995232,1,0.00037,0.407272,0.920658,0.999586,0.074574,0.000414
290,"C_mixed","ridge_linear",100,5,5,0.3,0.7,0.05,"fixed_dominant",0.48,500,0.561533175392362,0.690435686220786,0.535709362151797,0.128902510828424,-0.0258238132405653,0.00206263132463994,0.00375903748184241,0.92162,0.99944,0.4818,0.92162,0.99944,0.921294,0.999364,0.999888,1,0.849154,0.998804,0.99376,1,0.006128,0
291,"C_mixed","ridge_linear",100,10,5,0.3,0.7,0.05,"fixed_dominant",0.48,500,0.546458375587404,0.723916833681592,0.520654184045312,0.177458458094188,-0.0258041915420921,0.00206308355148184,0.00391045808483608,1,1,0.47776,1,1,0.920124,0.999332,1,1,0.920124,0.999332,1,1,0,0
292,"C_mixed","ridge_linear",100,2,2,0.7,0.7,0.05,"fixed_dominant",0.48,500,0.582566064678475,0.647764035095784,0.545281045986127,0.0651979704173091,-0.0372850186923483,0.00222909609754076,0.00370597256903744,0.00044,0.4083,0.48102,0.00044,0.4083,0.000372,0.409644,0.70466,0.99287,0,0.168942,0.000812,0.649002,0.703848,0.343868
293,"C_mixed","ridge_linear",100,5,2,0.7,0.7,0.05,"fixed_dominant",0.48,500,0.56530997083599,0.674029078907376,0.530965710759163,0.108719108071386,-0.0343442600768275,0.00212472243320449,0.00367001916880635,0.91866,0.99944,0.47704,0.91866,0.99944,0.000504,0.40793,0.99514,1,0.000464,0.407744,0.9187,0.999626,0.07644,0.000374
294,"C_mixed","ridge_linear",100,5,5,0.7,0.7,0.05,"fixed_dominant",0.48,500,0.561195602165938,0.703282816609261,0.537091023921143,0.142087214443323,-0.0241045782447947,0.00216610833676474,0.00388725799825785,0.91794,0.99932,0.4806,0.91794,0.99932,0.920852,0.999416,0.99988,1,0.845618,0.998736,0.993174,1,0.006706,0
295,"C_mixed","ridge_linear",100,10,5,0.7,0.7,0.05,"fixed_dominant",0.48,500,0.550173441500559,0.736818759162482,0.525861101056613,0.186645317661923,-0.0243123404439456,0.00212698686497256,0.00372204749838844,0.99996,1,0.48004,0.99996,1,0.919554,0.99938,1,1,0.919516,0.99938,0.999998,1,2e-06,0
296,"C_mixed","ridge_linear",100,2,2,0.3,0.3,0.15,"fixed_dominant",0.48,500,0.667184137244895,0.695569410368484,0.633828117308044,0.028385273123589,-0.0333560199368506,0.00214366313396145,0.00307833941533734,4e-04,0.40608,0.48266,4e-04,0.40608,0.000492,0.408546,0.70552,0.992716,0,0.167062,0.000892,0.647564,0.704628,0.345152
297,"C_mixed","ridge_linear",100,5,2,0.3,0.3,0.15,"fixed_dominant",0.48,500,0.64344833847499,0.718839994072691,0.614828832821969,0.0753916555977015,-0.0286195056530207,0.0022274845273595,0.00349084539680056,0.9191,0.99948,0.48164,0.9191,0.99948,0.000378,0.408834,0.995394,1,0.000332,0.408666,0.919146,0.999648,0.076248,0.000352
298,"C_mixed","ridge_linear",100,5,5,0.3,0.3,0.15,"fixed_dominant",0.48,500,0.641277066742738,0.730767010025616,0.616918272157119,0.0894899432828786,-0.0243587945856184,0.00198854798574513,0.00312276146120755,0.9185,0.99936,0.48046,0.9185,0.99936,0.919328,0.999304,0.999928,1,0.84434,0.998664,0.993488,1,0.00644,0
299,"C_mixed","ridge_linear",100,10,5,0.3,0.3,0.15,"fixed_dominant",0.48,500,0.619808798869644,0.760047133568318,0.592506339034383,0.140238334698674,-0.0273024598352609,0.00213247153171915,0.00351984168032545,0.99996,1,0.47714,0.99996,1,0.919858,0.999468,1,1,0.919818,0.999468,1,1,0,0
300,"C_mixed","ridge_linear",100,2,2,0.7,0.3,0.15,"fixed_dominant",0.48,500,0.672606703889374,0.715224357286843,0.648823932411077,0.0426176533974693,-0.0237827714782963,0.00217145396115042,0.00300043425794246,0.00058,0.40562,0.47754,0.00058,0.40562,0.000326,0.408014,0.706644,0.993776,0,0.16526,0.000906,0.648374,0.705738,0.345402
301,"C_mixed","ridge_linear",100,5,2,0.7,0.3,0.15,"fixed_dominant",0.48,500,0.651747433005852,0.733110219666681,0.627397805449138,0.0813627866608294,-0.0243496275567136,0.00213404658988999,0.00318499429510596,0.92076,0.99908,0.48016,0.92076,0.99908,0.000404,0.407494,0.995118,1,0.000366,0.407208,0.920798,0.999366,0.07432,0.000634
302,"C_mixed","ridge_linear",100,5,5,0.7,0.3,0.15,"fixed_dominant",0.48,500,0.644055105751274,0.748788247428516,0.620228522168262,0.104733141677242,-0.0238265835830127,0.00214058019980128,0.00331144973062841,0.91804,0.99932,0.48356,0.91804,0.99932,0.920796,0.999368,0.999932,1,0.845452,0.998692,0.993384,0.999996,0.006548,4e-06
303,"C_mixed","ridge_linear",100,10,5,0.7,0.3,0.15,"fixed_dominant",0.48,500,0.625777823869765,0.779146064754993,0.600889001623125,0.153368240885228,-0.0248888222466405,0.00204571088643057,0.00331679280009707,0.99984,1,0.47686,0.99984,1,0.920018,0.999436,1,1,0.919878,0.999436,0.99998,1,2e-05,0
304,"C_mixed","ridge_linear",100,2,2,0.3,0.7,0.15,"fixed_dominant",0.48,500,0.668440413643299,0.704171852518068,0.64147495489385,0.0357314388747697,-0.0269654587494485,0.00213920352224766,0.00305586719217224,0.00034,0.40862,0.4778,0.00034,0.40862,0.000488,0.408762,0.70443,0.993422,0,0.166664,0.000828,0.650718,0.703602,0.342704
305,"C_mixed","ridge_linear",100,5,2,0.3,0.7,0.15,"fixed_dominant",0.48,500,0.647768359940315,0.723330185446353,0.619935283819574,0.0755618255060382,-0.0278330761207406,0.00207542443982787,0.0031605497593366,0.91932,0.99944,0.47836,0.91932,0.99944,0.000456,0.408344,0.995348,0.999996,0.000414,0.408116,0.919362,0.999668,0.075986,0.000328
306,"C_mixed","ridge_linear",100,5,5,0.3,0.7,0.15,"fixed_dominant",0.48,500,0.64225173025612,0.734380439434098,0.614240600415531,0.0921287091779783,-0.0280111298405886,0.00198693694647628,0.00328199898048317,0.92092,0.99928,0.48436,0.92092,0.99928,0.920054,0.999376,0.99992,1,0.846852,0.998656,0.994122,1,0.005798,0
307,"C_mixed","ridge_linear",100,10,5,0.3,0.7,0.15,"fixed_dominant",0.48,500,0.621173515615199,0.766711407795524,0.595331649291889,0.145537892180325,-0.0258418663233108,0.00199823633635312,0.00338421140593292,0.99996,1,0.47866,0.99996,1,0.92009,0.999488,1,1,0.920056,0.999488,0.999994,1,6e-06,0
308,"C_mixed","ridge_linear",100,2,2,0.7,0.7,0.15,"fixed_dominant",0.48,500,0.672957606862962,0.71403257381184,0.645909096221804,0.0410749669488784,-0.0270485106411574,0.0021813002245753,0.00307480134056878,0.00042,0.409,0.47764,0.00042,0.409,0.00046,0.40655,0.70669,0.993456,0,0.164674,0.00088,0.650876,0.70581,0.34258
309,"C_mixed","ridge_linear",100,5,2,0.7,0.7,0.15,"fixed_dominant",0.48,500,0.654289917805482,0.733442964455809,0.627933551778203,0.0791530466503279,-0.0263563660272786,0.00216482277769305,0.00331527116998642,0.92084,0.99948,0.48038,0.92084,0.99948,0.00049,0.40696,0.99534,0.999996,0.000448,0.406764,0.920882,0.999676,0.074458,0.00032
310,"C_mixed","ridge_linear",100,5,5,0.7,0.7,0.15,"fixed_dominant",0.48,500,0.64713167783074,0.752822723684375,0.622943931669284,0.105691045853635,-0.0241877461614565,0.00213640562638699,0.00333388093985384,0.91952,0.99892,0.47708,0.91952,0.99892,0.921614,0.999444,0.999856,1,0.847344,0.998364,0.99379,1,0.006066,0
311,"C_mixed","ridge_linear",100,10,5,0.7,0.7,0.15,"fixed_dominant",0.48,500,0.624221109336041,0.779730446858267,0.601138652291361,0.155509337522226,-0.0230824570446807,0.00194186053569796,0.00323178449381176,1,1,0.4789,1,1,0.920022,0.9995,1,1,0.920022,0.9995,1,1,0,0
312,"C_mixed","ridge_linear",100,2,2,0.3,0.3,0.3,"fixed_dominant",0.48,500,0.744213479718938,0.762321212249663,0.719045682808727,0.0181077325307253,-0.0251677969102103,0.00205652874917188,0.00253132570170765,0.00034,0.40748,0.47972,0.00034,0.40748,0.000444,0.40748,0.705422,0.992788,0,0.1668,0.000784,0.64816,0.704638,0.344628
313,"C_mixed","ridge_linear",100,5,2,0.3,0.3,0.3,"fixed_dominant",0.48,500,0.723891314923958,0.77734060699397,0.699860420128813,0.0534492920700124,-0.0240308947951444,0.00210571457000355,0.00290724853980695,0.92008,0.99936,0.47766,0.92008,0.99936,0.00041,0.40898,0.995146,1,0.000374,0.408724,0.920116,0.999616,0.07503,0.000384
314,"C_mixed","ridge_linear",100,5,5,0.3,0.3,0.3,"fixed_dominant",0.48,500,0.722652665666818,0.784800177986994,0.697231266336484,0.062147512320176,-0.0254213993303333,0.0019335566909176,0.00272087637012809,0.91978,0.99948,0.47882,0.91978,0.99948,0.919478,0.999436,0.99996,1,0.846208,0.998916,0.99305,1,0.00691,0
315,"C_mixed","ridge_linear",100,10,5,0.3,0.3,0.3,"fixed_dominant",0.48,500,0.697142475754713,0.807103266401308,0.668171652069871,0.109960790646595,-0.0289708236848427,0.00209774120334865,0.00338644638053606,0.99996,1,0.48508,0.99996,1,0.91876,0.999392,1,1,0.918722,0.999392,0.999998,1,2e-06,0
316,"C_mixed","ridge_linear",100,2,2,0.7,0.3,0.3,"fixed_dominant",0.48,500,0.754952115380603,0.781784582247919,0.734886000448359,0.0268324668673156,-0.0200661149322444,0.00197902412930159,0.00248160485636799,0.00042,0.40874,0.47848,0.00042,0.40874,0.000406,0.407746,0.705996,0.992984,0,0.166612,0.000826,0.649874,0.70517,0.34311
317,"C_mixed","ridge_linear",100,5,2,0.7,0.3,0.3,"fixed_dominant",0.48,500,0.737456021723173,0.795362777553156,0.716897571968829,0.0579067558299829,-0.0205584497543444,0.00206876947984254,0.00276935844704661,0.9196,0.9994,0.48016,0.9196,0.9994,0.000358,0.410292,0.995536,1,0.000316,0.410052,0.919642,0.99964,0.075894,0.00036
318,"C_mixed","ridge_linear",100,5,5,0.7,0.3,0.3,"fixed_dominant",0.48,500,0.72920660228757,0.80886885744199,0.708904114960193,0.0796622551544194,-0.0203024873273775,0.00191633288886319,0.00281818242726172,0.92204,0.99936,0.48314,0.92204,0.99936,0.920982,0.999316,0.999936,1,0.849204,0.998676,0.993818,1,0.006118,0
319,"C_mixed","ridge_linear",100,10,5,0.7,0.3,0.3,"fixed_dominant",0.48,500,0.707594795139405,0.831029831961065,0.685975409823898,0.123435036821661,-0.0216193853155068,0.0019333942023357,0.00295533361834901,0.9998,1,0.47866,0.9998,1,0.921398,0.9994,1,1,0.921238,0.9994,0.99996,1,4e-05,0
320,"C_mixed","ridge_linear",100,2,2,0.3,0.7,0.3,"fixed_dominant",0.48,500,0.747196028672188,0.772265170778649,0.728778687076094,0.02506914210646,-0.0184173415960944,0.00216138966397982,0.00264110696803195,0.00042,0.4061,0.48182,0.00042,0.4061,0.000456,0.40832,0.702924,0.993032,0,0.16658,0.000876,0.64784,0.702048,0.345192
321,"C_mixed","ridge_linear",100,5,2,0.3,0.7,0.3,"fixed_dominant",0.48,500,0.728947351116862,0.783006242279592,0.704156677073837,0.0540588911627307,-0.0247906740430246,0.0019781847769265,0.00273432056873984,0.91936,0.9994,0.48224,0.91936,0.9994,0.000368,0.404892,0.995112,1,0.000336,0.404676,0.919392,0.999616,0.07572,0.000384
322,"C_mixed","ridge_linear",100,5,5,0.3,0.7,0.3,"fixed_dominant",0.48,500,0.725223923064698,0.794962092991161,0.703679227873699,0.0697381699264624,-0.0215446951909989,0.00196068729621344,0.00282375676237355,0.91798,0.9994,0.48286,0.91798,0.9994,0.917712,0.999412,0.999944,1,0.842392,0.998812,0.9933,1,0.006644,0
323,"C_mixed","ridge_linear",100,10,5,0.3,0.7,0.3,"fixed_dominant",0.48,500,0.700986220618259,0.816998473571956,0.68079463859794,0.116012252953698,-0.0201915820203181,0.00196877459233384,0.00308280677818436,0.99992,1,0.48128,0.99992,1,0.918968,0.999348,1,1,0.918888,0.999348,1,1,0,0
324,"C_mixed","ridge_linear",100,2,2,0.7,0.7,0.3,"fixed_dominant",0.48,500,0.754694038112139,0.782384970295479,0.734437614491209,0.0276909321833406,-0.0202564236209302,0.00202823856376171,0.00254726678198332,0.00036,0.4079,0.48548,0.00036,0.4079,0.000516,0.407442,0.708926,0.993038,0,0.165162,0.000876,0.65018,0.70805,0.342858
325,"C_mixed","ridge_linear",100,5,2,0.7,0.7,0.3,"fixed_dominant",0.48,500,0.737943024617885,0.792990647267626,0.713021157946405,0.0550476226497412,-0.0249218666714796,0.0020337414806479,0.00277875552945609,0.92066,0.99908,0.47864,0.92066,0.99908,0.000378,0.406718,0.994478,0.999988,0.000358,0.406348,0.92068,0.99945,0.073798,0.000538
326,"C_mixed","ridge_linear",100,5,5,0.7,0.7,0.3,"fixed_dominant",0.48,500,0.731519061218996,0.811865340311859,0.712070124419134,0.0803462790928631,-0.019448936799862,0.00203977787298323,0.00292341000861585,0.91932,0.99956,0.48278,0.91932,0.99956,0.918522,0.999496,0.999936,1,0.844784,0.999056,0.993058,1,0.006878,0
327,"C_mixed","ridge_linear",100,10,5,0.7,0.7,0.3,"fixed_dominant",0.48,500,0.709010842161147,0.832042379137069,0.688332696858223,0.123031536975922,-0.0206781453029231,0.00190412612451024,0.00297165432816753,0.99992,1,0.48216,0.99992,1,0.918658,0.999416,1,1,0.918578,0.999416,1,1,0,0
328,"C_mixed","ridge_linear",100,2,2,0.3,0.3,0.05,"long_dominant",0.48,500,0.568555151610051,0.631242570011995,0.51064007645549,0.0626874184019437,-0.0579150751545607,0.00215820412844067,0.00397340333849576,0.00036,0.40844,0.48046,0.00036,0.40844,0.000388,0.409364,0.705774,0.993622,0,0.16814,0.000748,0.649664,0.705026,0.343958
329,"C_mixed","ridge_linear",100,5,2,0.3,0.3,0.05,"long_dominant",0.48,500,0.549131905151397,0.659297017509636,0.507632449254334,0.11016511235824,-0.0414994558970625,0.00205410779688965,0.00380780222993552,0.92202,0.99928,0.47602,0.92202,0.99928,0.000584,0.407112,0.995324,1,0.000532,0.406826,0.922072,0.999566,0.073252,0.000434
330,"C_mixed","ridge_linear",100,5,5,0.3,0.3,0.05,"long_dominant",0.48,500,0.543768640591385,0.676580570896328,0.51285969834315,0.132811930304944,-0.030908942248234,0.00203768132728726,0.00376015411853778,0.92116,0.99956,0.47808,0.92116,0.99956,0.92117,0.999444,0.999928,1,0.848622,0.999004,0.993708,1,0.00622,0
331,"C_mixed","ridge_linear",100,10,5,0.3,0.3,0.05,"long_dominant",0.48,500,0.532424048269776,0.711949254198163,0.504099833239039,0.179525205928387,-0.0283242150307375,0.00198004730894572,0.00379761792028953,0.99992,1,0.48066,0.99992,1,0.919396,0.999332,1,1,0.919316,0.999332,1,1,0,0
332,"C_mixed","ridge_linear",100,2,2,0.7,0.3,0.05,"long_dominant",0.48,500,0.577327602705529,0.647002664877327,0.538178934431063,0.0696750621717974,-0.0391486682744663,0.00214050116575504,0.00372708969620617,0.00046,0.40948,0.48148,0.00046,0.40948,0.00046,0.410832,0.706492,0.99319,0,0.168586,0.00092,0.651726,0.705572,0.341464
333,"C_mixed","ridge_linear",100,5,2,0.7,0.3,0.05,"long_dominant",0.48,500,0.560712257414544,0.674659287147166,0.529072052873088,0.113947029732622,-0.0316402045414558,0.00217125292756425,0.00384608149615854,0.9218,0.99948,0.47886,0.9218,0.99948,0.000494,0.40787,0.995824,0.999988,0.00048,0.407648,0.921814,0.999702,0.07401,0.000286
334,"C_mixed","ridge_linear",100,5,5,0.7,0.3,0.05,"long_dominant",0.48,500,0.5542562118043,0.700176653384124,0.529428964116179,0.145920441579825,-0.0248272476881208,0.00216867939834815,0.00392177375933284,0.9187,0.99932,0.48248,0.9187,0.99932,0.919226,0.999308,0.999988,1,0.844518,0.998628,0.993408,1,0.00658,0
335,"C_mixed","ridge_linear",100,10,5,0.7,0.3,0.05,"long_dominant",0.48,500,0.544898607793771,0.735044216800793,0.519957119706134,0.190145609007021,-0.0249414880876373,0.00210820877073089,0.00383069324169029,0.99996,1,0.47942,0.99996,1,0.920074,0.999232,1,1,0.920034,0.999232,1,1,0,0
336,"C_mixed","ridge_linear",100,2,2,0.3,0.7,0.05,"long_dominant",0.48,500,0.568181739641638,0.634882308447293,0.519873197376715,0.0667005688056545,-0.0483085422649231,0.00220188554391501,0.00408240580524557,0.00048,0.40416,0.48094,0.00048,0.40416,0.000464,0.408282,0.710208,0.993136,0,0.164894,0.000944,0.647548,0.709264,0.345588
337,"C_mixed","ridge_linear",100,5,2,0.3,0.7,0.05,"long_dominant",0.48,500,0.552110942925716,0.664693933893584,0.515614205973946,0.112582990967868,-0.0364967369517703,0.00204357694936021,0.0038573438348097,0.91934,0.9992,0.47912,0.91934,0.9992,0.00044,0.408582,0.995536,0.999992,0.000388,0.40829,0.919392,0.999492,0.076144,5e-04
338,"C_mixed","ridge_linear",100,5,5,0.3,0.7,0.05,"long_dominant",0.48,500,0.551565690378201,0.688320892362624,0.522460503772162,0.136755201984422,-0.0291051866060395,0.00187855773687666,0.00352003054707818,0.91996,0.9994,0.48342,0.91996,0.9994,0.918786,0.999448,0.999872,1,0.845246,0.998848,0.9935,1,0.006372,0
339,"C_mixed","ridge_linear",100,10,5,0.3,0.7,0.05,"long_dominant",0.48,500,0.536155724432531,0.719838174048642,0.51053638913116,0.183682449616111,-0.0256193353013712,0.00198454866711197,0.00373548615673329,0.99992,1,0.47862,0.99992,1,0.92049,0.999408,1,1,0.92041,0.999408,1,1,0,0
340,"C_mixed","ridge_linear",100,2,2,0.7,0.7,0.05,"long_dominant",0.48,500,0.577845816733483,0.646093959025438,0.538237416642442,0.0682481422919553,-0.039608400091041,0.0021011296805249,0.0035611363762107,4e-04,0.40602,0.47872,4e-04,0.40602,0.000306,0.40767,0.704498,0.99344,0,0.165218,0.000706,0.648472,0.703792,0.344968
341,"C_mixed","ridge_linear",100,5,2,0.7,0.7,0.05,"long_dominant",0.48,500,0.562259945845736,0.678970883110237,0.534092391328655,0.1167109372645,-0.028167554517081,0.00220714613087557,0.00385574118000462,0.91984,0.99936,0.4766,0.91984,0.99936,0.00049,0.406238,0.99454,1,0.000462,0.40601,0.919868,0.999588,0.074672,0.000412
342,"C_mixed","ridge_linear",100,5,5,0.7,0.7,0.05,"long_dominant",0.48,500,0.55653250266184,0.701209545552607,0.529909878197916,0.144677042890766,-0.0266226244639248,0.00211780167265234,0.00378126164804881,0.92006,0.9992,0.48156,0.92006,0.9992,0.922054,0.99928,0.999944,1,0.848352,0.99848,0.993762,1,0.006182,0
343,"C_mixed","ridge_linear",100,10,5,0.7,0.7,0.05,"long_dominant",0.48,500,0.544997495341502,0.738606085278887,0.525753072498292,0.193608589937385,-0.0192444228432104,0.00216429362956667,0.00381547508104382,0.99984,1,0.48292,0.99984,1,0.921942,0.999428,1,1,0.921798,0.999428,0.999984,1,1.6e-05,0
344,"C_mixed","ridge_linear",100,2,2,0.3,0.3,0.15,"long_dominant",0.48,500,0.647350737463718,0.693079557738562,0.60981830560919,0.0457288202748443,-0.0375324318545279,0.00220630392322199,0.00343063291441642,0.00046,0.40826,0.48272,0.00046,0.40826,0.000374,0.40882,0.703068,0.99345,0,0.167584,0.000834,0.649496,0.702234,0.343954
345,"C_mixed","ridge_linear",100,5,2,0.3,0.3,0.15,"long_dominant",0.48,500,0.617340754224514,0.706433948890027,0.577718021664355,0.0890931946655131,-0.0396227325601589,0.00212883546949306,0.00361685855899842,0.92018,0.99928,0.48316,0.92018,0.99928,0.000334,0.409922,0.995116,0.999968,0.000302,0.409636,0.920212,0.999566,0.074904,0.000402
346,"C_mixed","ridge_linear",100,5,5,0.3,0.3,0.15,"long_dominant",0.48,500,0.614447032350141,0.721402369805905,0.581348653349464,0.106955337455764,-0.0330983790006768,0.00197830644834876,0.0034904478278089,0.91996,0.9992,0.48186,0.91996,0.9992,0.920394,0.999552,0.999984,1,0.846486,0.998752,0.993868,1,0.006116,0
347,"C_mixed","ridge_linear",100,10,5,0.3,0.3,0.15,"long_dominant",0.48,500,0.5870912680293,0.752029915142373,0.563567320541928,0.164938647113073,-0.0235239474873727,0.0020054739366576,0.0036236487282798,0.99996,1,0.47894,0.99996,1,0.920496,0.999356,1,1,0.920458,0.999356,0.999998,1,2e-06,0
348,"C_mixed","ridge_linear",100,2,2,0.7,0.3,0.15,"long_dominant",0.48,500,0.665952128231041,0.712888303074951,0.637802412719518,0.0469361748439091,-0.0281497155115234,0.00219893365105812,0.00315439610974416,0.00036,0.41012,0.48592,0.00036,0.41012,0.000402,0.407248,0.706092,0.993228,0,0.167256,0.000762,0.650112,0.70533,0.343116
349,"C_mixed","ridge_linear",100,5,2,0.7,0.3,0.15,"long_dominant",0.48,500,0.643763146945606,0.731333357629791,0.61657207238676,0.0875702106841848,-0.0271910745588466,0.00238997676314877,0.00361759476843239,0.92056,0.99948,0.47672,0.92056,0.99948,0.00049,0.41006,0.995472,1,0.000456,0.409852,0.920594,0.999688,0.074878,0.000312
350,"C_mixed","ridge_linear",100,5,5,0.7,0.3,0.15,"long_dominant",0.48,500,0.636969904841158,0.751705684574707,0.614204104122746,0.114735779733549,-0.0227658007184122,0.00209173066405217,0.00338906436869328,0.9199,0.9992,0.47766,0.9199,0.9992,0.922022,0.999388,0.99994,1,0.84798,0.998588,0.993942,1,0.005998,0
351,"C_mixed","ridge_linear",100,10,5,0.7,0.3,0.15,"long_dominant",0.48,500,0.614203728469187,0.777755235194721,0.590222248063667,0.163551506725534,-0.02398148040552,0.00206337316253961,0.00339671162672708,0.99992,1,0.48218,0.99992,1,0.921042,0.999432,1,1,0.920962,0.999432,1,1,0,0
352,"C_mixed","ridge_linear",100,2,2,0.3,0.7,0.15,"long_dominant",0.48,500,0.65267277966839,0.698450317400284,0.61719884224251,0.0457775377318938,-0.0354739374258803,0.00226957034511316,0.00340671252197073,0.00036,0.40396,0.48192,0.00036,0.40396,0.000388,0.411582,0.704612,0.992714,0,0.16795,0.000748,0.647592,0.703864,0.345122
353,"C_mixed","ridge_linear",100,5,2,0.3,0.7,0.15,"long_dominant",0.48,500,0.624556297462911,0.716657607612844,0.591664838650548,0.0921013101499333,-0.0328914588123624,0.00212774443826349,0.00344194412829489,0.9204,0.99932,0.4804,0.9204,0.99932,0.000448,0.408626,0.994804,0.999984,0.00041,0.40839,0.920438,0.999556,0.074366,0.000428
354,"C_mixed","ridge_linear",100,5,5,0.3,0.7,0.15,"long_dominant",0.48,500,0.618282017665745,0.731402218953218,0.59074289627606,0.113120201287473,-0.0275391213896851,0.00207998779114403,0.00349600857710367,0.91836,0.99924,0.4815,0.91836,0.99924,0.91966,0.999312,0.99998,1,0.844408,0.998552,0.993612,1,0.006368,0
355,"C_mixed","ridge_linear",100,10,5,0.3,0.7,0.15,"long_dominant",0.48,500,0.593957736797634,0.758277791036216,0.568910210571436,0.164320054238582,-0.0250475262261989,0.00211078650173834,0.00378658205193193,0.99988,1,0.47906,0.99988,1,0.92035,0.999336,1,1,0.920246,0.999336,0.999984,1,1.6e-05,0
356,"C_mixed","ridge_linear",100,2,2,0.7,0.7,0.15,"long_dominant",0.48,500,0.667085398202546,0.71221022417578,0.637308079326505,0.0451248259732339,-0.0297773188760407,0.00217071569774833,0.00309735356268291,0.00028,0.40456,0.47988,0.00028,0.40456,0.000478,0.406692,0.704616,0.993232,0,0.164136,0.000758,0.647116,0.703858,0.346116
357,"C_mixed","ridge_linear",100,5,2,0.7,0.7,0.15,"long_dominant",0.48,500,0.646777287381266,0.733463572585695,0.619066083278732,0.0866862852044291,-0.0277112041025339,0.00220459060845972,0.00347066318579902,0.9182,0.99912,0.4813,0.9182,0.99912,0.000422,0.409402,0.994964,1,0.00038,0.409032,0.918242,0.99949,0.076722,0.00051
358,"C_mixed","ridge_linear",100,5,5,0.7,0.7,0.15,"long_dominant",0.48,500,0.633117390915941,0.746337527817042,0.605073327103556,0.113220136901102,-0.0280440638123844,0.00212898938563292,0.00343914998485361,0.92308,0.99956,0.48232,0.92308,0.99956,0.922132,0.99936,0.999964,1,0.85129,0.99892,0.993922,1,0.006042,0
359,"C_mixed","ridge_linear",100,10,5,0.7,0.7,0.15,"long_dominant",0.48,500,0.614225743822569,0.778315432414063,0.59145169596299,0.164089688591494,-0.0227740478595786,0.00202129883981591,0.00337451229972035,1,1,0.47788,1,1,0.922348,0.99936,1,1,0.922348,0.99936,1,1,0,0
360,"C_mixed","ridge_linear",100,2,2,0.3,0.3,0.3,"long_dominant",0.48,500,0.715319808531994,0.74671203604627,0.685929331457275,0.0313922275142768,-0.0293904770747187,0.00221740851538476,0.00304264377261223,0.00046,0.40848,0.47996,0.00046,0.40848,0.00045,0.408116,0.704242,0.993396,0,0.166416,0.00091,0.65018,0.703332,0.343216
361,"C_mixed","ridge_linear",100,5,2,0.3,0.3,0.3,"long_dominant",0.48,500,0.689516260926143,0.758643152864087,0.654803253722833,0.0691268919379444,-0.0347130072033094,0.00208309495869706,0.00331872955533124,0.91608,0.99964,0.47648,0.91608,0.99964,0.000428,0.405866,0.994384,1,0.000382,0.405718,0.916126,0.999788,0.078258,0.000212
362,"C_mixed","ridge_linear",100,5,5,0.3,0.3,0.3,"long_dominant",0.48,500,0.685428985954625,0.76989257314226,0.65562782756417,0.084463587187635,-0.0298011583904552,0.00199120502962216,0.00318923904171937,0.92076,0.99948,0.48296,0.92076,0.99948,0.91935,0.999356,0.999904,1,0.846378,0.998836,0.993732,1,0.006172,0
363,"C_mixed","ridge_linear",100,10,5,0.3,0.3,0.3,"long_dominant",0.48,500,0.651738308967183,0.793484708676441,0.625874745402232,0.141746399709257,-0.0258635635649509,0.00195154544969124,0.00343462331324048,0.99996,1,0.48082,0.99996,1,0.9192,0.999392,1,1,0.91916,0.999392,1,1,0,0
364,"C_mixed","ridge_linear",100,2,2,0.7,0.3,0.3,"long_dominant",0.48,500,0.749403215542019,0.781634508528269,0.727154998390159,0.0322312929862494,-0.0222482171518603,0.00198259058970916,0.00262935239457516,0.00062,0.41142,0.47828,0.00062,0.41142,0.000488,0.407888,0.705124,0.99265,0,0.169392,0.001108,0.649916,0.704016,0.342734
365,"C_mixed","ridge_linear",100,5,2,0.7,0.3,0.3,"long_dominant",0.48,500,0.727800433718121,0.795939584085703,0.708930834534406,0.0681391503675825,-0.0188695991837145,0.00202603532941102,0.00279454540105968,0.9182,0.99928,0.48292,0.9182,0.99928,0.000444,0.406064,0.995052,1,0.000422,0.405822,0.918222,0.999522,0.07683,0.000478
366,"C_mixed","ridge_linear",100,5,5,0.7,0.3,0.3,"long_dominant",0.48,500,0.719219804083733,0.806300444201047,0.695102504346769,0.087080640117314,-0.0241172997369639,0.00207733156365972,0.00312311411668994,0.92072,0.99936,0.48114,0.92072,0.99936,0.92021,0.99932,0.999968,1,0.847234,0.99868,0.993696,1,0.006272,0
367,"C_mixed","ridge_linear",100,10,5,0.7,0.3,0.3,"long_dominant",0.48,500,0.691903402745488,0.825787754934443,0.665513332770455,0.133884352188955,-0.026390069975033,0.00199645971620199,0.0032118034397092,0.99992,1,0.47558,0.99992,1,0.919916,0.999312,1,1,0.91985,0.999312,0.999986,1,1.4e-05,0
368,"C_mixed","ridge_linear",100,2,2,0.3,0.7,0.3,"long_dominant",0.48,500,0.729010174816473,0.760484674874614,0.700362971421353,0.0314745000581413,-0.0286472033951204,0.00210988978928204,0.00285748125791613,5e-04,0.41054,0.48482,5e-04,0.41054,0.00037,0.407238,0.703534,0.99298,0,0.166868,0.00087,0.65091,0.702664,0.34207
369,"C_mixed","ridge_linear",100,5,2,0.3,0.7,0.3,"long_dominant",0.48,500,0.699874078918116,0.771356544501667,0.670202771419451,0.0714824655835511,-0.0296713074986649,0.00199956205653227,0.00300520850925824,0.91938,0.99948,0.4836,0.91938,0.99948,0.000484,0.408388,0.995234,0.999972,0.000456,0.40817,0.919408,0.999698,0.075826,0.000274
370,"C_mixed","ridge_linear",100,5,5,0.3,0.7,0.3,"long_dominant",0.48,500,0.694852988760749,0.780693154631893,0.665595113901374,0.0858401658711437,-0.0292578748593749,0.00197575733650115,0.00309932705498878,0.92008,0.9992,0.47866,0.92008,0.9992,0.921494,0.999476,0.99992,1,0.84831,0.998676,0.993264,1,0.006656,0
371,"C_mixed","ridge_linear",100,10,5,0.3,0.7,0.3,"long_dominant",0.48,500,0.661139147919411,0.799299392499754,0.63257541915498,0.138160244580343,-0.0285637287644311,0.00207630783805691,0.00350628579448573,1,1,0.4772,1,1,0.92182,0.999384,1,1,0.92182,0.999384,1,1,0,0
372,"C_mixed","ridge_linear",100,2,2,0.7,0.7,0.3,"long_dominant",0.48,500,0.749775198720302,0.779258564962325,0.725034529956418,0.0294833662420235,-0.0247406687638837,0.0020493720318038,0.00269207506973366,0.00042,0.40958,0.47912,0.00042,0.40958,0.000506,0.40522,0.706006,0.992848,0,0.166002,0.000926,0.648798,0.70508,0.34405
373,"C_mixed","ridge_linear",100,5,2,0.7,0.7,0.3,"long_dominant",0.48,500,0.730112856019291,0.794229881419076,0.707797513727795,0.0641170253997857,-0.0223153422914952,0.00203575024185232,0.00287471549322018,0.91842,0.9992,0.47622,0.91842,0.9992,0.000374,0.407656,0.995236,1,0.000352,0.407346,0.918442,0.99951,0.076794,0.00049
374,"C_mixed","ridge_linear",100,5,5,0.7,0.7,0.3,"long_dominant",0.48,500,0.72081752420884,0.808019319060272,0.697839094621073,0.0872017948514317,-0.0229784295877675,0.00196262543046044,0.00286379695719967,0.92012,0.9992,0.48112,0.92012,0.9992,0.920372,0.99932,0.999968,1,0.846876,0.99852,0.993616,1,0.006352,0
375,"C_mixed","ridge_linear",100,10,5,0.7,0.7,0.3,"long_dominant",0.48,500,0.696789244782576,0.831561006183321,0.675479568777527,0.134771761400744,-0.0213096760050491,0.00195857984092042,0.00314417730576827,0.99992,1,0.48104,0.99992,1,0.920754,0.999368,1,1,0.920674,0.999368,1,1,0,0
376,"C_mixed","ridge_linear",100,2,2,0.3,0.3,0.05,"balanced",0.48,500,0.575386655462165,0.632117083668622,0.525741177083928,0.056730428206457,-0.0496454783782374,0.00218951733147163,0.00384949664013839,0.00054,0.40936,0.48206,0.00054,0.40936,0.000412,0.408198,0.701862,0.99341,0,0.167458,0.000952,0.6501,0.70091,0.34331
377,"C_mixed","ridge_linear",100,5,2,0.3,0.3,0.05,"balanced",0.48,500,0.552583450006795,0.659945747398882,0.518258168034078,0.107362297392087,-0.0343252819727173,0.00201404311139136,0.00373483458249868,0.9186,0.99944,0.47932,0.9186,0.99944,0.000356,0.407376,0.99452,0.999996,0.000338,0.40711,0.918618,0.999706,0.075902,0.00029
378,"C_mixed","ridge_linear",100,5,5,0.3,0.3,0.05,"balanced",0.48,500,0.556318643148966,0.680516337805371,0.523177161444421,0.124197694656405,-0.0331414817045451,0.00194930675696368,0.0034959807175212,0.92076,0.99956,0.48152,0.92076,0.99956,0.919726,0.999476,0.99998,1,0.846582,0.999036,0.993904,1,0.006076,0
379,"C_mixed","ridge_linear",100,10,5,0.3,0.3,0.05,"balanced",0.48,500,0.542097035002727,0.715389562772708,0.509899033435654,0.173292527769981,-0.0321980015670727,0.00196992185572577,0.00370259546336144,0.99996,1,0.48026,0.99996,1,0.918774,0.999272,1,1,0.918734,0.999272,1,1,0,0
380,"C_mixed","ridge_linear",100,2,2,0.7,0.3,0.05,"balanced",0.48,500,0.579914854753856,0.644413056061633,0.534147064570734,0.0644982013077777,-0.0457677901831213,0.00223818026963787,0.00386717339622778,5e-04,0.40806,0.47764,5e-04,0.40806,0.000492,0.409012,0.705344,0.992954,0,0.165092,0.000992,0.65198,0.704352,0.340974
381,"C_mixed","ridge_linear",100,5,2,0.7,0.3,0.05,"balanced",0.48,500,0.564437206047061,0.675555472231349,0.5318924298138,0.111118266184288,-0.032544776233261,0.0021113502045157,0.00370643915916399,0.91926,0.99932,0.48054,0.91926,0.99932,0.000404,0.405454,0.995444,1,0.000396,0.405164,0.919268,0.99961,0.076176,0.00039
382,"C_mixed","ridge_linear",100,5,5,0.7,0.3,0.05,"balanced",0.48,500,0.556467344903406,0.697329373509684,0.530136589033033,0.140862028606278,-0.0263307558703734,0.00203478988721885,0.00354347920888034,0.92044,0.99924,0.48104,0.92044,0.99924,0.921312,0.999548,0.999956,1,0.848126,0.998788,0.993626,1,0.00633,0
383,"C_mixed","ridge_linear",100,10,5,0.7,0.3,0.05,"balanced",0.48,500,0.547261145415733,0.732477487156372,0.516224871385002,0.185216341740639,-0.0310362740307312,0.00201651778419808,0.00373554938346099,1,1,0.47564,1,1,0.920564,0.999444,1,1,0.920564,0.999444,1,1,0,0
384,"C_mixed","ridge_linear",100,2,2,0.3,0.7,0.05,"balanced",0.48,500,0.576974614575126,0.636940535458194,0.529832849621204,0.0599659208830679,-0.0471417649539227,0.00216309967072732,0.0038733097732633,4e-04,0.40768,0.48186,4e-04,0.40768,0.000434,0.408866,0.707054,0.99308,0,0.167174,0.000834,0.649372,0.70622,0.343708
385,"C_mixed","ridge_linear",100,5,2,0.3,0.7,0.05,"balanced",0.48,500,0.556687640838382,0.664982828410835,0.521617207214394,0.108295187572453,-0.0350704336239877,0.00205341145396065,0.00378070016135869,0.92166,0.99932,0.47928,0.92166,0.99932,0.000394,0.408126,0.996016,0.999964,0.00035,0.407848,0.921704,0.999598,0.074312,0.000366
386,"C_mixed","ridge_linear",100,5,5,0.3,0.7,0.05,"balanced",0.48,500,0.553946194453399,0.687329768433971,0.528564303056384,0.133383573980572,-0.0253818913970145,0.00203782053917294,0.0038329725914743,0.9203,0.99944,0.47948,0.9203,0.99944,0.9209,0.999432,0.999892,1,0.84762,0.998874,0.99358,0.999998,0.006312,2e-06
387,"C_mixed","ridge_linear",100,10,5,0.3,0.7,0.05,"balanced",0.48,500,0.542091016356012,0.720840612795957,0.51373701606725,0.178749596439945,-0.0283540002887622,0.00199734423242649,0.00360968069651448,0.99992,1,0.48416,0.99992,1,0.920642,0.999328,1,1,0.920566,0.999328,0.999996,1,4e-06,0
388,"C_mixed","ridge_linear",100,2,2,0.7,0.7,0.05,"balanced",0.48,500,0.579282948202235,0.645817688740322,0.540512826001491,0.0665347405380868,-0.038770122200744,0.0022427554398373,0.00387837004415285,0.00042,0.40606,0.47904,0.00042,0.40606,0.00036,0.405868,0.704608,0.993598,0,0.163872,0.00078,0.648056,0.703828,0.345542
389,"C_mixed","ridge_linear",100,5,2,0.7,0.7,0.05,"balanced",0.48,500,0.562961403742193,0.675778652570336,0.530555362865975,0.112817248828142,-0.0324060408762182,0.00205915289657587,0.00354322787362781,0.91902,0.9996,0.47752,0.91902,0.9996,0.000456,0.407676,0.994836,1,0.00039,0.407498,0.919086,0.999778,0.07575,0.000222
390,"C_mixed","ridge_linear",100,5,5,0.7,0.7,0.05,"balanced",0.48,500,0.557348439948689,0.702606047855391,0.535876712277946,0.145257607906703,-0.0214717276707431,0.0020329884920399,0.00351419453992171,0.92094,0.99956,0.4822,0.92094,0.99956,0.91916,0.999316,0.999836,1,0.84673,0.998876,0.99337,1,0.006466,0
391,"C_mixed","ridge_linear",100,10,5,0.7,0.7,0.05,"balanced",0.48,500,0.547722181391229,0.737191419954315,0.526276609826062,0.189469238563086,-0.0214455715651674,0.00207459432305765,0.0037342663704589,0.99988,1,0.48368,0.99988,1,0.920934,0.999336,1,1,0.920814,0.999336,1,1,0,0
392,"C_mixed","ridge_linear",100,2,2,0.3,0.3,0.15,"balanced",0.48,500,0.658843350419397,0.692329910833435,0.620705378427347,0.0334865604140374,-0.0381379719920502,0.00208344159900555,0.0030615613866724,0.00064,0.4065,0.48082,0.00064,0.4065,0.000536,0.408484,0.707366,0.993088,0,0.16566,0.001176,0.649324,0.70619,0.343764
393,"C_mixed","ridge_linear",100,5,2,0.3,0.3,0.15,"balanced",0.48,500,0.631716594098459,0.71342991803567,0.60014710777813,0.0817133239372107,-0.0315694863203296,0.00219424401740844,0.00345397624191139,0.91716,0.9992,0.47812,0.91716,0.9992,0.000472,0.408254,0.995174,0.999968,0.000442,0.407926,0.91719,0.999528,0.077984,0.00044
394,"C_mixed","ridge_linear",100,5,5,0.3,0.3,0.15,"balanced",0.48,500,0.627468623077897,0.722862927505312,0.593562957400664,0.0953943044274146,-0.0339056656772336,0.00203286394054783,0.00336370994069165,0.92004,0.99944,0.47808,0.92004,0.99944,0.919676,0.999484,0.999964,1,0.845914,0.998924,0.993802,1,0.006162,0
395,"C_mixed","ridge_linear",100,10,5,0.3,0.3,0.15,"balanced",0.48,500,0.606059059970456,0.753229127298583,0.57557465086105,0.147170067328128,-0.0304844091094053,0.00209622367461009,0.00360231256082087,0.99992,1,0.47992,0.99992,1,0.918936,0.999336,1,1,0.918856,0.999336,1,1,0,0
396,"C_mixed","ridge_linear",100,2,2,0.7,0.3,0.15,"balanced",0.48,500,0.668899118711781,0.714886774056441,0.644517710895484,0.0459876553446593,-0.0243814078162976,0.00212704635204541,0.00299223574551304,0.00052,0.4087,0.47944,0.00052,0.4087,0.000416,0.407772,0.705274,0.993458,2e-06,0.165562,0.000934,0.65091,0.70434,0.342548
397,"C_mixed","ridge_linear",100,5,2,0.7,0.3,0.15,"balanced",0.48,500,0.649625201767492,0.731824083302046,0.62338022275932,0.0821988815345535,-0.0262449790081722,0.00201696990342546,0.00304139560847046,0.92004,0.99932,0.48146,0.92004,0.99932,0.000376,0.406964,0.99474,0.999996,0.00035,0.406748,0.920066,0.999536,0.074674,0.00046
398,"C_mixed","ridge_linear",100,5,5,0.7,0.3,0.15,"balanced",0.48,500,0.640227878331405,0.7474538539385,0.611211435203427,0.107225975607095,-0.0290164431279774,0.00194847265302257,0.0031514034239024,0.9189,0.99924,0.47644,0.9189,0.99924,0.91931,0.99942,0.999864,1,0.845038,0.99866,0.993172,1,0.006692,0
399,"C_mixed","ridge_linear",100,10,5,0.7,0.3,0.15,"balanced",0.48,500,0.618902815039658,0.779152184823075,0.596871738081096,0.160249369783416,-0.0220310769585624,0.00203233349815803,0.0033992748455731,1,1,0.47768,1,1,0.92137,0.999424,1,1,0.92137,0.999424,1,1,0,0
400,"C_mixed","ridge_linear",100,2,2,0.3,0.7,0.15,"balanced",0.48,500,0.661644771145165,0.70072001023964,0.62813607362812,0.039075239094475,-0.0335086975170454,0.00230990522725569,0.00334513626537331,0.00048,0.40848,0.48038,0.00048,0.40848,0.000434,0.40855,0.705422,0.993774,0,0.165994,0.000914,0.651036,0.704508,0.342738
401,"C_mixed","ridge_linear",100,5,2,0.3,0.7,0.15,"balanced",0.48,500,0.635234783628955,0.719990636930217,0.609020372821712,0.0847558533012615,-0.026214410807243,0.00225040196001177,0.00353875397820318,0.918,0.99936,0.48528,0.918,0.99936,0.000354,0.40846,0.994836,1,0.000316,0.408188,0.918038,0.999632,0.076798,0.000368
402,"C_mixed","ridge_linear",100,5,5,0.3,0.7,0.15,"balanced",0.48,500,0.632245829198578,0.733207176803624,0.604943362535489,0.100961347605046,-0.0273024666630888,0.00194946073137002,0.00323797323251119,0.92118,0.99932,0.4764,0.92118,0.99932,0.920246,0.999412,0.999912,1,0.847562,0.998732,0.993864,1,0.006048,0
403,"C_mixed","ridge_linear",100,10,5,0.3,0.7,0.15,"balanced",0.48,500,0.606355085340453,0.762809953918678,0.584987676524404,0.156454868578224,-0.0213674088160491,0.00205827498483788,0.00350698253471842,0.99992,1,0.48072,0.99992,1,0.919416,0.999504,1,1,0.919346,0.999504,0.99999,1,1e-05,0
404,"C_mixed","ridge_linear",100,2,2,0.7,0.7,0.15,"balanced",0.48,500,0.671442442096245,0.715935205788627,0.64599261890538,0.044492763692382,-0.0254498231908648,0.00223751270185363,0.00329288579533703,0.00028,0.40782,0.47606,0.00028,0.40782,0.000416,0.406388,0.70249,0.992648,0,0.166866,0.000696,0.647342,0.701794,0.345306
405,"C_mixed","ridge_linear",100,5,2,0.7,0.7,0.15,"balanced",0.48,500,0.650236941286332,0.731716533985953,0.623024953764148,0.0814795926996213,-0.0272119875221838,0.00210417906860145,0.00320626130547161,0.92036,0.99936,0.47918,0.92036,0.99936,0.000376,0.407356,0.994864,0.999996,0.000344,0.407056,0.920392,0.99966,0.074472,0.000336
406,"C_mixed","ridge_linear",100,5,5,0.7,0.7,0.15,"balanced",0.48,500,0.641084626003512,0.753005782494827,0.61963677114815,0.111921156491315,-0.0214478548553623,0.00209262292316701,0.00325296373493061,0.92146,0.99952,0.48162,0.92146,0.99952,0.92099,0.999448,0.999976,1,0.84847,0.998968,0.99398,1,0.005996,0
407,"C_mixed","ridge_linear",100,10,5,0.7,0.7,0.15,"balanced",0.48,500,0.62082306968804,0.781800606371069,0.601063071489214,0.160977536683029,-0.0197599981988259,0.00206216419670565,0.00345437386259657,1,1,0.47982,1,1,0.917518,0.999348,1,1,0.917518,0.999348,1,1,0,0
408,"C_mixed","ridge_linear",100,2,2,0.3,0.3,0.3,"balanced",0.48,500,0.729144648076445,0.758509326793956,0.709000885735629,0.0293646787175106,-0.0201437623408167,0.00210656355423331,0.00273703208182269,0.00048,0.4053,0.4766,0.00048,0.4053,0.00034,0.407928,0.706348,0.992952,0,0.16404,0.00082,0.649188,0.705528,0.343764
409,"C_mixed","ridge_linear",100,5,2,0.3,0.3,0.3,"balanced",0.48,500,0.707788784103815,0.768296674628163,0.678578521915277,0.0605078905243479,-0.0292102621885387,0.00215797015634955,0.00318507540016101,0.9147,0.99936,0.47512,0.9147,0.99936,0.000442,0.408802,0.994988,0.999996,0.000394,0.408486,0.914748,0.999676,0.08024,0.00032
410,"C_mixed","ridge_linear",100,5,5,0.3,0.3,0.3,"balanced",0.48,500,0.703426701610273,0.778773259106355,0.680086869974673,0.0753465574960822,-0.0233398316355999,0.00201966601829037,0.00306850131653323,0.91712,0.99952,0.4811,0.91712,0.99952,0.917618,0.999324,0.99992,1,0.84145,0.998844,0.993288,1,0.006632,0
411,"C_mixed","ridge_linear",100,10,5,0.3,0.3,0.3,"balanced",0.48,500,0.674188785801088,0.799662781568811,0.650794935885045,0.125473995767723,-0.0233938499160423,0.00200595389180952,0.00320982152030936,0.99996,1,0.4766,0.99996,1,0.920338,0.999496,1,1,0.920302,0.999496,0.999996,1,4e-06,0
412,"C_mixed","ridge_linear",100,2,2,0.7,0.3,0.3,"balanced",0.48,500,0.751385017093831,0.781341265802383,0.732121449782482,0.0299562487085517,-0.0192635673113487,0.0019790497799008,0.00249975918546252,0.00056,0.40834,0.47802,0.00056,0.40834,0.000318,0.407094,0.698884,0.993296,0,0.16704,0.000878,0.648394,0.698006,0.344902
413,"C_mixed","ridge_linear",100,5,2,0.7,0.3,0.3,"balanced",0.48,500,0.73393266338404,0.795044661309609,0.710826239553724,0.0611119979255692,-0.0231064238303157,0.00204180131970075,0.00281854518647411,0.92308,0.99948,0.48206,0.92308,0.99948,0.000496,0.40858,0.99493,0.999984,0.000452,0.40839,0.923124,0.99967,0.071806,0.000314
414,"C_mixed","ridge_linear",100,5,5,0.7,0.3,0.3,"balanced",0.48,500,0.723870877493958,0.809505853655375,0.705431697649083,0.0856349761614175,-0.0184391798448746,0.00198059034905564,0.00290372921854841,0.92112,0.99944,0.48334,0.92112,0.99944,0.917274,0.99932,0.999948,1,0.844716,0.99876,0.993678,1,0.00627,0
415,"C_mixed","ridge_linear",100,10,5,0.7,0.3,0.3,"balanced",0.48,500,0.700453910787041,0.829830756475346,0.679257646856185,0.129376845688305,-0.0211962639308559,0.00200686681741723,0.00306027035826718,1,1,0.47792,1,1,0.917336,0.999348,1,1,0.917336,0.999348,1,1,0,0
416,"C_mixed","ridge_linear",100,2,2,0.3,0.7,0.3,"balanced",0.48,500,0.736588535452895,0.757527885452422,0.706175295617553,0.0209393499995262,-0.0304132398353425,0.00198808447991572,0.00257592242029477,0.00038,0.40892,0.4819,0.00038,0.40892,0.000386,0.408284,0.707386,0.99351,0,0.16719,0.000766,0.650014,0.70662,0.343496
417,"C_mixed","ridge_linear",100,5,2,0.3,0.7,0.3,"balanced",0.48,500,0.713580815885715,0.776476457730875,0.688861488815922,0.0628956418451603,-0.0247193270697926,0.00215508767530973,0.00310111201936042,0.91992,0.9994,0.4795,0.91992,0.9994,0.000434,0.407494,0.995224,0.999988,0.00039,0.407292,0.919964,0.999602,0.07526,0.000386
418,"C_mixed","ridge_linear",100,5,5,0.3,0.7,0.3,"balanced",0.48,500,0.708372836769416,0.786178079904433,0.685386373978578,0.0778052431350167,-0.0229864627908378,0.00197214723150639,0.00298074823120181,0.9155,0.99952,0.47796,0.9155,0.99952,0.919398,0.999296,0.999944,1,0.841856,0.998818,0.993042,0.999998,0.006902,2e-06
419,"C_mixed","ridge_linear",100,10,5,0.3,0.7,0.3,"balanced",0.48,500,0.683971536777489,0.810668712268924,0.65924092641139,0.126697175491436,-0.0247306103660993,0.00201964561988538,0.00326730342343685,0.99992,1,0.47916,0.99992,1,0.920912,0.999436,1,1,0.920832,0.999436,1,1,0,0
420,"C_mixed","ridge_linear",100,2,2,0.7,0.7,0.3,"balanced",0.48,500,0.751614935832687,0.779231800901854,0.728188743620196,0.0276168650691664,-0.023426192212491,0.00207871853232339,0.00262671856760494,0.00038,0.4094,0.4829,0.00038,0.4094,0.00042,0.409962,0.709218,0.994098,0,0.167658,8e-04,0.651704,0.708418,0.342394
421,"C_mixed","ridge_linear",100,5,2,0.7,0.7,0.3,"balanced",0.48,500,0.733638946564339,0.79402052115522,0.71125501985935,0.0603815745908804,-0.0223839267049896,0.00197908988468561,0.00278668234235256,0.92218,0.99956,0.48186,0.92218,0.99956,0.00048,0.408708,0.995328,1,0.000466,0.408526,0.922194,0.999742,0.073134,0.000258
422,"C_mixed","ridge_linear",100,5,5,0.7,0.7,0.3,"balanced",0.48,500,0.724043219796767,0.809173436061418,0.704380363922182,0.0851302162646511,-0.0196628558745851,0.00201719620463741,0.00286776685179509,0.91916,0.9994,0.48222,0.91916,0.9994,0.919334,0.999332,0.999952,1,0.844948,0.998732,0.993546,1,0.006406,0
423,"C_mixed","ridge_linear",100,10,5,0.7,0.7,0.3,"balanced",0.48,500,0.703772434956279,0.833702602381574,0.684117833425086,0.129930167425295,-0.0196546015311936,0.00199687492509971,0.00314805550474119,0.99996,1,0.47994,0.99996,1,0.918748,0.999316,1,1,0.918708,0.999316,1,1,0,0
424,"C_mixed","ridge_linear",200,2,2,0.3,0.3,0.05,"fixed_dominant",0.48,500,0.595182724774581,0.620486871961485,0.566533610182214,0.025304147186904,-0.0286491145923661,0.00162581816713581,0.00246024668935946,0,0.13419,0.48189,0,0.13419,0,0.135,0.474067,0.983967,0,0.017859,0,0.251331,0.474067,0.732636
425,"C_mixed","ridge_linear",200,5,2,0.3,0.3,0.05,"fixed_dominant",0.48,500,0.576330367283622,0.639230822796747,0.558008635618388,0.0629004555131246,-0.0183217316652341,0.00167456578905347,0.00272142708806631,0.83254,0.99836,0.48293,0.83254,0.99836,0,0.134878,0.988892,0.999972,0,0.134597,0.83254,0.998641,0.156352,0.001331
426,"C_mixed","ridge_linear",200,5,5,0.3,0.3,0.05,"fixed_dominant",0.48,500,0.576092478151828,0.648897161210821,0.557444168773395,0.0728046830589933,-0.0186483093784328,0.00143444870692518,0.00237538249242573,0.83123,0.99856,0.47852,0.83123,0.99856,0.832694,0.998376,0.999814,1,0.692357,0.996937,0.971567,0.999999,0.028247,1e-06
427,"C_mixed","ridge_linear",200,10,5,0.3,0.3,0.05,"fixed_dominant",0.48,500,0.563449081484458,0.671423158518347,0.545535775707168,0.107974077033889,-0.0179133057772899,0.0014373511013472,0.00245538388978813,0.99986,1,0.48048,0.99986,1,0.836123,0.998441,1,1,0.83601,0.998441,0.999973,1,2.7e-05,0
428,"C_mixed","ridge_linear",200,2,2,0.7,0.3,0.05,"fixed_dominant",0.48,500,0.595833505325072,0.627355883829606,0.568950371515843,0.0315223785045348,-0.0268831338092286,0.00151202598073836,0.00229523604688561,0,0.13481,0.47821,0,0.13481,0,0.135312,0.473498,0.984116,0,0.018346,0,0.251776,0.473498,0.73234
429,"C_mixed","ridge_linear",200,5,2,0.7,0.3,0.05,"fixed_dominant",0.48,500,0.58210207138751,0.646044302536479,0.560667703560343,0.063942231148969,-0.0214343678271662,0.00158484782256998,0.00258023130396089,0.83048,0.99856,0.4807,0.83048,0.99856,0,0.135355,0.988496,0.999996,0,0.135115,0.83048,0.9988,0.158016,0.001196
430,"C_mixed","ridge_linear",200,5,5,0.7,0.3,0.05,"fixed_dominant",0.48,500,0.578801019824143,0.662664939757664,0.564076907045461,0.0838639199335211,-0.0147241127786825,0.0014734365052132,0.00233596090305077,0.83405,0.99822,0.47884,0.83405,0.99822,0.834645,0.99827,0.999874,1,0.696603,0.996492,0.972092,0.999998,0.027782,2e-06
431,"C_mixed","ridge_linear",200,10,5,0.7,0.3,0.05,"fixed_dominant",0.48,500,0.565863970296544,0.68325988950096,0.54947534026873,0.117395919204416,-0.0163886300278133,0.00150281492858778,0.00254310105912729,0.99988,1,0.478,0.99988,1,0.833219,0.99853,1,1,0.833113,0.99853,0.999986,1,1.4e-05,0
432,"C_mixed","ridge_linear",200,2,2,0.3,0.7,0.05,"fixed_dominant",0.48,500,0.594725493648866,0.622902522956868,0.567946373121369,0.0281770293080021,-0.0267791205274976,0.00157423998995878,0.00239615171492016,0,0.13551,0.48039,0,0.13551,0,0.134572,0.474394,0.983943,0,0.018129,0,0.251953,0.474394,0.73199
433,"C_mixed","ridge_linear",200,5,2,0.3,0.7,0.05,"fixed_dominant",0.48,500,0.580932702541336,0.642488960702731,0.561247657286645,0.061556258161395,-0.0196850452546903,0.00149828527147741,0.00233360367990644,0.83348,0.99836,0.47955,0.83348,0.99836,0,0.134484,0.989909,0.999984,0,0.134256,0.83348,0.998588,0.156429,0.001396
434,"C_mixed","ridge_linear",200,5,5,0.3,0.7,0.05,"fixed_dominant",0.48,500,0.577698141878541,0.651726581909983,0.556562590912302,0.0740284400314422,-0.0211355509662384,0.00156544262411001,0.00246874029499899,0.83349,0.99862,0.47988,0.83349,0.99862,0.833298,0.99852,0.999814,1,0.694277,0.99714,0.972511,1,0.027303,0
435,"C_mixed","ridge_linear",200,10,5,0.3,0.7,0.05,"fixed_dominant",0.48,500,0.564836298469316,0.675739781149172,0.548862826653889,0.110903482679856,-0.0159734718154273,0.00156662766922795,0.0025632176479088,0.99984,1,0.48146,0.99984,1,0.834456,0.998258,1,1,0.834317,0.998258,0.999979,1,2.1e-05,0
436,"C_mixed","ridge_linear",200,2,2,0.7,0.7,0.05,"fixed_dominant",0.48,500,0.596577756441332,0.631039641914121,0.574285187067367,0.0344618854727887,-0.0222925693739657,0.0016033339368199,0.00237679624283801,0,0.13507,0.48108,0,0.13507,0,0.135671,0.471961,0.983303,0,0.019125,0,0.251616,0.471961,0.731687
437,"C_mixed","ridge_linear",200,5,2,0.7,0.7,0.05,"fixed_dominant",0.48,500,0.583099810835815,0.647664150760047,0.563366075744014,0.0645643399242316,-0.0197337350918015,0.00150308829677628,0.00238995156176865,0.83476,0.99828,0.48081,0.83476,0.99828,0,0.135148,0.9897,0.999984,0,0.134906,0.83476,0.998522,0.15494,0.001462
438,"C_mixed","ridge_linear",200,5,5,0.7,0.7,0.05,"fixed_dominant",0.48,500,0.577459570642758,0.660728552719299,0.556986717390021,0.0832689820765413,-0.0204728532527366,0.00155820498233124,0.00249442117794952,0.83517,0.99874,0.48219,0.83517,0.99874,0.833234,0.998304,0.999826,1,0.695424,0.997044,0.97298,1,0.026846,0
439,"C_mixed","ridge_linear",200,10,5,0.7,0.7,0.05,"fixed_dominant",0.48,500,0.565354587673932,0.682842343556095,0.549082219010483,0.117487755882163,-0.0162723686634493,0.00147648164874427,0.00242415175801168,0.9998,1,0.48061,0.9998,1,0.832599,0.99827,1,1,0.832434,0.99827,0.999965,1,3.5e-05,0
440,"C_mixed","ridge_linear",200,2,2,0.3,0.3,0.15,"fixed_dominant",0.48,500,0.674236631547665,0.691566324128678,0.66119093303824,0.0173296925810124,-0.0130456985094259,0.0016444598042184,0.0019797129509881,0,0.13501,0.47821,0,0.13501,0,0.134563,0.471496,0.983554,0,0.018152,0,0.251421,0.471496,0.732133
441,"C_mixed","ridge_linear",200,5,2,0.3,0.3,0.15,"fixed_dominant",0.48,500,0.661687014690833,0.700535722080011,0.644363339885392,0.0388487073891775,-0.0173236748054417,0.00161737107622975,0.00218702787394509,0.83528,0.9986,0.48181,0.83528,0.9986,0,0.135186,0.989137,0.999986,0,0.134949,0.83528,0.998837,0.153857,0.001149
442,"C_mixed","ridge_linear",200,5,5,0.3,0.3,0.15,"fixed_dominant",0.48,500,0.659147932252141,0.705835505605398,0.643268748637679,0.0466875733532571,-0.0158791836144614,0.0015666156641696,0.00215108369780595,0.83492,0.99848,0.47878,0.83492,0.99848,0.833244,0.998444,0.999818,1,0.695462,0.996925,0.972702,0.999999,0.027116,1e-06
443,"C_mixed","ridge_linear",200,10,5,0.3,0.3,0.15,"fixed_dominant",0.48,500,0.642966166885554,0.726348961465934,0.63172015377927,0.0833827945803795,-0.0112460131062847,0.0014624583605852,0.00214460352513777,0.99994,1,0.48067,0.99994,1,0.833987,0.998415,1,1,0.833932,0.998415,0.999995,1,5e-06,0
444,"C_mixed","ridge_linear",200,2,2,0.7,0.3,0.15,"fixed_dominant",0.48,500,0.681839726943528,0.70008543885523,0.665471816872332,0.018245711911702,-0.0163679100711958,0.00164186931367785,0.00201288700356571,0,0.13326,0.48164,0,0.13326,0,0.134267,0.47375,0.984492,0,0.018121,0,0.249406,0.47375,0.735086
445,"C_mixed","ridge_linear",200,5,2,0.7,0.3,0.15,"fixed_dominant",0.48,500,0.671305143422924,0.716029465465862,0.660760191664436,0.0447243220429376,-0.0105449517584888,0.00156122375303377,0.00197947281010507,0.83449,0.99854,0.47827,0.83449,0.99854,0,0.134991,0.988775,0.999992,0,0.13486,0.83449,0.998671,0.154285,0.001321
446,"C_mixed","ridge_linear",200,5,5,0.7,0.3,0.15,"fixed_dominant",0.48,500,0.665155766480833,0.722875358203291,0.651982206397578,0.057719591722458,-0.0131735600832554,0.00155928748351452,0.00215833327785135,0.83081,0.99854,0.48249,0.83081,0.99854,0.83273,0.99849,0.999824,1,0.691811,0.99703,0.971729,1,0.028095,0
447,"C_mixed","ridge_linear",200,10,5,0.7,0.3,0.15,"fixed_dominant",0.48,500,0.650986500964669,0.736785080421546,0.633885880875918,0.0857985794568771,-0.0171006200887508,0.0015564370945417,0.00232147079219187,0.9999,1,0.4796,0.9999,1,0.834918,0.998208,1,1,0.834849,0.998208,0.999969,1,3.1e-05,0
448,"C_mixed","ridge_linear",200,2,2,0.3,0.7,0.15,"fixed_dominant",0.48,500,0.677181959094685,0.693976973385867,0.661937324613829,0.0167950142911824,-0.0152446344808552,0.00169084874395439,0.00203414306539825,0,0.13504,0.48162,0,0.13504,0,0.134948,0.469363,0.98319,0,0.01812,0,0.251868,0.469363,0.731322
449,"C_mixed","ridge_linear",200,5,2,0.3,0.7,0.15,"fixed_dominant",0.48,500,0.663918106640418,0.702852502979217,0.646567648485009,0.0389343963387996,-0.0173504581554085,0.00155376760965703,0.00210258855084491,0.83707,0.9988,0.4783,0.83707,0.9988,1e-06,0.13492,0.989247,0.999964,1e-06,0.134755,0.83707,0.998965,0.152177,0.000999
450,"C_mixed","ridge_linear",200,5,5,0.3,0.7,0.15,"fixed_dominant",0.48,500,0.662268925419998,0.710121491145564,0.644141216962186,0.0478525657255667,-0.0181277084578119,0.00147567161643275,0.00209666972107435,0.83285,0.9986,0.47973,0.83285,0.9986,0.833535,0.998474,0.999828,1,0.694663,0.997074,0.971722,1,0.028106,0
451,"C_mixed","ridge_linear",200,10,5,0.3,0.7,0.15,"fixed_dominant",0.48,500,0.645152359628664,0.725310366125765,0.62698387153071,0.0801580064971007,-0.0181684880979541,0.00157288756324251,0.00239003742058825,0.99978,1,0.48278,0.99978,1,0.833166,0.998338,1,1,0.832988,0.998338,0.999958,1,4.2e-05,0
452,"C_mixed","ridge_linear",200,2,2,0.7,0.7,0.15,"fixed_dominant",0.48,500,0.682263907257448,0.705227200751267,0.671027170169951,0.0229632934938183,-0.0112367370874978,0.0015376652871073,0.00183728998523548,0,0.13488,0.48065,0,0.13488,0,0.135328,0.470089,0.98313,0,0.018295,0,0.251913,0.470089,0.731217
453,"C_mixed","ridge_linear",200,5,2,0.7,0.7,0.15,"fixed_dominant",0.48,500,0.670636303856628,0.71211312844946,0.655197541036461,0.0414768245928317,-0.015438762820167,0.00155741030558462,0.00205492065916877,0.83466,0.99874,0.47804,0.83466,0.99874,0,0.134342,0.988995,0.999994,0,0.134194,0.83466,0.998888,0.154335,0.001106
454,"C_mixed","ridge_linear",200,5,5,0.7,0.7,0.15,"fixed_dominant",0.48,500,0.665612644241522,0.721371364005797,0.649127109810372,0.0557587197642748,-0.0164855344311502,0.00159999145544,0.00218909413662697,0.83434,0.99862,0.48207,0.83434,0.99862,0.83574,0.998564,0.999898,1,0.696919,0.997184,0.973161,1,0.026737,0
455,"C_mixed","ridge_linear",200,10,5,0.7,0.7,0.15,"fixed_dominant",0.48,500,0.650049663315888,0.73706273016351,0.635478413205834,0.0870130668476223,-0.014571250110054,0.0015179621983658,0.00220428803703814,0.99984,1,0.47927,0.99984,1,0.833809,0.998332,1,1,0.83367,0.998332,0.999979,1,2.1e-05,0
456,"C_mixed","ridge_linear",200,2,2,0.3,0.3,0.3,"fixed_dominant",0.48,500,0.747595196044291,0.758742543473901,0.737793936831519,0.0111473474296099,-0.00980125921277171,0.0015373091530715,0.00168810926701464,0,0.13499,0.4797,0,0.13499,2e-06,0.134575,0.474152,0.984208,0,0.018404,2e-06,0.251161,0.47415,0.733047
457,"C_mixed","ridge_linear",200,5,2,0.3,0.3,0.3,"fixed_dominant",0.48,500,0.737396841024216,0.769313777462008,0.731156211700589,0.0319169364377922,-0.0062406293236266,0.00148631543239493,0.00178785975827462,0.83507,0.99808,0.48249,0.83507,0.99808,0,0.135308,0.98895,0.999974,0,0.13506,0.83507,0.998328,0.15388,0.001646
458,"C_mixed","ridge_linear",200,5,5,0.3,0.3,0.3,"fixed_dominant",0.48,500,0.736642896693946,0.768336889753764,0.722868539082737,0.0316939930598175,-0.0137743576112092,0.0015359289717582,0.00191760478729723,0.83315,0.99836,0.4798,0.83315,0.99836,0.833599,0.99853,0.999832,1,0.694467,0.996891,0.972282,0.999999,0.02755,1e-06
459,"C_mixed","ridge_linear",200,10,5,0.3,0.3,0.3,"fixed_dominant",0.48,500,0.723404296727485,0.781663581816348,0.708025330346263,0.0582592850888633,-0.015378966381222,0.00146029213447506,0.00194660267379881,0.99986,1,0.48137,0.99986,1,0.833775,0.998334,1,1,0.833671,0.998334,0.999964,1,3.6e-05,0
460,"C_mixed","ridge_linear",200,2,2,0.7,0.3,0.3,"fixed_dominant",0.48,500,0.761772957207408,0.776383333043411,0.752990868657188,0.0146103758360034,-0.00878208855021958,0.00153928191944833,0.00173266125163178,0,0.13288,0.48135,0,0.13288,1e-06,0.134305,0.473906,0.983164,0,0.017979,1e-06,0.249206,0.473905,0.733958
461,"C_mixed","ridge_linear",200,5,2,0.7,0.3,0.3,"fixed_dominant",0.48,500,0.751731006811249,0.783787295866103,0.744395529452406,0.0320562890548544,-0.00733547735884328,0.00153876074892822,0.001828098605247,0.83314,0.99848,0.48043,0.83314,0.99848,3e-06,0.134474,0.989018,0.999966,3e-06,0.134298,0.83314,0.998656,0.155878,0.00131
462,"C_mixed","ridge_linear",200,5,5,0.7,0.3,0.3,"fixed_dominant",0.48,500,0.747184231310276,0.787855316288378,0.735817899900533,0.0406710849781018,-0.0113663314097438,0.00139601342371175,0.00174049094369882,0.83434,0.99872,0.48035,0.83434,0.99872,0.835161,0.998326,0.999784,1,0.696305,0.997046,0.973196,1,0.026588,0
463,"C_mixed","ridge_linear",200,10,5,0.7,0.3,0.3,"fixed_dominant",0.48,500,0.734196095559003,0.80053661786034,0.723735530810993,0.0663405223013369,-0.0104605647480101,0.00140086047086171,0.00182624185273514,0.99998,1,0.48036,0.99998,1,0.833479,0.998537,1,1,0.833459,0.998537,1,1,0,0
464,"C_mixed","ridge_linear",200,2,2,0.3,0.7,0.3,"fixed_dominant",0.48,500,0.751197741963088,0.762894028613445,0.741361638312859,0.0116962866503574,-0.00983610365022864,0.0014430427799804,0.0016161711397969,0,0.13478,0.47914,0,0.13478,1e-06,0.134777,0.47435,0.983659,0,0.017984,1e-06,0.251573,0.474349,0.732086
465,"C_mixed","ridge_linear",200,5,2,0.3,0.7,0.3,"fixed_dominant",0.48,500,0.741326476211974,0.769746316551591,0.730021236753573,0.0284198403396175,-0.0113052394584005,0.00145299392661846,0.00176423300000787,0.83568,0.99844,0.48014,0.83568,0.99844,0,0.134153,0.989228,0.999978,0,0.133965,0.83568,0.998628,0.153548,0.00135
466,"C_mixed","ridge_linear",200,5,5,0.3,0.7,0.3,"fixed_dominant",0.48,500,0.73978581648121,0.775656581380386,0.729694457552861,0.0358707648991755,-0.0100913589283488,0.00141968760640122,0.00174487502260639,0.83288,0.99854,0.48143,0.83288,0.99854,0.83365,0.998361,0.999852,1,0.693638,0.996901,0.972892,1,0.02696,0
467,"C_mixed","ridge_linear",200,10,5,0.3,0.7,0.3,"fixed_dominant",0.48,500,0.725977205048832,0.786772536941318,0.713434863169196,0.0607953318924853,-0.0125423418796359,0.00151258731518816,0.00204293419531557,0.99988,1,0.48169,0.99988,1,0.832457,0.998388,1,1,0.832349,0.998388,0.999988,1,1.2e-05,0
468,"C_mixed","ridge_linear",200,2,2,0.7,0.7,0.3,"fixed_dominant",0.48,500,0.761156449917967,0.777384336690193,0.754296667052091,0.0162278867722257,-0.00685978286587613,0.00153984989677411,0.00169632720923195,0,0.13443,0.47839,0,0.13443,0,0.134699,0.473407,0.983958,0,0.017921,0,0.251208,0.473407,0.73275
469,"C_mixed","ridge_linear",200,5,2,0.7,0.7,0.3,"fixed_dominant",0.48,500,0.751931384721788,0.781999510189045,0.741516590073537,0.0300681254672569,-0.0104147946482512,0.00147724071124631,0.00181467044745972,0.8347,0.99846,0.47725,0.8347,0.99846,0,0.134505,0.988907,0.99999,0,0.134345,0.8347,0.99862,0.154207,0.00137
470,"C_mixed","ridge_linear",200,5,5,0.7,0.7,0.3,"fixed_dominant",0.48,500,0.748495448201361,0.790805941807316,0.739275726078366,0.0423104936059553,-0.00921972212299517,0.00144483332425978,0.00182115357204587,0.83198,0.9983,0.47956,0.83198,0.9983,0.834136,0.998525,0.99981,1,0.694089,0.996827,0.972027,0.999998,0.027783,2e-06
471,"C_mixed","ridge_linear",200,10,5,0.7,0.7,0.3,"fixed_dominant",0.48,500,0.736486421539438,0.80072729522748,0.722667370674451,0.0642408736880418,-0.0138190508649871,0.00144579622669366,0.0019600461751653,0.99986,1,0.48181,0.99986,1,0.834648,0.998588,1,1,0.834533,0.998588,0.999975,1,2.5e-05,0
472,"C_mixed","ridge_linear",200,2,2,0.3,0.3,0.05,"long_dominant",0.48,500,0.581651365343023,0.618295087900167,0.549734033842221,0.0366437225571438,-0.0319173315008025,0.00163201684623341,0.00275530343091019,0,0.13462,0.48049,0,0.13462,0,0.134879,0.472726,0.983305,0,0.018449,0,0.25105,0.472726,0.732255
473,"C_mixed","ridge_linear",200,5,2,0.3,0.3,0.05,"long_dominant",0.48,500,0.560714174144018,0.632456620100066,0.539402350757296,0.0717424459560488,-0.0213118233867218,0.00149966225812885,0.00242795109139467,0.83597,0.99856,0.47847,0.83597,0.99856,0,0.134599,0.990043,0.999976,0,0.134374,0.83597,0.998785,0.154073,0.001191
474,"C_mixed","ridge_linear",200,5,5,0.3,0.3,0.05,"long_dominant",0.48,500,0.5593019528845,0.642054176263563,0.536768768133187,0.0827522233790634,-0.0225331847513129,0.00153185897321801,0.00273539720246994,0.83744,0.99808,0.48378,0.83744,0.99808,0.833318,0.998196,0.999842,1,0.697492,0.996278,0.973266,0.999998,0.026576,2e-06
475,"C_mixed","ridge_linear",200,10,5,0.3,0.3,0.05,"long_dominant",0.48,500,0.547148320945958,0.667099936886911,0.530620018034036,0.119951615940954,-0.0165283029119211,0.00140082606334975,0.00249713470589813,0.9998,1,0.48176,0.9998,1,0.834213,0.99834,1,1,0.834056,0.99834,0.999957,1,4.3e-05,0
476,"C_mixed","ridge_linear",200,2,2,0.7,0.3,0.05,"long_dominant",0.48,500,0.592277548339802,0.631551793815262,0.569754020625614,0.0392742454754605,-0.0225235277141879,0.00160636866192481,0.00237630876233469,0,0.13439,0.48086,0,0.13439,0,0.135373,0.472467,0.983934,0,0.018112,0,0.251651,0.472467,0.732283
477,"C_mixed","ridge_linear",200,5,2,0.7,0.3,0.05,"long_dominant",0.48,500,0.579245453426729,0.645562400695925,0.555878737333558,0.0663169472691952,-0.0233667160931717,0.00162281562561736,0.00258167120131381,0.83455,0.9983,0.47981,0.83455,0.9983,0,0.135851,0.989346,0.999992,0,0.135635,0.83455,0.998516,0.154796,0.001476
478,"C_mixed","ridge_linear",200,5,5,0.7,0.3,0.05,"long_dominant",0.48,500,0.572675881815521,0.660929577946898,0.552640729994375,0.0882536961313764,-0.0200351518211464,0.00157806530491432,0.00252417275375592,0.83417,0.9986,0.47884,0.83417,0.9986,0.834485,0.998502,0.999842,1,0.695673,0.997102,0.972982,1,0.02686,0
479,"C_mixed","ridge_linear",200,10,5,0.7,0.3,0.05,"long_dominant",0.48,500,0.559624310076196,0.682292564279062,0.544159368948842,0.122668254202866,-0.0154649411273534,0.00149889233786259,0.0024942134117644,0.99986,1,0.4805,0.99986,1,0.834676,0.998456,1,1,0.834562,0.998456,0.999974,1,2.6e-05,0
480,"C_mixed","ridge_linear",200,2,2,0.3,0.7,0.05,"long_dominant",0.48,500,0.58444304139436,0.62061171639999,0.552984562621746,0.0361686750056293,-0.031458478772614,0.00165034459905323,0.00260593931262524,0,0.13385,0.47953,0,0.13385,0,0.134205,0.473279,0.983868,0,0.017728,0,0.250327,0.473279,0.733541
481,"C_mixed","ridge_linear",200,5,2,0.3,0.7,0.05,"long_dominant",0.48,500,0.566869910615038,0.637512566626304,0.542990557771984,0.0706426560112659,-0.0238793528430548,0.00159741310345295,0.00264498078386414,0.83406,0.99858,0.48142,0.83406,0.99858,0,0.134733,0.988952,0.999972,0,0.134532,0.83406,0.998781,0.154892,0.001191
482,"C_mixed","ridge_linear",200,5,5,0.3,0.7,0.05,"long_dominant",0.48,500,0.56351222750398,0.64801919140634,0.53849985402477,0.0845069639023597,-0.0250123734792106,0.00152298605580815,0.00261517759662755,0.83435,0.99854,0.4836,0.83435,0.99854,0.833768,0.998432,0.999852,1,0.695471,0.996974,0.972647,0.999998,0.027205,2e-06
483,"C_mixed","ridge_linear",200,10,5,0.3,0.7,0.05,"long_dominant",0.48,500,0.551219431353627,0.672913337492959,0.536065018094881,0.121693906139332,-0.0151544132587461,0.00147728708927178,0.00266632952141375,0.99984,1,0.47977,0.99984,1,0.833583,0.998503,1,1,0.833447,0.998503,0.999976,1,2.4e-05,0
484,"C_mixed","ridge_linear",200,2,2,0.7,0.7,0.05,"long_dominant",0.48,500,0.590933100246699,0.628588720236761,0.564987755916831,0.0376556199900624,-0.0259453443298674,0.00170663399900073,0.00263859664443293,0,0.1358,0.48131,0,0.1358,0,0.133891,0.46814,0.983372,0,0.017871,0,0.25182,0.46814,0.731552
485,"C_mixed","ridge_linear",200,5,2,0.7,0.7,0.05,"long_dominant",0.48,500,0.576712337567781,0.645403761891477,0.556909400434838,0.0686914243236951,-0.0198029371329431,0.00156430104588177,0.00251055005632729,0.83216,0.99839,0.47658,0.83216,0.99839,0,0.135027,0.988649,1,0,0.134767,0.83216,0.99865,0.156489,0.00135
486,"C_mixed","ridge_linear",200,5,5,0.7,0.7,0.05,"long_dominant",0.48,500,0.573727461732462,0.658379199810869,0.550543558647711,0.0846517380784066,-0.0231839030847517,0.00152990593331033,0.0023968410349746,0.83376,0.99854,0.47877,0.83376,0.99854,0.833615,0.998254,0.99983,1,0.69487,0.996804,0.972505,0.99999,0.027325,1e-05
487,"C_mixed","ridge_linear",200,10,5,0.7,0.7,0.05,"long_dominant",0.48,500,0.560449423673476,0.684597619443605,0.547388479258811,0.124148195770128,-0.0130609444146654,0.00155084905113786,0.00254177339062729,0.99978,1,0.48107,0.99978,1,0.834438,0.998262,1,1,0.83426,0.998262,0.999958,1,4.2e-05,0
488,"C_mixed","ridge_linear",200,2,2,0.3,0.3,0.15,"long_dominant",0.48,500,0.656145169265122,0.680319839495914,0.637930644837459,0.0241746702307923,-0.018214524427663,0.00166570250608459,0.00219157325735952,0,0.13498,0.47796,0,0.13498,0,0.135155,0.474048,0.983328,0,0.018356,0,0.251779,0.474048,0.731549
489,"C_mixed","ridge_linear",200,5,2,0.3,0.3,0.15,"long_dominant",0.48,500,0.637165769042325,0.689338452498215,0.620017790420876,0.0521726834558899,-0.0171479786214486,0.00158063549820728,0.00225838141089811,0.83503,0.99856,0.47728,0.83503,0.99856,0,0.134598,0.989459,0.999994,0,0.134406,0.83503,0.998752,0.154429,0.001242
490,"C_mixed","ridge_linear",200,5,5,0.3,0.3,0.15,"long_dominant",0.48,500,0.634207913393153,0.697362209197854,0.618339722540746,0.0631542958047017,-0.0158681908524069,0.00153202652165204,0.0023265071648226,0.83312,0.9985,0.48109,0.83312,0.9985,0.834186,0.998376,0.999834,1,0.694894,0.996877,0.972412,0.999999,0.027422,1e-06
491,"C_mixed","ridge_linear",200,10,5,0.3,0.3,0.15,"long_dominant",0.48,500,0.613210023832792,0.710856474474244,0.594608951355376,0.0976464506414526,-0.0186010724774164,0.00150092942763704,0.00236880442921076,0.9998,1,0.48312,0.9998,1,0.832937,0.998446,1,1,0.832748,0.998446,0.999989,1,1.1e-05,0
492,"C_mixed","ridge_linear",200,2,2,0.7,0.3,0.15,"long_dominant",0.48,500,0.679262581341123,0.700041114485914,0.661061814390375,0.020778533144791,-0.0182007669507474,0.00158933985965801,0.0019657016623192,0,0.1345,0.48025,0,0.1345,0,0.133978,0.47375,0.983904,0,0.018226,0,0.250252,0.47375,0.733652
493,"C_mixed","ridge_linear",200,5,2,0.7,0.3,0.15,"long_dominant",0.48,500,0.665354860364356,0.711452166778522,0.648491639566892,0.0460973064141663,-0.0168632207974635,0.00159742289583148,0.00220475305559535,0.83281,0.9987,0.47931,0.83281,0.9987,0,0.13513,0.989281,1,0,0.134957,0.83281,0.998873,0.156471,0.001127
494,"C_mixed","ridge_linear",200,5,5,0.7,0.3,0.15,"long_dominant",0.48,500,0.658007483301854,0.720471334336938,0.64216132337723,0.0624638510350839,-0.0158461599246241,0.00152729847666412,0.00211890066583841,0.83657,0.9983,0.47938,0.83657,0.9983,0.83585,0.998412,0.999914,1,0.699701,0.996713,0.972719,0.999999,0.027195,1e-06
495,"C_mixed","ridge_linear",200,10,5,0.7,0.3,0.15,"long_dominant",0.48,500,0.640912163844419,0.735969770083531,0.625652845966755,0.095057606239112,-0.0152593178776641,0.00160185848232681,0.00236045619974373,0.99984,1,0.48056,0.99984,1,0.835694,0.998328,1,1,0.83556,0.998328,0.999974,1,2.6e-05,0
496,"C_mixed","ridge_linear",200,2,2,0.3,0.7,0.15,"long_dominant",0.48,500,0.665455664502082,0.688372374240781,0.645828361782559,0.0229167097386988,-0.0196273027195231,0.00154730183140397,0.0020414998287609,0,0.13463,0.47988,0,0.13463,0,0.135106,0.471252,0.983616,0,0.017966,0,0.25177,0.471252,0.731846
497,"C_mixed","ridge_linear",200,5,2,0.3,0.7,0.15,"long_dominant",0.48,500,0.642521454451564,0.697426151122316,0.628259542612133,0.0549046966707512,-0.0142619118394316,0.00162551558211049,0.00225773127078208,0.83366,0.99836,0.48324,0.83366,0.99836,0,0.13536,0.988799,0.999988,0,0.135146,0.83366,0.998574,0.155139,0.001414
498,"C_mixed","ridge_linear",200,5,5,0.3,0.7,0.15,"long_dominant",0.48,500,0.641980645468288,0.702016959813054,0.621548111642154,0.0600363143447659,-0.0204325338261339,0.00149845333732529,0.00228148642119098,0.83243,0.99868,0.48111,0.83243,0.99868,0.833115,0.998441,0.999818,1,0.694002,0.997122,0.971543,0.999999,0.028275,1e-06
499,"C_mixed","ridge_linear",200,10,5,0.3,0.7,0.15,"long_dominant",0.48,500,0.621345021791933,0.717618874199368,0.6018361936702,0.0962738524074349,-0.0195088281217326,0.001487777339883,0.00228366061961711,0.99992,1,0.4807,0.99992,1,0.834438,0.998419,1,1,0.834368,0.998419,0.99999,1,1e-05,0
500,"C_mixed","ridge_linear",200,2,2,0.7,0.7,0.15,"long_dominant",0.48,500,0.677912731509193,0.702691358744,0.664026562566026,0.0247786272348065,-0.0138861689431669,0.00161729518455894,0.00204020108360792,0,0.13595,0.48021,0,0.13595,0,0.135365,0.472053,0.983067,0,0.018802,0,0.252513,0.472053,0.730554
501,"C_mixed","ridge_linear",200,5,2,0.7,0.7,0.15,"long_dominant",0.48,500,0.665811746357402,0.714062589596793,0.653165517143544,0.0482508432393911,-0.0126462292138585,0.00148211216934231,0.00195246839658589,0.83349,0.99848,0.48013,0.83349,0.99848,0,0.134262,0.9892,0.999994,0,0.134053,0.83349,0.998689,0.15571,0.001305
502,"C_mixed","ridge_linear",200,5,5,0.7,0.7,0.15,"long_dominant",0.48,500,0.659094179071038,0.721877351301749,0.643121957810397,0.0627831722307109,-0.0159722212606411,0.00159696157620767,0.0022654660552523,0.83291,0.99838,0.48167,0.83291,0.99838,0.833323,0.998267,0.999836,1,0.694326,0.99665,0.971907,0.999997,0.027929,3e-06
503,"C_mixed","ridge_linear",200,10,5,0.7,0.7,0.15,"long_dominant",0.48,500,0.644057176570864,0.73749045322958,0.628171438276227,0.0934332766587153,-0.0158857382946373,0.00149075148969451,0.00223355468305443,0.99984,1,0.48284,0.99984,1,0.832853,0.998252,1,1,0.832726,0.998252,0.999967,1,3.3e-05,0
504,"C_mixed","ridge_linear",200,2,2,0.3,0.3,0.3,"long_dominant",0.48,500,0.727555185184115,0.742292347960236,0.711774339954366,0.0147371627761214,-0.015780845229749,0.00160722105319948,0.0019394747324363,0,0.13408,0.47838,0,0.13408,0,0.134918,0.47211,0.983101,0,0.018206,0,0.250792,0.47211,0.732309
505,"C_mixed","ridge_linear",200,5,2,0.3,0.3,0.3,"long_dominant",0.48,500,0.710108339454644,0.750037549493217,0.696251671204102,0.0399292100385731,-0.0138566682505422,0.00147581724892918,0.00194161364143344,0.83368,0.99844,0.47907,0.83368,0.99844,0,0.134592,0.98955,0.999994,0,0.134422,0.83368,0.99861,0.15587,0.001384
506,"C_mixed","ridge_linear",200,5,5,0.3,0.3,0.3,"long_dominant",0.48,500,0.7056839419603,0.751780531278794,0.689062411900586,0.0460965893184947,-0.0166215300597139,0.00149572003612848,0.00211750945921319,0.83591,0.99832,0.48134,0.83591,0.99832,0.834626,0.998432,0.99986,1,0.69784,0.996754,0.972696,0.999998,0.027164,2e-06
507,"C_mixed","ridge_linear",200,10,5,0.3,0.3,0.3,"long_dominant",0.48,500,0.685152753947748,0.763174376561164,0.668168035670096,0.0780216226134158,-0.0169847182776525,0.00147179548175767,0.00218175442181062,0.99986,1,0.48193,0.99986,1,0.832709,0.998287,1,1,0.832598,0.998287,0.999971,1,2.9e-05,0
508,"C_mixed","ridge_linear",200,2,2,0.7,0.3,0.3,"long_dominant",0.48,500,0.757693813367698,0.774209216765937,0.747510012243367,0.0165154033982388,-0.0101838011243314,0.00139826682453956,0.00161948445392206,1e-05,0.13564,0.47856,1e-05,0.13564,0,0.135471,0.474017,0.982939,0,0.018403,1e-05,0.252708,0.474007,0.730231
509,"C_mixed","ridge_linear",200,5,2,0.7,0.3,0.3,"long_dominant",0.48,500,0.747013768030248,0.77905976542969,0.733155625862769,0.0320459973994419,-0.0138581421674794,0.00141550515663048,0.00172146314085752,0.83166,0.99802,0.48218,0.83166,0.99802,0,0.134293,0.988892,0.999986,0,0.134067,0.83166,0.998246,0.157232,0.00174
510,"C_mixed","ridge_linear",200,5,5,0.7,0.3,0.3,"long_dominant",0.48,500,0.741363033039796,0.788186472717037,0.730457891912703,0.0468234396772413,-0.010905141127093,0.00146725034668208,0.0018835223786728,0.83237,0.99832,0.47752,0.83237,0.99832,0.833663,0.998452,0.999836,1,0.694061,0.996774,0.971972,0.999998,0.027864,2e-06
511,"C_mixed","ridge_linear",200,10,5,0.7,0.3,0.3,"long_dominant",0.48,500,0.726459501686385,0.799305262728356,0.71417305712553,0.0728457610419707,-0.0122864445608549,0.00137642943714079,0.00188591500553762,0.9998,1,0.47923,0.9998,1,0.834638,0.998472,1,1,0.834483,0.998472,0.999955,1,4.5e-05,0
512,"C_mixed","ridge_linear",200,2,2,0.3,0.7,0.3,"long_dominant",0.48,500,0.736147247620784,0.750609009703228,0.720640260743713,0.014461762082444,-0.0155069868770715,0.00153574560267211,0.00185213718677489,0,0.13485,0.48119,0,0.13485,0,0.134615,0.471577,0.983261,0,0.018018,0,0.251447,0.471577,0.731814
513,"C_mixed","ridge_linear",200,5,2,0.3,0.7,0.3,"long_dominant",0.48,500,0.720568963632343,0.759002687226507,0.70669222688922,0.0384337235941644,-0.0138767367431232,0.00151746373380232,0.00193620334948371,0.83372,0.99868,0.47944,0.83372,0.99868,0,0.134584,0.988854,0.999988,0,0.134431,0.83372,0.998833,0.155134,0.001155
514,"C_mixed","ridge_linear",200,5,5,0.3,0.7,0.3,"long_dominant",0.48,500,0.716680707773893,0.763936912764925,0.703027711823028,0.0472562049910319,-0.0136529959508643,0.00154305940459339,0.00208155975769063,0.83342,0.99816,0.47765,0.83342,0.99816,0.832799,0.998458,0.999836,1,0.694624,0.996621,0.971595,0.999997,0.028241,3e-06
515,"C_mixed","ridge_linear",200,10,5,0.3,0.7,0.3,"long_dominant",0.48,500,0.697106914927078,0.774907900391192,0.680109045716711,0.0778009854641146,-0.0169978692103667,0.00140029997465506,0.00209486854336239,0.99982,1,0.47666,0.99982,1,0.833251,0.998276,1,1,0.833095,0.998276,0.999976,1,2.4e-05,0
516,"C_mixed","ridge_linear",200,2,2,0.7,0.7,0.3,"long_dominant",0.48,500,0.759476934163398,0.772403984262459,0.744910347165607,0.0129270500990611,-0.0145665869977905,0.00145948042700428,0.00165328446870787,0,0.13345,0.48088,0,0.13345,0,0.134904,0.470618,0.983647,0,0.017525,0,0.250829,0.470618,0.732818
517,"C_mixed","ridge_linear",200,5,2,0.7,0.7,0.3,"long_dominant",0.48,500,0.74811978506053,0.778137531997975,0.732349496509001,0.0300177469374453,-0.0157702885515293,0.00148030150168654,0.00182287646052592,0.83526,0.99854,0.47919,0.83526,0.99854,0,0.135299,0.989648,0.999994,0,0.135136,0.83526,0.998703,0.154388,0.001291
518,"C_mixed","ridge_linear",200,5,5,0.7,0.7,0.3,"long_dominant",0.48,500,0.740979703001897,0.788409594380261,0.730994722857481,0.0474298913783636,-0.00998498014441654,0.00142273128148829,0.00183839387780941,0.83436,0.99868,0.4799,0.83436,0.99868,0.835217,0.998332,0.999864,1,0.696637,0.997012,0.97294,1,0.026924,0
519,"C_mixed","ridge_linear",200,10,5,0.7,0.7,0.3,"long_dominant",0.48,500,0.726723647295876,0.801202029712158,0.716793749558789,0.0744783824162814,-0.00992989773708728,0.00140463462260834,0.00190183253509269,0.9999,1,0.47918,0.9999,1,0.834015,0.998184,1,1,0.833927,0.998184,0.999988,1,1.2e-05,0
520,"C_mixed","ridge_linear",200,2,2,0.3,0.3,0.05,"balanced",0.48,500,0.588119252821882,0.61974796718003,0.562524783090095,0.0316287143581481,-0.0255944697317862,0.00161303063226661,0.002492099561975,0,0.13509,0.47996,0,0.13509,0,0.134547,0.47262,0.98349,0,0.018161,0,0.251476,0.47262,0.732014
521,"C_mixed","ridge_linear",200,5,2,0.3,0.3,0.05,"balanced",0.48,500,0.57049550285468,0.637020908735189,0.550116936796347,0.0665254058805084,-0.0203785660583331,0.00155374960798549,0.00252761298650079,0.83153,0.99826,0.4822,0.83153,0.99826,0,0.134768,0.988888,0.999998,0,0.134501,0.83153,0.998527,0.157358,0.001471
522,"C_mixed","ridge_linear",200,5,5,0.3,0.3,0.05,"balanced",0.48,500,0.568924436739862,0.643577904356317,0.543415739157687,0.0746534676164547,-0.0255086975821751,0.00159826019232886,0.00263965069271638,0.83304,0.99864,0.47869,0.83304,0.99864,0.835587,0.998422,0.999852,1,0.695681,0.997062,0.972946,1,0.026906,0
523,"C_mixed","ridge_linear",200,10,5,0.3,0.3,0.05,"balanced",0.48,500,0.555118064564088,0.667486611782036,0.537080989489083,0.112368547217948,-0.0180370750750043,0.00148371139870722,0.00256944355848058,0.99984,1,0.47887,0.99984,1,0.833234,0.998466,1,1,0.833109,0.998466,0.999965,1,3.5e-05,0
524,"C_mixed","ridge_linear",200,2,2,0.7,0.3,0.05,"balanced",0.48,500,0.593838122565794,0.626979087762154,0.566053441553461,0.03314096519636,-0.0277846810123325,0.00169508698333516,0.00255033927343505,0,0.13488,0.47976,0,0.13488,0,0.134322,0.472001,0.982836,0,0.018451,0,0.250751,0.472001,0.732085
525,"C_mixed","ridge_linear",200,5,2,0.7,0.3,0.05,"balanced",0.48,500,0.580144154435062,0.647197398201418,0.563216350488569,0.067053243766356,-0.0169278039464936,0.00153450344187121,0.00233772538984749,0.83382,0.99798,0.48152,0.83382,0.99798,0,0.134555,0.988748,0.999978,0,0.134226,0.83382,0.998309,0.154928,0.001669
526,"C_mixed","ridge_linear",200,5,5,0.7,0.3,0.05,"balanced",0.48,500,0.573768405316708,0.659623290573377,0.554625054866382,0.0858548852566691,-0.0191433504503261,0.00161619971127945,0.00263486726269395,0.83372,0.9984,0.47954,0.83372,0.9984,0.832916,0.99848,0.999838,1,0.694162,0.996882,0.972474,0.999998,0.027364,2e-06
527,"C_mixed","ridge_linear",200,10,5,0.7,0.3,0.05,"balanced",0.48,500,0.561559850466027,0.684263547384293,0.550951818153088,0.122703696918266,-0.0106080323129388,0.00150131729996681,0.0024711877115465,0.99996,1,0.48007,0.99996,1,0.836447,0.998401,1,1,0.836415,0.998401,0.999992,1,8e-06,0
528,"C_mixed","ridge_linear",200,2,2,0.3,0.7,0.05,"balanced",0.48,500,0.586992246644236,0.618520318673674,0.555833114367079,0.0315280720294389,-0.0311591322771564,0.00163646061102679,0.00256377997357273,0,0.1341,0.47826,0,0.1341,0,0.134694,0.472505,0.983457,0,0.018213,0,0.250581,0.472505,0.732876
529,"C_mixed","ridge_linear",200,5,2,0.3,0.7,0.05,"balanced",0.48,500,0.571817588946355,0.638482708974478,0.55107542301971,0.0666651200281235,-0.0207421659266448,0.00157884936747323,0.00256497722490634,0.83406,0.9984,0.47663,0.83406,0.9984,0,0.135752,0.988999,0.99999,0,0.135533,0.83406,0.998619,0.154939,0.001371
530,"C_mixed","ridge_linear",200,5,5,0.3,0.7,0.05,"balanced",0.48,500,0.570707581148688,0.648093353346943,0.545263018658673,0.0773857721982551,-0.0254445624900148,0.00155402274927474,0.0026314695289745,0.83264,0.99828,0.48168,0.83264,0.99828,0.83057,0.998563,0.999814,1,0.691328,0.996844,0.971882,0.999999,0.027932,1e-06
531,"C_mixed","ridge_linear",200,10,5,0.3,0.7,0.05,"balanced",0.48,500,0.556982242775742,0.672342909039625,0.538660761702613,0.115360666263883,-0.0183214810731291,0.00143362008111129,0.00246897626546421,0.9998,1,0.47888,0.9998,1,0.834411,0.998488,1,1,0.834246,0.998488,0.999965,1,3.5e-05,0
532,"C_mixed","ridge_linear",200,2,2,0.7,0.7,0.05,"balanced",0.48,500,0.595757790250077,0.630482241516967,0.571231400521619,0.0347244512668901,-0.0245263897284575,0.00158284748734984,0.00239565883308916,0,0.13557,0.47767,0,0.13557,0,0.135049,0.473614,0.983438,0,0.01845,0,0.252169,0.473614,0.731269
533,"C_mixed","ridge_linear",200,5,2,0.7,0.7,0.05,"balanced",0.48,500,0.579247266329262,0.645754239979118,0.558994428379426,0.0665069736498557,-0.0202528379498363,0.00161130011546117,0.00254566107327908,0.8371,0.99834,0.4792,0.8371,0.99834,0,0.134089,0.989115,0.999966,0,0.13385,0.8371,0.998579,0.152015,0.001387
534,"C_mixed","ridge_linear",200,5,5,0.7,0.7,0.05,"balanced",0.48,500,0.575479827614882,0.661549505963799,0.558191695181302,0.0860696783489173,-0.0172881324335797,0.00158889818057313,0.00250716420664636,0.835,0.99826,0.47761,0.835,0.99826,0.835135,0.998418,0.999934,1,0.69717,0.996683,0.972965,0.999995,0.026969,5e-06
535,"C_mixed","ridge_linear",200,10,5,0.7,0.7,0.05,"balanced",0.48,500,0.56376466938614,0.684344580839889,0.549144584208677,0.120579911453749,-0.0146200851774632,0.00155350269239076,0.0025478369649113,0.99982,1,0.47996,0.99982,1,0.833046,0.99829,1,1,0.832889,0.99829,0.999977,1,2.3e-05,0
536,"C_mixed","ridge_linear",200,2,2,0.3,0.3,0.15,"balanced",0.48,500,0.666243193529255,0.683688942430746,0.647243977665466,0.0174457489014912,-0.0189992158637887,0.00159811420590702,0.00204189600854128,0,0.13488,0.4828,0,0.13488,0,0.134769,0.470972,0.982906,0,0.018313,0,0.251336,0.470972,0.73157
537,"C_mixed","ridge_linear",200,5,2,0.3,0.3,0.15,"balanced",0.48,500,0.649362686346307,0.694400012267931,0.632263938726694,0.0450373259216235,-0.0170987476196126,0.00161864567957574,0.00223895718812334,0.83722,0.99832,0.48057,0.83722,0.99832,0,0.134889,0.989228,0.99998,0,0.134656,0.83722,0.998553,0.152008,0.001427
538,"C_mixed","ridge_linear",200,5,5,0.3,0.3,0.15,"balanced",0.48,500,0.648083315100996,0.698816483132343,0.627668136991788,0.0507331680313469,-0.0204151781092084,0.00154520707046696,0.0021826329545218,0.83505,0.99868,0.48445,0.83505,0.99868,0.834534,0.998345,0.999886,1,0.6969,0.997026,0.972684,0.999999,0.027202,1e-06
539,"C_mixed","ridge_linear",200,10,5,0.3,0.3,0.15,"balanced",0.48,500,0.628239124234568,0.715345787252307,0.609719762591477,0.087106663017739,-0.0185193616430908,0.00149141093773042,0.00234832467415541,0.99992,1,0.48147,0.99992,1,0.835301,0.998396,1,1,0.835238,0.998396,0.999983,1,1.7e-05,0
540,"C_mixed","ridge_linear",200,2,2,0.7,0.3,0.15,"balanced",0.48,500,0.680747319877879,0.702363098279868,0.666229040826029,0.0216157784019882,-0.0145182790518505,0.00151955314448219,0.00187260229891078,0,0.13749,0.48137,0,0.13749,0,0.134799,0.469667,0.983531,0,0.018603,0,0.253686,0.469667,0.729845
541,"C_mixed","ridge_linear",200,5,2,0.7,0.3,0.15,"balanced",0.48,500,0.66705031821434,0.710392975138259,0.650045402746739,0.0433426569239194,-0.0170049154676004,0.00151074535621549,0.00210035413694003,0.83446,0.99838,0.47826,0.83446,0.99838,0,0.135006,0.989354,0.999996,0,0.134769,0.83446,0.998617,0.154894,0.001379
542,"C_mixed","ridge_linear",200,5,5,0.7,0.3,0.15,"balanced",0.48,500,0.662516867682719,0.723453516528561,0.649096603580353,0.0609366488458417,-0.0134202641023667,0.0014300928751762,0.00200982391156828,0.83536,0.99838,0.47988,0.83536,0.99838,0.83374,0.99841,0.999858,1,0.69674,0.99679,0.97236,1,0.027498,0
543,"C_mixed","ridge_linear",200,10,5,0.7,0.3,0.15,"balanced",0.48,500,0.646053807935927,0.736241607018744,0.629870414993605,0.0901877990828171,-0.0161833929423224,0.00158106116491234,0.00234279635264901,0.99986,1,0.48048,0.99986,1,0.835358,0.9984,1,1,0.83523,0.9984,0.999988,1,1.2e-05,0
544,"C_mixed","ridge_linear",200,2,2,0.3,0.7,0.15,"balanced",0.48,500,0.669544521377717,0.689354289725484,0.653966356421014,0.0198097683477672,-0.0155781649567038,0.00158945309259302,0.00198969433366218,0,0.13374,0.47929,0,0.13374,0,0.134658,0.470944,0.984045,0,0.017987,0,0.250411,0.470944,0.733634
545,"C_mixed","ridge_linear",200,5,2,0.3,0.7,0.15,"balanced",0.48,500,0.656519672496189,0.700341728493439,0.638924765337047,0.0438220559972495,-0.0175949071591425,0.00151815902514849,0.0020642301023224,0.83654,0.99856,0.48198,0.83654,0.99856,0,0.135061,0.988444,0.999976,0,0.134883,0.83654,0.998738,0.151904,0.001238
546,"C_mixed","ridge_linear",200,5,5,0.3,0.7,0.15,"balanced",0.48,500,0.651145646284085,0.708506191923004,0.63778722295604,0.0573605456389194,-0.0133584233280449,0.00155353676983218,0.00221342984146962,0.8372,0.9984,0.48014,0.8372,0.9984,0.833832,0.998431,0.999878,1,0.697889,0.996833,0.973143,0.999998,0.026735,2e-06
547,"C_mixed","ridge_linear",200,10,5,0.3,0.7,0.15,"balanced",0.48,500,0.634233834447532,0.723097572846655,0.616029574001041,0.0888637383991235,-0.0182042604464911,0.00149976255131429,0.00226961652364572,0.99988,1,0.48029,0.99988,1,0.834971,0.998334,1,1,0.834867,0.998334,0.999984,1,1.6e-05,0
548,"C_mixed","ridge_linear",200,2,2,0.7,0.7,0.15,"balanced",0.48,500,0.681089888675039,0.701701440533094,0.664392468930692,0.0206115518580554,-0.0166974197443472,0.00153466864967131,0.00186458100728401,0,0.13345,0.47802,0,0.13345,0,0.134369,0.474653,0.983358,0,0.017696,0,0.250123,0.474653,0.733235
549,"C_mixed","ridge_linear",200,5,2,0.7,0.7,0.15,"balanced",0.48,500,0.66752996124096,0.712469635526513,0.654340625177741,0.0449396742855524,-0.013189336063219,0.00165893406102608,0.00216040421645796,0.83275,0.99846,0.47742,0.83275,0.99846,0,0.133043,0.988316,0.999998,0,0.132834,0.83275,0.998669,0.155566,0.001329
550,"C_mixed","ridge_linear",200,5,5,0.7,0.7,0.15,"balanced",0.48,500,0.662609200836824,0.721981125165921,0.647029715112576,0.0593719243290972,-0.0155794857242478,0.00160348056367985,0.00219732135847004,0.83543,0.99877,0.48198,0.83543,0.99877,0.834914,0.998594,0.9998,1,0.697676,0.997364,0.972668,1,0.027132,0
551,"C_mixed","ridge_linear",200,10,5,0.7,0.7,0.15,"balanced",0.48,500,0.64605939771141,0.737982525606918,0.631789275190654,0.0919231278955087,-0.0142701225207555,0.00144887883943162,0.0021019027302816,0.99982,1,0.48276,0.99982,1,0.834673,0.998502,1,1,0.834538,0.998502,0.999955,1,4.5e-05,0
552,"C_mixed","ridge_linear",200,2,2,0.3,0.3,0.3,"balanced",0.48,500,0.734547655767773,0.746408251088691,0.721420633798714,0.011860595320918,-0.0131270219690591,0.00150109410570609,0.00172505458113955,0,0.13488,0.4785,0,0.13488,0,0.134991,0.472192,0.983869,0,0.01828,0,0.251591,0.472192,0.732278
553,"C_mixed","ridge_linear",200,5,2,0.3,0.3,0.3,"balanced",0.48,500,0.722661648896556,0.75701531695257,0.712294295142644,0.0343536680560139,-0.0103673537539121,0.00145794534102165,0.00183050358461032,0.83552,0.99844,0.47987,0.83552,0.99844,0,0.135111,0.989329,0.999966,0,0.13491,0.83552,0.998641,0.153809,0.001325
554,"C_mixed","ridge_linear",200,5,5,0.3,0.3,0.3,"balanced",0.48,500,0.722132991006204,0.7595868359559,0.707357512948263,0.037453844949696,-0.0147754780579414,0.00149841684116827,0.00194111678545066,0.83382,0.99858,0.47979,0.83382,0.99858,0.833017,0.998284,0.999874,1,0.6944,0.996866,0.972437,0.999998,0.027437,2e-06
555,"C_mixed","ridge_linear",200,10,5,0.3,0.3,0.3,"balanced",0.48,500,0.705333464008314,0.771507276538523,0.689015247717455,0.0661738125302099,-0.0163182162908583,0.00146772922294232,0.00206275883329833,0.9997,1,0.47869,0.9997,1,0.83426,0.998358,1,1,0.833992,0.998358,0.999968,1,3.2e-05,0
556,"C_mixed","ridge_linear",200,2,2,0.7,0.3,0.3,"balanced",0.48,500,0.759596863772036,0.772450839477048,0.747009145094854,0.0128539757050118,-0.0125877186771826,0.00149827154412529,0.00168338202205277,0,0.13471,0.47823,0,0.13471,0,0.134668,0.470851,0.982901,0,0.017932,0,0.251446,0.470851,0.731455
557,"C_mixed","ridge_linear",200,5,2,0.7,0.3,0.3,"balanced",0.48,500,0.749638002111462,0.783325652474698,0.740826071937613,0.0336876503632357,-0.00881193017384925,0.0014318309908936,0.00174524508642446,0.83313,0.99832,0.47974,0.83313,0.99832,0,0.134657,0.988941,1,0,0.134419,0.83313,0.998558,0.155811,0.001442
558,"C_mixed","ridge_linear",200,5,5,0.7,0.3,0.3,"balanced",0.48,500,0.743904971164931,0.784602558061036,0.728937942562218,0.0406975868961051,-0.0149670286027128,0.00134137359476624,0.0017041566695328,0.83466,0.99836,0.48276,0.83466,0.99836,0.832847,0.998506,0.999876,1,0.695254,0.99687,0.972253,0.999996,0.027623,4e-06
559,"C_mixed","ridge_linear",200,10,5,0.7,0.3,0.3,"balanced",0.48,500,0.730815017762019,0.800170721067389,0.718881041831313,0.0693557033053701,-0.0119339759307064,0.00135216563442892,0.00186707237057767,0.99986,1,0.48204,0.99986,1,0.834292,0.998408,1,1,0.834192,0.998408,0.99996,1,4e-05,0
560,"C_mixed","ridge_linear",200,2,2,0.3,0.7,0.3,"balanced",0.48,500,0.742390773920113,0.757784651703167,0.733036508937911,0.0153938777830534,-0.00935426498220258,0.00153422254781496,0.00175153114380114,0,0.13479,0.47955,0,0.13479,0,0.134452,0.473176,0.983801,0,0.018205,0,0.251037,0.473176,0.732764
561,"C_mixed","ridge_linear",200,5,2,0.3,0.7,0.3,"balanced",0.48,500,0.73109738669464,0.763051718191968,0.718581268037806,0.0319543314973283,-0.0125161186568339,0.00142071104609216,0.00176323553185321,0.8301,0.9981,0.48224,0.8301,0.9981,0,0.13498,0.989519,0.99999,0,0.134712,0.8301,0.998368,0.159419,0.001622
562,"C_mixed","ridge_linear",200,5,5,0.3,0.7,0.3,"balanced",0.48,500,0.72756240161647,0.767391860718105,0.714588356962748,0.0398294591016351,-0.0129740446537215,0.00156492310477515,0.00198829218780569,0.83364,0.99848,0.47825,0.83364,0.99848,0.832657,0.998435,0.9999,1,0.693898,0.996918,0.972399,0.999997,0.027501,3e-06
563,"C_mixed","ridge_linear",200,10,5,0.3,0.7,0.3,"balanced",0.48,500,0.709978836091923,0.781268827931797,0.699642421536268,0.0712899918398747,-0.0103364145556546,0.00145612674670903,0.00198680143194506,0.99988,1,0.4789,0.99988,1,0.832413,0.998376,1,1,0.832331,0.998376,0.999962,1,3.8e-05,0
564,"C_mixed","ridge_linear",200,2,2,0.7,0.7,0.3,"balanced",0.48,500,0.759634594281858,0.772612644892589,0.747932759648033,0.0129780506107314,-0.0117018346338249,0.00141358622970188,0.00157224232489495,0,0.13448,0.48266,0,0.13448,0,0.134509,0.473339,0.982949,0,0.01854,0,0.250449,0.473339,0.7325
565,"C_mixed","ridge_linear",200,5,2,0.7,0.7,0.3,"balanced",0.48,500,0.750679686518527,0.784268717582591,0.742246463888594,0.0335890310640643,-0.00843322262993265,0.00146422747130817,0.00176961986905941,0.8337,0.99826,0.47814,0.8337,0.99826,0,0.134156,0.989078,0.99999,0,0.133892,0.8337,0.998524,0.155378,0.001466
566,"C_mixed","ridge_linear",200,5,5,0.7,0.7,0.3,"balanced",0.48,500,0.744285238515214,0.788852305508716,0.733992405001003,0.0445670669935022,-0.0102928335142102,0.0014045598019397,0.00177746610524127,0.83545,0.9982,0.47812,0.83545,0.9982,0.835231,0.998484,0.999872,1,0.698048,0.996688,0.972633,0.999996,0.027239,4e-06
567,"C_mixed","ridge_linear",200,10,5,0.7,0.7,0.3,"balanced",0.48,500,0.733497407844201,0.799658136966299,0.71845408213886,0.0661607291220981,-0.0150433257053402,0.0013866351275003,0.00187001716280149,0.99986,1,0.47832,0.99986,1,0.834306,0.998588,1,1,0.834181,0.998588,0.999985,1,1.5e-05,0
1,"A_fixed","xgboost",50,2,0,NA,NA,0.05,NA,0.48,500,0.524920282311201,1,0.508896344067438,0.475079717688799,-0.0160239382437632,0.00101830271086335,0.004742306488479,0.02964,0.70704,0.48024,0.02964,0.70704,NA,NA,NA,NA,NA,NA,NA,NA,NA,NA
2,"A_fixed","xgboost",50,5,0,NA,NA,0.05,NA,0.48,500,0.528191448749543,1,0.4973239807454,0.471808551250457,-0.0308674680041435,0.00100294427467639,0.0051159495206806,0.96584,0.99968,0.48456,0.96584,0.99968,NA,NA,NA,NA,NA,NA,NA,NA,NA,NA
3,"A_fixed","xgboost",50,10,0,NA,NA,0.05,NA,0.48,500,0.523016419076519,1,0.497270753151873,0.476983580923481,-0.0257456659246454,0.000909284247785607,0.00530737150889643,1,1,0.47752,1,1,NA,NA,NA,NA,NA,NA,NA,NA,NA,NA
4,"A_fixed","xgboost",50,2,0,NA,NA,0.15,NA,0.48,500,0.572777599958837,1,0.542437114627492,0.427222400041163,-0.0303404853313453,0.00152812562263035,0.0047922543671802,0.0302,0.7062,0.48072,0.0302,0.7062,NA,NA,NA,NA,NA,NA,NA,NA,NA,NA
5,"A_fixed","xgboost",50,5,0,NA,NA,0.15,NA,0.48,500,0.57704854012119,1,0.539584111266261,0.42295145987881,-0.0374644288549288,0.00156251150798179,0.00466102624732514,0.96392,0.99984,0.48056,0.96392,0.99984,NA,NA,NA,NA,NA,NA,NA,NA,NA,NA
6,"A_fixed","xgboost",50,10,0,NA,NA,0.15,NA,0.48,500,0.564755263794192,1,0.533791911809831,0.435244736205808,-0.0309633519843607,0.00125561851285768,0.00521674894199377,0.99992,1,0.47436,0.99992,1,NA,NA,NA,NA,NA,NA,NA,NA,NA,NA
7,"A_fixed","xgboost",50,2,0,NA,NA,0.3,NA,0.48,500,0.634167823743621,1,0.611074339884503,0.365832176256379,-0.0230934838591175,0.00171894531658396,0.00445462203420973,0.0298,0.70356,0.48004,0.0298,0.70356,NA,NA,NA,NA,NA,NA,NA,NA,NA,NA
8,"A_fixed","xgboost",50,5,0,NA,NA,0.3,NA,0.48,500,0.638769712052846,1,0.599529587997815,0.361230287947154,-0.0392401240550308,0.00161277511919557,0.00458908353506306,0.96836,1,0.48196,0.96836,1,NA,NA,NA,NA,NA,NA,NA,NA,NA,NA
9,"A_fixed","xgboost",50,10,0,NA,NA,0.3,NA,0.48,500,0.616144887948122,1,0.581644820093934,0.383855112051878,-0.0345000678541876,0.00129461944208466,0.00491545563753636,1,1,0.48188,1,1,NA,NA,NA,NA,NA,NA,NA,NA,NA,NA
10,"A_fixed","xgboost",100,2,0,NA,NA,0.05,NA,0.48,500,0.531761897060869,0.998954840227252,0.518396068281918,0.467192943166383,-0.0133658287789506,0.000887039500143672,0.00340443763735484,0.00026,0.4087,0.47568,0.00026,0.4087,NA,NA,NA,NA,NA,NA,NA,NA,NA,NA
11,"A_fixed","xgboost",100,5,0,NA,NA,0.05,NA,0.48,500,0.534350685769495,0.999999199679872,0.5198807436658,0.465648513910377,-0.0144699421036948,0.000876935794515793,0.00353039755005138,0.92068,0.9996,0.48084,0.92068,0.9996,NA,NA,NA,NA,NA,NA,NA,NA,NA,NA
12,"A_fixed","xgboost",100,10,0,NA,NA,0.05,NA,0.48,500,0.532231105897964,1,0.519359634575531,0.467768894102036,-0.0128714713224325,0.000778522545345736,0.00365312027454481,0.99988,1,0.48162,0.99988,1,NA,NA,NA,NA,NA,NA,NA,NA,NA,NA
13,"A_fixed","xgboost",100,2,0,NA,NA,0.15,NA,0.48,500,0.587842832800368,0.999239645085126,0.569237980804073,0.411396812284759,-0.0186048519962948,0.00120572577128937,0.00309806170362492,3e-04,0.40312,0.48178,3e-04,0.40312,NA,NA,NA,NA,NA,NA,NA,NA,NA,NA
14,"A_fixed","xgboost",100,5,0,NA,NA,0.15,NA,0.48,500,0.595758830693661,1,0.576431530919698,0.404241169306339,-0.0193272997739639,0.00112123116876812,0.00336505738532329,0.91568,0.99932,0.4822,0.91568,0.99932,NA,NA,NA,NA,NA,NA,NA,NA,NA,NA
15,"A_fixed","xgboost",100,10,0,NA,NA,0.15,NA,0.48,500,0.584243501049856,1,0.570382646235172,0.415756498950144,-0.0138608548146843,0.000990938760394548,0.00335202146089933,0.99988,1,0.48288,0.99988,1,NA,NA,NA,NA,NA,NA,NA,NA,NA,NA
16,"A_fixed","xgboost",100,2,0,NA,NA,0.3,NA,0.48,500,0.660849891400585,0.999540108289427,0.64486185883375,0.338690216888843,-0.015988032566835,0.00120693669097818,0.00305350943236473,0.00046,0.40884,0.47504,0.00046,0.40884,NA,NA,NA,NA,NA,NA,NA,NA,NA,NA
17,"A_fixed","xgboost",100,5,0,NA,NA,0.3,NA,0.48,500,0.669698681870288,1,0.650018550698904,0.330301318129712,-0.0196801311713839,0.00108097758886949,0.00316318550495451,0.92132,0.99928,0.48064,0.92132,0.99928,NA,NA,NA,NA,NA,NA,NA,NA,NA,NA
18,"A_fixed","xgboost",100,10,0,NA,NA,0.3,NA,0.48,500,0.646072236676444,1,0.6216761082612,0.353927763323556,-0.024396128415244,0.00100591414574423,0.00317455036772876,0.99992,1,0.48244,0.99992,1,NA,NA,NA,NA,NA,NA,NA,NA,NA,NA
19,"A_fixed","xgboost",200,2,0,NA,NA,0.05,NA,0.48,500,0.537624490390704,0.974837176428735,0.527767063354879,0.437212686038031,-0.00985742703582456,0.00083576150762327,0.0023656929477998,0,0.1348,0.48009,0,0.1348,NA,NA,NA,NA,NA,NA,NA,NA,NA,NA
20,"A_fixed","xgboost",200,5,0,NA,NA,0.05,NA,0.48,500,0.542480375052564,0.999258893755546,0.531320704279592,0.456778518702982,-0.0111596707729728,0.00073625268432767,0.00252771894083733,0.83662,0.99836,0.47855,0.83662,0.99836,NA,NA,NA,NA,NA,NA,NA,NA,NA,NA
21,"A_fixed","xgboost",200,10,0,NA,NA,0.05,NA,0.48,500,0.538327197103812,0.999960177533902,0.529301791826929,0.46163298043009,-0.00902540527688276,0.000713960647911346,0.00249754507118907,0.9998,1,0.48241,0.9998,1,NA,NA,NA,NA,NA,NA,NA,NA,NA,NA
22,"A_fixed","xgboost",200,2,0,NA,NA,0.15,NA,0.48,500,0.605491213676659,0.975255676628264,0.592805003716075,0.369764462951604,-0.0126862099605842,0.00102965619767219,0.00234948543100161,0,0.13518,0.47876,0,0.13518,NA,NA,NA,NA,NA,NA,NA,NA,NA,NA
23,"A_fixed","xgboost",200,5,0,NA,NA,0.15,NA,0.48,500,0.612823284278553,0.999187777631383,0.601978550793052,0.38636449335283,-0.0108447334855009,0.000845453011886773,0.00235371334297398,0.83306,0.99852,0.47896,0.83306,0.99852,NA,NA,NA,NA,NA,NA,NA,NA,NA,NA
24,"A_fixed","xgboost",200,10,0,NA,NA,0.15,NA,0.48,500,0.602062037777974,0.999977236637669,0.59497961988063,0.397915198859695,-0.00708241789734425,0.000850384955582905,0.00243567522392312,0.99988,1,0.47707,0.99988,1,NA,NA,NA,NA,NA,NA,NA,NA,NA,NA
25,"A_fixed","xgboost",200,2,0,NA,NA,0.3,NA,0.48,500,0.68464608226363,0.980131128216253,0.675900802384735,0.295485045952623,-0.00874527987889463,0.000839343782023257,0.00214699584864609,0,0.13401,0.48162,0,0.13401,NA,NA,NA,NA,NA,NA,NA,NA,NA,NA
26,"A_fixed","xgboost",200,5,0,NA,NA,0.3,NA,0.48,500,0.693176094130025,0.999421151257087,0.67973789785936,0.306245057127062,-0.0134381962706655,0.000742921789709812,0.00200587617235328,0.83364,0.99858,0.47895,0.83364,0.99858,NA,NA,NA,NA,NA,NA,NA,NA,NA,NA
27,"A_fixed","xgboost",200,10,0,NA,NA,0.3,NA,0.48,500,0.673954737985006,0.999991326082889,0.663645580645065,0.326036588097883,-0.0103091573399414,0.000748648741553336,0.0022002974307602,0.99982,1,0.47864,0.99982,1,NA,NA,NA,NA,NA,NA,NA,NA,NA,NA
28,"B_long","xgboost",50,0,2,0.3,0.3,0.05,NA,0.48,500,0.569799162318154,0.636439568737031,0.435032251948326,0.0666404064188766,-0.134766910369828,0.00407782274722945,0.00590760818411147,NA,NA,0.48456,NA,NA,0.02956,0.70176,NA,NA,NA,NA,NA,NA,NA,NA
29,"B_long","xgboost",50,0,5,0.3,0.3,0.05,NA,0.48,500,0.554971395389377,0.755910797327038,0.464421353464558,0.200939401937661,-0.0905500419248182,0.00272941168493578,0.00547325309228337,NA,NA,0.477,NA,NA,0.966496,0.999848,NA,NA,NA,NA,NA,NA,NA,NA
30,"B_long","xgboost",50,0,2,0.7,0.3,0.05,NA,0.48,500,0.565251932145248,0.697706268168808,0.483175777529174,0.13245433602356,-0.0820761546160738,0.00285367475247226,0.00527070768564259,NA,NA,0.47772,NA,NA,0.030036,0.699644,NA,NA,NA,NA,NA,NA,NA,NA
31,"B_long","xgboost",50,0,5,0.7,0.3,0.05,NA,0.48,500,0.545554088597767,0.909519966954708,0.494815042987358,0.363965878356941,-0.0507390456104084,0.00200301541172376,0.00512647243108029,NA,NA,0.47708,NA,NA,0.965404,0.999808,NA,NA,NA,NA,NA,NA,NA,NA
32,"B_long","xgboost",50,0,2,0.9,0.3,0.05,NA,0.48,500,0.554231276704754,0.761696717527975,0.493161703665837,0.207465440823221,-0.0610695730389166,0.0026787876683637,0.00495401965187678,NA,NA,0.47524,NA,NA,0.030432,0.698088,NA,NA,NA,NA,NA,NA,NA,NA
33,"B_long","xgboost",50,0,5,0.9,0.3,0.05,NA,0.48,500,0.536850648867773,0.985366855687599,0.49813029844843,0.448516206819826,-0.0387203504193423,0.00134226372691604,0.00505752281632983,NA,NA,0.47428,NA,NA,0.966732,0.999824,NA,NA,NA,NA,NA,NA,NA,NA
34,"B_long","xgboost",50,0,2,0.3,0.7,0.05,NA,0.48,500,0.570624572533612,0.660141304141273,0.448533473195366,0.0895167316076603,-0.122091099338246,0.00354877122408686,0.00574681423842371,NA,NA,0.4806,NA,NA,0.029544,0.705724,NA,NA,NA,NA,NA,NA,NA,NA
35,"B_long","xgboost",50,0,5,0.3,0.7,0.05,NA,0.48,500,0.549050501719104,0.827658652833086,0.46616857585191,0.278608151113983,-0.0828819258671932,0.00235199951746081,0.00509203062099475,NA,NA,0.4782,NA,NA,0.965224,0.999768,NA,NA,NA,NA,NA,NA,NA,NA
36,"B_long","xgboost",50,0,2,0.7,0.7,0.05,NA,0.48,500,0.56306703649682,0.70700077486827,0.481101487557009,0.143933738371449,-0.0819655489398109,0.0029547903146199,0.00542722729023988,NA,NA,0.4734,NA,NA,0.029672,0.702684,NA,NA,NA,NA,NA,NA,NA,NA
37,"B_long","xgboost",50,0,5,0.7,0.7,0.05,NA,0.48,500,0.542669334264445,0.935930769572365,0.489069780022573,0.39326143530792,-0.0535995542418726,0.00175560373091051,0.0051618060875377,NA,NA,0.48132,NA,NA,0.965652,0.999904,NA,NA,NA,NA,NA,NA,NA,NA
38,"B_long","xgboost",50,0,2,0.9,0.7,0.05,NA,0.48,500,0.551837963169226,0.777946611635695,0.498457799160494,0.226108648466469,-0.0533801640087326,0.00259434359416181,0.00539737865053957,NA,NA,0.4856,NA,NA,0.031,0.70468,NA,NA,NA,NA,NA,NA,NA,NA
39,"B_long","xgboost",50,0,5,0.9,0.7,0.05,NA,0.48,500,0.538817989774861,0.991452729216669,0.515860188307854,0.452634739441808,-0.0229578014670069,0.00122466739239369,0.00503150966726991,NA,NA,0.47764,NA,NA,0.967832,0.999744,NA,NA,NA,NA,NA,NA,NA,NA
40,"B_long","xgboost",50,0,2,0.3,0.3,0.15,NA,0.48,500,0.657127494197427,0.699741220023855,0.530786683372408,0.042613725826428,-0.126340810825018,0.00332624971263312,0.00555914877672255,NA,NA,0.48644,NA,NA,0.029212,0.704212,NA,NA,NA,NA,NA,NA,NA,NA
41,"B_long","xgboost",50,0,5,0.3,0.3,0.15,NA,0.48,500,0.630231915751128,0.782993353345417,0.528047851357471,0.152761437594289,-0.102184064393657,0.00259129439720513,0.00516643036230047,NA,NA,0.4774,NA,NA,0.964572,0.999864,NA,NA,NA,NA,NA,NA,NA,NA
42,"B_long","xgboost",50,0,2,0.7,0.3,0.15,NA,0.48,500,0.656186450221722,0.742079031691176,0.582973947120894,0.0858925814694535,-0.0732125031008285,0.00283654155162009,0.00503748100515799,NA,NA,0.48224,NA,NA,0.02898,0.707864,NA,NA,NA,NA,NA,NA,NA,NA
43,"B_long","xgboost",50,0,5,0.7,0.3,0.15,NA,0.48,500,0.619906262340914,0.920190973712439,0.572597874250077,0.300284711371525,-0.0473083880908367,0.00192511033302041,0.00495138293685906,NA,NA,0.47616,NA,NA,0.96672,0.999752,NA,NA,NA,NA,NA,NA,NA,NA
44,"B_long","xgboost",50,0,2,0.9,0.3,0.15,NA,0.48,500,0.637182096388996,0.794115571974718,0.581831346135637,0.156933475585722,-0.0553507502533597,0.00271927083807585,0.00471508644423457,NA,NA,0.48068,NA,NA,0.02902,0.706668,NA,NA,NA,NA,NA,NA,NA,NA
45,"B_long","xgboost",50,0,5,0.9,0.3,0.15,NA,0.48,500,0.599932426380065,0.986741643096648,0.565893239956104,0.386809216716583,-0.0340391864239612,0.00168379512408668,0.00476841482919282,NA,NA,0.4754,NA,NA,0.962964,0.999824,NA,NA,NA,NA,NA,NA,NA,NA
46,"B_long","xgboost",50,0,2,0.3,0.7,0.15,NA,0.48,500,0.662942567375703,0.718355527253361,0.559920038984403,0.055412959877658,-0.1030225283913,0.00312939736362786,0.00522723131737007,NA,NA,0.48116,NA,NA,0.028944,0.70454,NA,NA,NA,NA,NA,NA,NA,NA
47,"B_long","xgboost",50,0,5,0.3,0.7,0.15,NA,0.48,500,0.625628435087572,0.848787832274555,0.548638832216143,0.223159397186983,-0.0769896028714295,0.00234842415997534,0.00526744862802099,NA,NA,0.48248,NA,NA,0.9645,0.99976,NA,NA,NA,NA,NA,NA,NA,NA
48,"B_long","xgboost",50,0,2,0.7,0.7,0.15,NA,0.48,500,0.653525387565414,0.749719833421932,0.579083153628228,0.0961944458565179,-0.0744422339371861,0.00265966295021929,0.0049154072110734,NA,NA,0.47944,NA,NA,0.029236,0.702172,NA,NA,NA,NA,NA,NA,NA,NA
49,"B_long","xgboost",50,0,5,0.7,0.7,0.15,NA,0.48,500,0.61370308966545,0.938673556226482,0.560599326222073,0.324970466561032,-0.0531037634433766,0.00185895273061289,0.00457779766438663,NA,NA,0.48316,NA,NA,0.96614,0.999864,NA,NA,NA,NA,NA,NA,NA,NA
50,"B_long","xgboost",50,0,2,0.9,0.7,0.15,NA,0.48,500,0.636120149535021,0.803880761624398,0.582466541702802,0.167760612089378,-0.0536536078322188,0.00242788320745832,0.00467340416853565,NA,NA,0.47984,NA,NA,0.0287,0.704388,NA,NA,NA,NA,NA,NA,NA,NA
51,"B_long","xgboost",50,0,5,0.9,0.7,0.15,NA,0.48,500,0.59680200598296,0.991845994244683,0.559051614888457,0.395043988261723,-0.0377503910945032,0.00165170113608007,0.00474724926250177,NA,NA,0.48092,NA,NA,0.963272,0.999832,NA,NA,NA,NA,NA,NA,NA,NA
52,"B_long","xgboost",50,0,2,0.3,0.3,0.3,NA,0.48,500,0.745666321630807,0.763042324772385,0.640874982402402,0.0173760031415781,-0.104791339228405,0.0031413378655489,0.00513757774740439,NA,NA,0.48384,NA,NA,0.029816,0.70256,NA,NA,NA,NA,NA,NA,NA,NA
53,"B_long","xgboost",50,0,5,0.3,0.3,0.3,NA,0.48,500,0.71547952582881,0.830293437693397,0.633137916497561,0.114813911864587,-0.0823416093312491,0.00251689758977637,0.00487462490216534,NA,NA,0.48012,NA,NA,0.96664,0.99976,NA,NA,NA,NA,NA,NA,NA,NA
54,"B_long","xgboost",50,0,2,0.7,0.3,0.3,NA,0.48,500,0.745320387806946,0.799532038676808,0.690746944640702,0.0542116508698622,-0.0545734431662443,0.00258043919528084,0.00432844968497964,NA,NA,0.48492,NA,NA,0.028484,0.70906,NA,NA,NA,NA,NA,NA,NA,NA
55,"B_long","xgboost",50,0,5,0.7,0.3,0.3,NA,0.48,500,0.699086882597868,0.932800582373996,0.660510744312422,0.233713699776128,-0.0385761382854454,0.00168537373874693,0.00424456269111055,NA,NA,0.48052,NA,NA,0.965688,0.99984,NA,NA,NA,NA,NA,NA,NA,NA
56,"B_long","xgboost",50,0,2,0.9,0.3,0.3,NA,0.48,500,0.726855815757044,0.834282020828764,0.673703920439583,0.10742620507172,-0.0531518953174606,0.00253615494382999,0.00461013830140354,NA,NA,0.47748,NA,NA,0.030124,0.699684,NA,NA,NA,NA,NA,NA,NA,NA
57,"B_long","xgboost",50,0,5,0.9,0.3,0.3,NA,0.48,500,0.675918155668053,0.988788874193534,0.641855812891762,0.312870718525481,-0.0340623427762916,0.00162607154245974,0.0049041909120924,NA,NA,0.4796,NA,NA,0.96636,0.999848,NA,NA,NA,NA,NA,NA,NA,NA
58,"B_long","xgboost",50,0,2,0.3,0.7,0.3,NA,0.48,500,0.74810229267091,0.784880240594951,0.664677714978646,0.0367779479240416,-0.0834245776922642,0.00283353471588632,0.00479123376754732,NA,NA,0.47808,NA,NA,0.029976,0.701644,NA,NA,NA,NA,NA,NA,NA,NA
59,"B_long","xgboost",50,0,5,0.3,0.7,0.3,NA,0.48,500,0.707996978865425,0.877400873844917,0.639508460513685,0.169403894979492,-0.0684885183517401,0.00195608815883181,0.00464765540156988,NA,NA,0.48036,NA,NA,0.963988,0.999808,NA,NA,NA,NA,NA,NA,NA,NA
60,"B_long","xgboost",50,0,2,0.7,0.7,0.3,NA,0.48,500,0.742927528861614,0.806562618705426,0.68532768261022,0.0636350898438125,-0.0575998462513942,0.00260939506662554,0.00430659130255137,NA,NA,0.48452,NA,NA,0.029536,0.70856,NA,NA,NA,NA,NA,NA,NA,NA
61,"B_long","xgboost",50,0,5,0.7,0.7,0.3,NA,0.48,500,0.698342817511255,0.951021001494931,0.661397540279107,0.252678183983676,-0.0369452772321471,0.00170997546641451,0.00442157683344179,NA,NA,0.47668,NA,NA,0.964664,0.99968,NA,NA,NA,NA,NA,NA,NA,NA
62,"B_long","xgboost",50,0,2,0.9,0.7,0.3,NA,0.48,500,0.725395244816577,0.844574437509319,0.67870199741495,0.119179192692742,-0.0466932474016267,0.00239294024065164,0.00443598619141375,NA,NA,0.47768,NA,NA,0.028432,0.705252,NA,NA,NA,NA,NA,NA,NA,NA
63,"B_long","xgboost",50,0,5,0.9,0.7,0.3,NA,0.48,500,0.679693043910528,0.992954571355668,0.651112624362913,0.31326152744514,-0.0285804195476152,0.00159712253063429,0.00445443336114044,NA,NA,0.47388,NA,NA,0.965872,0.999816,NA,NA,NA,NA,NA,NA,NA,NA
64,"B_long","xgboost",100,0,2,0.3,0.3,0.05,NA,0.48,500,0.582295122305897,0.617760674396419,0.486605442158936,0.0354655520905221,-0.0956896801469607,0.00273998174358594,0.00412855206090074,NA,NA,0.47806,NA,NA,0.000434,0.405906,NA,NA,NA,NA,NA,NA,NA,NA
65,"B_long","xgboost",100,0,5,0.3,0.3,0.05,NA,0.48,500,0.567084354745289,0.703737173208378,0.510659928923943,0.136652818463089,-0.0564244258213464,0.00197640359434164,0.00386630289882218,NA,NA,0.4825,NA,NA,0.91967,0.999284,NA,NA,NA,NA,NA,NA,NA,NA
66,"B_long","xgboost",100,0,2,0.7,0.3,0.05,NA,0.48,500,0.584751405230169,0.655332858106834,0.524823778402841,0.070581452876665,-0.0599276268273284,0.00224169844074553,0.00377620526128303,NA,NA,0.4813,NA,NA,0.00039,0.410464,NA,NA,NA,NA,NA,NA,NA,NA
67,"B_long","xgboost",100,0,5,0.7,0.3,0.05,NA,0.48,500,0.558659369270953,0.831884886293824,0.526656296253888,0.27322551702287,-0.0320030730170658,0.00159087486618685,0.00357001990562002,NA,NA,0.4844,NA,NA,0.92045,0.99932,NA,NA,NA,NA,NA,NA,NA,NA
68,"B_long","xgboost",100,0,2,0.9,0.3,0.05,NA,0.48,500,0.571249770349732,0.699242937440895,0.522612372320943,0.127993167091163,-0.0486373980287897,0.00202060149395867,0.00343912404941291,NA,NA,0.47776,NA,NA,0.00028,0.409104,NA,NA,NA,NA,NA,NA,NA,NA
69,"B_long","xgboost",100,0,5,0.9,0.3,0.05,NA,0.48,500,0.547376963588906,0.934115316611425,0.528679244915219,0.38673835302252,-0.0186977186736862,0.00135174594050085,0.00341148181125321,NA,NA,0.48046,NA,NA,0.919468,0.999192,NA,NA,NA,NA,NA,NA,NA,NA
70,"B_long","xgboost",100,0,2,0.3,0.7,0.05,NA,0.48,500,0.586642655508231,0.634181035621294,0.505433300009087,0.0475383801130639,-0.081209355499144,0.00253215379337013,0.00398556279238597,NA,NA,0.48066,NA,NA,0.000434,0.408766,NA,NA,NA,NA,NA,NA,NA,NA
71,"B_long","xgboost",100,0,5,0.3,0.7,0.05,NA,0.48,500,0.566345612060821,0.754969017347473,0.509538265363081,0.188623405286652,-0.0568073466977396,0.00180262400325673,0.00370700537524115,NA,NA,0.48166,NA,NA,0.92138,0.999372,NA,NA,NA,NA,NA,NA,NA,NA
72,"B_long","xgboost",100,0,2,0.7,0.7,0.05,NA,0.48,500,0.58022531039262,0.669796604689042,0.532969688366006,0.0895712942964219,-0.0472556220266146,0.00210437675681952,0.00368173602227405,NA,NA,0.47638,NA,NA,0.000404,0.405824,NA,NA,NA,NA,NA,NA,NA,NA
73,"B_long","xgboost",100,0,5,0.7,0.7,0.05,NA,0.48,500,0.55571635869055,0.858884666434585,0.515680643883646,0.303168307744035,-0.0400357148069043,0.00141767154680021,0.00360943616688101,NA,NA,0.47622,NA,NA,0.920918,0.99934,NA,NA,NA,NA,NA,NA,NA,NA
74,"B_long","xgboost",100,0,2,0.9,0.7,0.05,NA,0.48,500,0.566740870196971,0.713288530905041,0.529220661987663,0.146547660708071,-0.0375202082093076,0.0020135003065037,0.00356902724127425,NA,NA,0.48132,NA,NA,0.000324,0.407922,NA,NA,NA,NA,NA,NA,NA,NA
75,"B_long","xgboost",100,0,5,0.9,0.7,0.05,NA,0.48,500,0.545363950315311,0.94654760174341,0.520478376456812,0.401183651428099,-0.0248855738584988,0.00135824239776651,0.00342016125003009,NA,NA,0.4789,NA,NA,0.917274,0.99942,NA,NA,NA,NA,NA,NA,NA,NA
76,"B_long","xgboost",100,0,2,0.3,0.3,0.15,NA,0.48,500,0.677799264077773,0.698450874040736,0.612202613085738,0.0206516099629636,-0.0655966509920352,0.00238078066427929,0.00361917104769568,NA,NA,0.48232,NA,NA,0.000432,0.408986,NA,NA,NA,NA,NA,NA,NA,NA
77,"B_long","xgboost",100,0,5,0.3,0.3,0.15,NA,0.48,500,0.654530660389781,0.748149047319767,0.600084385957349,0.0936183869299864,-0.0544462744324316,0.00186668919581359,0.00338261594433894,NA,NA,0.4801,NA,NA,0.919956,0.99935,NA,NA,NA,NA,NA,NA,NA,NA
78,"B_long","xgboost",100,0,2,0.7,0.3,0.15,NA,0.48,500,0.676352750736241,0.718831779596138,0.638555231656801,0.0424790288598973,-0.0377975190794398,0.00203692462238682,0.00295245286420977,NA,NA,0.47818,NA,NA,0.000348,0.40689,NA,NA,NA,NA,NA,NA,NA,NA
79,"B_long","xgboost",100,0,5,0.7,0.3,0.15,NA,0.48,500,0.639331948432957,0.847299356134435,0.606127847361218,0.207967407701478,-0.0332041010717391,0.00163121669070764,0.00344123837602445,NA,NA,0.481,NA,NA,0.918814,0.999388,NA,NA,NA,NA,NA,NA,NA,NA
80,"B_long","xgboost",100,0,2,0.9,0.3,0.15,NA,0.48,500,0.661560076172573,0.746663120098645,0.624764539570373,0.0851030439260722,-0.0367955366021998,0.00195008957970514,0.00322411772573777,NA,NA,0.48178,NA,NA,0.000432,0.408982,NA,NA,NA,NA,NA,NA,NA,NA
81,"B_long","xgboost",100,0,5,0.9,0.3,0.15,NA,0.48,500,0.623238863853289,0.938128046795571,0.59909617102372,0.314889182942282,-0.0241426928295685,0.00134198824108029,0.00324937075508039,NA,NA,0.48084,NA,NA,0.920248,0.999592,NA,NA,NA,NA,NA,NA,NA,NA
82,"B_long","xgboost",100,0,2,0.3,0.7,0.15,NA,0.48,500,0.678333096342538,0.705295116567677,0.623081289183461,0.0269620202251393,-0.0552518071590772,0.00226743851963995,0.00331721803300909,NA,NA,0.47768,NA,NA,0.000352,0.406778,NA,NA,NA,NA,NA,NA,NA,NA
83,"B_long","xgboost",100,0,5,0.3,0.7,0.15,NA,0.48,500,0.651343469810506,0.792564727374477,0.610498403539971,0.141221257563971,-0.0408450662705349,0.00168694482624626,0.00344208735424265,NA,NA,0.47694,NA,NA,0.918062,0.999388,NA,NA,NA,NA,NA,NA,NA,NA
84,"B_long","xgboost",100,0,2,0.7,0.7,0.15,NA,0.48,500,0.673598893417901,0.719524570734031,0.629297851159129,0.0459256773161299,-0.0443010422587716,0.00204640772526125,0.0031610117918205,NA,NA,0.48252,NA,NA,0.000362,0.412014,NA,NA,NA,NA,NA,NA,NA,NA
85,"B_long","xgboost",100,0,5,0.7,0.7,0.15,NA,0.48,500,0.641399147819555,0.874121672834731,0.61434189789038,0.232722525015176,-0.0270572499291754,0.00140434777244334,0.0033258123980941,NA,NA,0.4807,NA,NA,0.918692,0.999316,NA,NA,NA,NA,NA,NA,NA,NA
86,"B_long","xgboost",100,0,2,0.9,0.7,0.15,NA,0.48,500,0.659127310835606,0.755887763380417,0.626312495342861,0.0967604525448114,-0.0328148154927446,0.00203423673531647,0.00333074823772621,NA,NA,0.4782,NA,NA,0.000482,0.40867,NA,NA,NA,NA,NA,NA,NA,NA
87,"B_long","xgboost",100,0,5,0.9,0.7,0.15,NA,0.48,500,0.619324530169503,0.949552657300969,0.594704783989216,0.330228127131466,-0.0246197461802866,0.00137841009518105,0.00330350072416901,NA,NA,0.47498,NA,NA,0.919812,0.999468,NA,NA,NA,NA,NA,NA,NA,NA
88,"B_long","xgboost",100,0,2,0.3,0.3,0.3,NA,0.48,500,0.75857208197293,0.772307813636146,0.714456104673508,0.0137357316632154,-0.0441159772994226,0.00213353143837085,0.00279895857177691,NA,NA,0.48228,NA,NA,0.00043,0.408244,NA,NA,NA,NA,NA,NA,NA,NA
89,"B_long","xgboost",100,0,5,0.3,0.3,0.3,NA,0.48,500,0.739536178402348,0.805185303723171,0.692407826633969,0.0656491253208235,-0.0471283517683789,0.00184775794440632,0.00307632604626584,NA,NA,0.48246,NA,NA,0.919186,0.999328,NA,NA,NA,NA,NA,NA,NA,NA
90,"B_long","xgboost",100,0,2,0.7,0.3,0.3,NA,0.48,500,0.757420563831997,0.785458766458537,0.730803334911684,0.02803820262654,-0.0266172289203125,0.0019492098615378,0.002593608053854,NA,NA,0.47822,NA,NA,0.000296,0.409342,NA,NA,NA,NA,NA,NA,NA,NA
91,"B_long","xgboost",100,0,5,0.7,0.3,0.3,NA,0.48,500,0.727061909290004,0.880082106309036,0.70295547956891,0.153020197019032,-0.0241064297210934,0.00134712279827505,0.00291495298378134,NA,NA,0.47888,NA,NA,0.917864,0.999384,NA,NA,NA,NA,NA,NA,NA,NA
92,"B_long","xgboost",100,0,2,0.9,0.3,0.3,NA,0.48,500,0.748417405915149,0.803852359731489,0.72194089820213,0.0554349538163397,-0.0264765077130197,0.00193565838779216,0.00277184474023566,NA,NA,0.47936,NA,NA,0.00049,0.410938,NA,NA,NA,NA,NA,NA,NA,NA
93,"B_long","xgboost",100,0,5,0.9,0.3,0.3,NA,0.48,500,0.707100462149362,0.948410123125263,0.685228336192388,0.241309660975901,-0.0218721259569744,0.00110587714539995,0.00295538488470147,NA,NA,0.4807,NA,NA,0.920944,0.9995,NA,NA,NA,NA,NA,NA,NA,NA
94,"B_long","xgboost",100,0,2,0.3,0.7,0.3,NA,0.48,500,0.758124385719052,0.777775119611779,0.720479653148755,0.0196507338927276,-0.037644732570297,0.00204156171985758,0.00270436403633408,NA,NA,0.48054,NA,NA,0.000394,0.40888,NA,NA,NA,NA,NA,NA,NA,NA
95,"B_long","xgboost",100,0,5,0.3,0.7,0.3,NA,0.48,500,0.734521077334338,0.83900675320136,0.704521337070564,0.104485675867021,-0.0299997402637738,0.00155678563899084,0.00286542827750039,NA,NA,0.48382,NA,NA,0.921592,0.99928,NA,NA,NA,NA,NA,NA,NA,NA
96,"B_long","xgboost",100,0,2,0.7,0.7,0.3,NA,0.48,500,0.75733453431537,0.78838893555568,0.729495156286127,0.0310544012403103,-0.0278393780292429,0.00195307768531815,0.00259175854200423,NA,NA,0.48076,NA,NA,0.000546,0.408228,NA,NA,NA,NA,NA,NA,NA,NA
97,"B_long","xgboost",100,0,5,0.7,0.7,0.3,NA,0.48,500,0.721868480783561,0.895386905248782,0.695912220773198,0.173518424465221,-0.0259562600103627,0.00114972253658294,0.00277151291828827,NA,NA,0.48204,NA,NA,0.919686,0.999336,NA,NA,NA,NA,NA,NA,NA,NA
98,"B_long","xgboost",100,0,2,0.9,0.7,0.3,NA,0.48,500,0.746429410805297,0.806585086501635,0.714715383404538,0.0601556756963387,-0.0317140274007588,0.0018523603232603,0.00272301383363546,NA,NA,0.47986,NA,NA,0.000388,0.409346,NA,NA,NA,NA,NA,NA,NA,NA
99,"B_long","xgboost",100,0,5,0.9,0.7,0.3,NA,0.48,500,0.705043102132061,0.957711859726886,0.684395396075399,0.252668757594825,-0.0206477060566617,0.00108812249930357,0.00289984825498261,NA,NA,0.4822,NA,NA,0.920282,0.999492,NA,NA,NA,NA,NA,NA,NA,NA
100,"B_long","xgboost",200,0,2,0.3,0.3,0.05,NA,0.48,500,0.599161872716054,0.616458758472111,0.545320018877218,0.0172968857560567,-0.0538418538388357,0.00171918758800003,0.00267700674910648,NA,NA,0.47955,NA,NA,0,0.13493,NA,NA,NA,NA,NA,NA,NA,NA
101,"B_long","xgboost",200,0,5,0.3,0.3,0.05,NA,0.48,500,0.584118519103482,0.661230959820017,0.538041641976922,0.0771124407165354,-0.0460768771265595,0.00157788130610207,0.00260550751172343,NA,NA,0.47879,NA,NA,0.835387,0.99853,NA,NA,NA,NA,NA,NA,NA,NA
102,"B_long","xgboost",200,0,2,0.7,0.3,0.05,NA,0.48,500,0.596241265594652,0.634939563398632,0.562480334014173,0.0386982978039798,-0.0337609315804792,0.00151887467383057,0.00242007300769159,NA,NA,0.47965,NA,NA,0,0.134476,NA,NA,NA,NA,NA,NA,NA,NA
103,"B_long","xgboost",200,0,5,0.7,0.3,0.05,NA,0.48,500,0.572049228631306,0.757073672521962,0.54515777668313,0.185024443890656,-0.0268914519481762,0.00129555845895993,0.00258242307033575,NA,NA,0.47926,NA,NA,0.835517,0.998634,NA,NA,NA,NA,NA,NA,NA,NA
104,"B_long","xgboost",200,0,2,0.9,0.3,0.05,NA,0.48,500,0.586621864789789,0.663167093364285,0.562283519349448,0.0765452285744957,-0.0243383454403409,0.0015215444575377,0.00251385731476087,NA,NA,0.48126,NA,NA,0,0.133999,NA,NA,NA,NA,NA,NA,NA,NA
105,"B_long","xgboost",200,0,5,0.9,0.3,0.05,NA,0.48,500,0.560481777810731,0.85593926286165,0.543832270744818,0.295457485050919,-0.0166495070659135,0.00121060907752621,0.00256204224457572,NA,NA,0.47885,NA,NA,0.834719,0.99839,NA,NA,NA,NA,NA,NA,NA,NA
106,"B_long","xgboost",200,0,2,0.3,0.7,0.05,NA,0.48,500,0.600216640062657,0.626428685862927,0.556387630270116,0.0262120458002701,-0.043829009792541,0.00160485657291853,0.00256227646767765,NA,NA,0.4791,NA,NA,0,0.134837,NA,NA,NA,NA,NA,NA,NA,NA
107,"B_long","xgboost",200,0,5,0.3,0.7,0.05,NA,0.48,500,0.578960355193837,0.702975986753904,0.54639894370776,0.124015631560067,-0.0325614114860771,0.00144328012696569,0.00249953549610702,NA,NA,0.47948,NA,NA,0.833197,0.998355,NA,NA,NA,NA,NA,NA,NA,NA
108,"B_long","xgboost",200,0,2,0.7,0.7,0.05,NA,0.48,500,0.596162423466565,0.641657320556577,0.562168846020224,0.045494897090012,-0.0339935774463409,0.00152854922673509,0.0024729749086914,NA,NA,0.47712,NA,NA,0,0.134431,NA,NA,NA,NA,NA,NA,NA,NA
109,"B_long","xgboost",200,0,5,0.7,0.7,0.05,NA,0.48,500,0.57111708245367,0.780988276017176,0.547944163469933,0.209871193563506,-0.0231729189837366,0.00122071872858843,0.00232824659198517,NA,NA,0.48261,NA,NA,0.834542,0.998178,NA,NA,NA,NA,NA,NA,NA,NA
110,"B_long","xgboost",200,0,2,0.9,0.7,0.05,NA,0.48,500,0.584422835224503,0.664676417059977,0.551807749578713,0.0802535818354733,-0.0326150856457902,0.00149392485281355,0.00246166475308029,NA,NA,0.47863,NA,NA,0,0.135703,NA,NA,NA,NA,NA,NA,NA,NA
111,"B_long","xgboost",200,0,5,0.9,0.7,0.05,NA,0.48,500,0.559008712052575,0.869254187696342,0.543877867685606,0.310245475643767,-0.0151308443669688,0.00118097100075118,0.00234694114704982,NA,NA,0.47959,NA,NA,0.833785,0.998392,NA,NA,NA,NA,NA,NA,NA,NA
112,"B_long","xgboost",200,0,2,0.3,0.3,0.15,NA,0.48,500,0.685647080394686,0.696531596639453,0.654115874230118,0.0108845162447665,-0.0315312061645679,0.0017433220167325,0.00222561034596061,NA,NA,0.48121,NA,NA,0,0.134849,NA,NA,NA,NA,NA,NA,NA,NA
113,"B_long","xgboost",200,0,5,0.3,0.3,0.15,NA,0.48,500,0.672178249775635,0.726933126388404,0.645150427035081,0.0547548766127685,-0.0270278227405544,0.00155469160453191,0.00222166517295298,NA,NA,0.47852,NA,NA,0.834194,0.998432,NA,NA,NA,NA,NA,NA,NA,NA
114,"B_long","xgboost",200,0,2,0.7,0.3,0.15,NA,0.48,500,0.685291911024519,0.70848997728361,0.66806110778356,0.0231980662590912,-0.0172308032409587,0.00158805920322368,0.00200828122475752,NA,NA,0.4791,NA,NA,0,0.133924,NA,NA,NA,NA,NA,NA,NA,NA
115,"B_long","xgboost",200,0,5,0.7,0.3,0.15,NA,0.48,500,0.66074023458994,0.789467800710809,0.638704997868334,0.128727566120869,-0.022035236721606,0.00116722024492768,0.00219160788619971,NA,NA,0.47883,NA,NA,0.836474,0.998318,NA,NA,NA,NA,NA,NA,NA,NA
116,"B_long","xgboost",200,0,2,0.9,0.3,0.15,NA,0.48,500,0.677702531884499,0.722919925328463,0.660846938112734,0.0452173934439642,-0.0168555937717651,0.00144011803894433,0.00199562547805975,NA,NA,0.47728,NA,NA,0,0.134332,NA,NA,NA,NA,NA,NA,NA,NA
117,"B_long","xgboost",200,0,5,0.9,0.3,0.15,NA,0.48,500,0.64608984951253,0.868792116588491,0.63062915677322,0.22270226707596,-0.0154606927393105,0.0010313759888254,0.0022133993025066,NA,NA,0.4787,NA,NA,0.834662,0.9986,NA,NA,NA,NA,NA,NA,NA,NA
118,"B_long","xgboost",200,0,2,0.3,0.7,0.15,NA,0.48,500,0.685969045370916,0.697996268235736,0.655137426780472,0.0120272228648194,-0.030831618590444,0.00163586540353989,0.00211329679191393,NA,NA,0.47868,NA,NA,0,0.134967,NA,NA,NA,NA,NA,NA,NA,NA
119,"B_long","xgboost",200,0,5,0.3,0.7,0.15,NA,0.48,500,0.667964410620556,0.750946878304704,0.642768869353696,0.0829824676841476,-0.02519554126686,0.00139984720755609,0.00230376362766999,NA,NA,0.47995,NA,NA,0.834506,0.9985,NA,NA,NA,NA,NA,NA,NA,NA
120,"B_long","xgboost",200,0,2,0.7,0.7,0.15,NA,0.48,500,0.683818259654954,0.706538365189025,0.661389317170646,0.0227201055340711,-0.022428942484308,0.00154002776065909,0.00201472769974506,NA,NA,0.47912,NA,NA,0,0.133882,NA,NA,NA,NA,NA,NA,NA,NA
121,"B_long","xgboost",200,0,5,0.7,0.7,0.15,NA,0.48,500,0.659557278367838,0.807797278497773,0.641283218232639,0.148240000129935,-0.0182740601351993,0.00107556078724583,0.00215243880685658,NA,NA,0.4754,NA,NA,0.832847,0.998336,NA,NA,NA,NA,NA,NA,NA,NA
122,"B_long","xgboost",200,0,2,0.9,0.7,0.15,NA,0.48,500,0.676303399315242,0.726152621967678,0.657452854021129,0.0498492226524354,-0.0188505452941127,0.00148753558973022,0.00211269293745303,NA,NA,0.4772,NA,NA,0,0.134662,NA,NA,NA,NA,NA,NA,NA,NA
123,"B_long","xgboost",200,0,5,0.9,0.7,0.15,NA,0.48,500,0.644296027640843,0.881099496345517,0.633319166746525,0.236803468704674,-0.010976860894318,0.00105888244677442,0.0022620302021577,NA,NA,0.47701,NA,NA,0.833797,0.998534,NA,NA,NA,NA,NA,NA,NA,NA
124,"B_long","xgboost",200,0,2,0.3,0.3,0.3,NA,0.48,500,0.7641367199156,0.770911789527355,0.742083021847828,0.00677506961175487,-0.0220536980677721,0.00148567179132963,0.00172359482879871,NA,NA,0.47983,NA,NA,0,0.134612,NA,NA,NA,NA,NA,NA,NA,NA
125,"B_long","xgboost",200,0,5,0.3,0.3,0.3,NA,0.48,500,0.752875380403346,0.790352458190835,0.731241100359032,0.0374770777874893,-0.0216342800443133,0.00137735899441146,0.00182015211593849,NA,NA,0.4781,NA,NA,0.832222,0.998358,NA,NA,NA,NA,NA,NA,NA,NA
126,"B_long","xgboost",200,0,2,0.7,0.3,0.3,NA,0.48,500,0.764575310386574,0.779883364031817,0.753086023093535,0.0153080536452429,-0.0114892872930387,0.00149892212533261,0.00174061438100205,NA,NA,0.47589,NA,NA,0,0.13523,NA,NA,NA,NA,NA,NA,NA,NA
127,"B_long","xgboost",200,0,5,0.7,0.3,0.3,NA,0.48,500,0.744710612151381,0.837207710131739,0.729979902884296,0.0924970979803587,-0.0147307092670848,0.00110913626213007,0.00180829688465354,NA,NA,0.48228,NA,NA,0.832349,0.998334,NA,NA,NA,NA,NA,NA,NA,NA
128,"B_long","xgboost",200,0,2,0.9,0.3,0.3,NA,0.48,500,0.759039270212403,0.791344697081427,0.750480316899206,0.0323054268690241,-0.00855895331319696,0.00130760656260081,0.00155756831095406,NA,NA,0.47801,NA,NA,0,0.134502,NA,NA,NA,NA,NA,NA,NA,NA
129,"B_long","xgboost",200,0,5,0.9,0.3,0.3,NA,0.48,500,0.730564267965683,0.894689481725175,0.716390876596734,0.164125213759493,-0.0141733913689483,0.00096235662202951,0.00201268554372439,NA,NA,0.47963,NA,NA,0.833432,0.998308,NA,NA,NA,NA,NA,NA,NA,NA
130,"B_long","xgboost",200,0,2,0.3,0.7,0.3,NA,0.48,500,0.764399223330244,0.773977547360082,0.74667490112056,0.00957832402983831,-0.017724322209684,0.00149053958466381,0.00173940854804536,NA,NA,0.48415,NA,NA,0,0.134372,NA,NA,NA,NA,NA,NA,NA,NA
131,"B_long","xgboost",200,0,5,0.3,0.7,0.3,NA,0.48,500,0.749186651978003,0.80971102794093,0.734364465978424,0.0605243759629275,-0.0148221859995784,0.0011790863005699,0.0017095488993526,NA,NA,0.47785,NA,NA,0.834283,0.998548,NA,NA,NA,NA,NA,NA,NA,NA
132,"B_long","xgboost",200,0,2,0.7,0.7,0.3,NA,0.48,500,0.763574266316757,0.779649030573777,0.749815023461438,0.0160747642570204,-0.0137592428553186,0.00142232879871807,0.00164759322722689,NA,NA,0.47913,NA,NA,0,0.135376,NA,NA,NA,NA,NA,NA,NA,NA
133,"B_long","xgboost",200,0,5,0.7,0.7,0.3,NA,0.48,500,0.742823500696879,0.849534910572108,0.727495128692247,0.106711409875229,-0.0153283720046321,0.00105066009565851,0.00193362077078932,NA,NA,0.47912,NA,NA,0.832455,0.998488,NA,NA,NA,NA,NA,NA,NA,NA
134,"B_long","xgboost",200,0,2,0.9,0.7,0.3,NA,0.48,500,0.758449360455667,0.789873116237024,0.743524732155267,0.0314237557813576,-0.0149246283003995,0.00139731517803,0.00173750610391907,NA,NA,0.47814,NA,NA,0,0.135012,NA,NA,NA,NA,NA,NA,NA,NA
135,"B_long","xgboost",200,0,5,0.9,0.7,0.3,NA,0.48,500,0.727368973122126,0.902462058226397,0.71106049051158,0.17509308510427,-0.0163084826105461,0.000829315632531815,0.00189967794188224,NA,NA,0.48032,NA,NA,0.832757,0.998462,NA,NA,NA,NA,NA,NA,NA,NA
136,"C_mixed","xgboost",50,2,2,0.3,0.3,0.05,"fixed_dominant",0.48,500,0.52090199645972,1,0.492254687922323,0.47909800354028,-0.0286473085373966,0.00104367771971541,0.00444533728729714,0.03144,0.70204,0.478,0.03144,0.70204,0.029812,0.701584,0.860948,0.997984,0.00078,0.492056,0.060472,0.911568,0.800476,0.086416
137,"C_mixed","xgboost",50,5,2,0.3,0.3,0.05,"fixed_dominant",0.48,500,0.518127390748363,1,0.490921836380625,0.481872609251637,-0.0272055543677383,0.000904267785838303,0.0049992391304832,0.96432,0.99984,0.4786,0.96432,0.99984,0.029568,0.703764,0.998472,1,0.02858,0.703636,0.965308,0.999968,0.033164,3.2e-05
138,"C_mixed","xgboost",50,5,5,0.3,0.3,0.05,"fixed_dominant",0.48,500,0.520359073951828,1,0.493504565246272,0.479640926048172,-0.0268545087055565,0.000893929629763697,0.00484973845774116,0.96532,0.99984,0.47488,0.96532,0.99984,0.964972,0.999856,0.999944,1,0.931564,0.999696,0.998728,1,0.001216,0
139,"C_mixed","xgboost",50,10,5,0.3,0.3,0.05,"fixed_dominant",0.48,500,0.51634627848483,1,0.488170459995567,0.48365372151517,-0.0281758184892631,0.00079642486163874,0.00529123108391818,1,1,0.48128,1,1,0.96556,0.999808,1,1,0.96556,0.999808,1,1,0,0
140,"C_mixed","xgboost",50,2,2,0.7,0.3,0.05,"fixed_dominant",0.48,500,0.526556394567126,1,0.501252549823692,0.473443605432874,-0.0253038447434339,0.00105806300150484,0.00492749649423551,0.02908,0.69928,0.48452,0.02908,0.69928,0.028804,0.706332,0.857604,0.99764,0.001012,0.49536,0.056872,0.910252,0.800732,0.087388
141,"C_mixed","xgboost",50,5,2,0.7,0.3,0.05,"fixed_dominant",0.48,500,0.524227900081849,1,0.489135994651514,0.475772099918151,-0.0350919054303348,0.000877934434450821,0.00490238520865266,0.96772,0.99992,0.4828,0.96772,0.99992,0.028972,0.70528,0.997552,1,0.028116,0.705232,0.968576,0.999968,0.028976,3.2e-05
142,"C_mixed","xgboost",50,5,5,0.7,0.3,0.05,"fixed_dominant",0.48,500,0.52244089588119,1,0.500342167805461,0.47755910411881,-0.0220987280757282,0.00091536023563753,0.00490784214069501,0.96252,0.99992,0.47716,0.96252,0.99992,0.96426,0.999832,0.999976,1,0.928392,0.999752,0.998388,1,0.001588,0
143,"C_mixed","xgboost",50,10,5,0.7,0.3,0.05,"fixed_dominant",0.48,500,0.517798821358261,1,0.495618872048049,0.482201178641739,-0.0221799493102125,0.000801528826848049,0.00467161411076957,1,1,0.48236,1,1,0.965056,0.999808,1,1,0.965056,0.999808,1,1,0,0
144,"C_mixed","xgboost",50,2,2,0.3,0.7,0.05,"fixed_dominant",0.48,500,0.521036608579326,1,0.49058222225822,0.478963391420674,-0.0304543863211063,0.00107128314048936,0.00478243842953292,0.03012,0.70596,0.47772,0.03012,0.70596,0.029116,0.70522,0.85952,0.99796,0.000964,0.49772,0.058272,0.91346,0.801248,0.0845
145,"C_mixed","xgboost",50,5,2,0.3,0.7,0.05,"fixed_dominant",0.48,500,0.519784226235646,1,0.493448771742497,0.480215773764354,-0.0263354544931488,0.000878585611043409,0.00502704296984779,0.96556,1,0.47648,0.96556,1,0.029932,0.703984,0.998232,1,0.028852,0.703984,0.96664,1,0.031592,0
146,"C_mixed","xgboost",50,5,5,0.3,0.7,0.05,"fixed_dominant",0.48,500,0.519019602010643,1,0.495534689366803,0.480980397989357,-0.0234849126438402,0.000899799852005219,0.00487209779270465,0.96528,1,0.47756,0.96528,1,0.965568,0.999888,0.99992,1,0.932204,0.999888,0.998644,1,0.001276,0
147,"C_mixed","xgboost",50,10,5,0.3,0.7,0.05,"fixed_dominant",0.48,500,0.516862086627764,1,0.492074832014873,0.483137913372236,-0.0247872546128904,0.000785408369642155,0.00520673856839438,1,1,0.4858,1,1,0.9648,0.999904,1,1,0.9648,0.999904,1,1,0,0
148,"C_mixed","xgboost",50,2,2,0.7,0.7,0.05,"fixed_dominant",0.48,500,0.52666490012673,1,0.491266047952856,0.47333509987327,-0.0353988521738745,0.00101390768872599,0.00483518535345274,0.02884,0.70064,0.47276,0.02884,0.70064,0.031112,0.7009,0.864068,0.998128,0.000816,0.491236,0.059136,0.910304,0.804932,0.087824
149,"C_mixed","xgboost",50,5,2,0.7,0.7,0.05,"fixed_dominant",0.48,500,0.52284148827044,1,0.497767890085423,0.47715851172956,-0.0250735981850169,0.000893039483333047,0.00502837942379673,0.96524,1,0.48136,0.96524,1,0.03078,0.70368,0.998192,1,0.029608,0.70368,0.966412,1,0.03178,0
150,"C_mixed","xgboost",50,5,5,0.7,0.7,0.05,"fixed_dominant",0.48,500,0.522876138148957,1,0.499206231651324,0.477123861851043,-0.0236699064976326,0.000953679264096077,0.00493108560713511,0.96512,0.99992,0.48124,0.96512,0.99992,0.966372,0.99988,0.999936,1,0.932544,0.9998,0.998948,1,0.000988,0
151,"C_mixed","xgboost",50,10,5,0.7,0.7,0.05,"fixed_dominant",0.48,500,0.51715970584497,1,0.488811731192108,0.48284029415503,-0.0283479746528621,0.000842968792456445,0.00549508435333232,1,1,0.48288,1,1,0.967336,0.999936,1,1,0.967336,0.999936,1,1,0,0
152,"C_mixed","xgboost",50,2,2,0.3,0.3,0.15,"fixed_dominant",0.48,500,0.560752309329855,1,0.533767020236806,0.439247690670145,-0.0269852890930492,0.00152926768893383,0.00473213943263208,0.02912,0.703,0.47864,0.02912,0.703,0.028632,0.704184,0.862932,0.998232,0.000836,0.493776,0.056916,0.913408,0.806016,0.084824
153,"C_mixed","xgboost",50,5,2,0.3,0.3,0.15,"fixed_dominant",0.48,500,0.555119994960238,1,0.528311297316596,0.444880005039762,-0.0268086976436413,0.00126292100925381,0.00480979319602458,0.96588,0.99952,0.47276,0.96588,0.99952,0.029748,0.700664,0.997912,0.999992,0.028692,0.700344,0.966936,0.99984,0.030976,0.000152
154,"C_mixed","xgboost",50,5,5,0.3,0.3,0.15,"fixed_dominant",0.48,500,0.554766368849664,1,0.525799874041877,0.445233631150336,-0.0289664948077871,0.00121362467682779,0.0050399545647913,0.96428,0.99992,0.4828,0.96428,0.99992,0.965276,0.999832,0.999968,1,0.930856,0.999752,0.9987,1,0.001268,0
155,"C_mixed","xgboost",50,10,5,0.3,0.3,0.15,"fixed_dominant",0.48,500,0.546405864197365,1,0.529512070127182,0.453594135802635,-0.0168937940701828,0.00117922850504355,0.00509600669557155,0.99992,1,0.47604,0.99992,1,0.965356,0.999848,1,1,0.965284,0.999848,0.999992,1,8e-06,0
156,"C_mixed","xgboost",50,2,2,0.7,0.3,0.15,"fixed_dominant",0.48,500,0.574089744238,1,0.538964191252187,0.425910255762,-0.0351255529858135,0.001433028806704,0.00464409542417165,0.0296,0.69716,0.47756,0.0296,0.69716,0.029632,0.708816,0.856628,0.997792,0.000868,0.495188,0.058364,0.910788,0.798264,0.087004
157,"C_mixed","xgboost",50,5,2,0.7,0.3,0.15,"fixed_dominant",0.48,500,0.561448949205016,1,0.536505466881692,0.438551050794984,-0.0249434823233242,0.00126693590244122,0.00510837044963373,0.96468,0.99976,0.47968,0.96468,0.99976,0.029744,0.70146,0.99736,1,0.028748,0.70128,0.965676,0.99994,0.031684,6e-05
158,"C_mixed","xgboost",50,5,5,0.7,0.3,0.15,"fixed_dominant",0.48,500,0.56245912047662,1,0.534356130204108,0.43754087952338,-0.0281029902725122,0.00130109536038087,0.00490414392670948,0.96716,1,0.48036,0.96716,1,0.96798,0.999864,0.999912,1,0.936024,0.999864,0.999116,1,0.000796,0
159,"C_mixed","xgboost",50,10,5,0.7,0.3,0.15,"fixed_dominant",0.48,500,0.546720122028061,1,0.524281468026576,0.453279877971939,-0.0224386540014857,0.00114829277938635,0.00528116550941972,1,1,0.479,1,1,0.963532,0.99984,1,1,0.963532,0.99984,1,1,0,0
160,"C_mixed","xgboost",50,2,2,0.3,0.7,0.15,"fixed_dominant",0.48,500,0.564273747645214,1,0.536104933671196,0.435726252354786,-0.0281688139740174,0.0014937931684475,0.00455231306774966,0.02928,0.7054,0.47848,0.02928,0.7054,0.028964,0.701904,0.857204,0.997888,0.000848,0.496224,0.057396,0.91108,0.799808,0.086808
161,"C_mixed","xgboost",50,5,2,0.3,0.7,0.15,"fixed_dominant",0.48,500,0.557734690043637,1,0.530973687215161,0.442265309956363,-0.0267610028284756,0.00127194082928482,0.00524034658839532,0.9658,0.99992,0.4816,0.9658,0.99992,0.031084,0.7005,0.997984,1,0.029872,0.700464,0.967012,0.999956,0.030972,4.4e-05
162,"C_mixed","xgboost",50,5,5,0.3,0.7,0.15,"fixed_dominant",0.48,500,0.555634841105971,1,0.523882382806641,0.444365158894029,-0.0317524582993295,0.00136511694115825,0.00521206459937175,0.96576,0.99976,0.48332,0.96576,0.99976,0.96644,0.999816,1,1,0.933424,0.999576,0.998776,1,0.001224,0
163,"C_mixed","xgboost",50,10,5,0.3,0.7,0.15,"fixed_dominant",0.48,500,0.547393572229871,1,0.516882505751116,0.452606427770129,-0.0305110664787549,0.00109607027825428,0.00533253463209424,1,1,0.48128,1,1,0.966548,0.999792,1,1,0.966548,0.999792,1,1,0,0
164,"C_mixed","xgboost",50,2,2,0.7,0.7,0.15,"fixed_dominant",0.48,500,0.573319494202787,1,0.541354729361429,0.426680505797212,-0.0319647648413588,0.00149029386091836,0.00465266572726925,0.02848,0.70004,0.48244,0.02848,0.70004,0.030096,0.704392,0.860356,0.997624,0.000636,0.495284,0.05794,0.909148,0.802416,0.088476
165,"C_mixed","xgboost",50,5,2,0.7,0.7,0.15,"fixed_dominant",0.48,500,0.560652796536646,1,0.530701595153015,0.439347203463354,-0.0299512013836316,0.00129390200960628,0.00503969404418563,0.96476,0.99976,0.47748,0.96476,0.99976,0.0278,0.704936,0.998152,1,0.026656,0.7048,0.965904,0.999896,0.032248,0.000104
166,"C_mixed","xgboost",50,5,5,0.7,0.7,0.15,"fixed_dominant",0.48,500,0.559695791694323,1,0.533170995895986,0.440304208305677,-0.0265247957983375,0.00135227113132533,0.00489597073134269,0.96284,1,0.47616,0.96284,1,0.962912,0.999744,0.99996,1,0.927008,0.999744,0.998744,1,0.001216,0
167,"C_mixed","xgboost",50,10,5,0.7,0.7,0.15,"fixed_dominant",0.48,500,0.54778493459451,1,0.522021130372811,0.45221506540549,-0.0257638042216988,0.00114826258120726,0.0053166253313236,1,1,0.48404,1,1,0.966332,0.999888,1,1,0.966332,0.999888,1,1,0,0
168,"C_mixed","xgboost",50,2,2,0.3,0.3,0.3,"fixed_dominant",0.48,500,0.616954052506618,1,0.581085228270396,0.383045947493382,-0.035868824236222,0.00169186604588624,0.00438215267972768,0.03016,0.70112,0.48356,0.03016,0.70112,0.029944,0.702332,0.858228,0.997752,0.000972,0.492316,0.059132,0.911136,0.799096,0.086616
169,"C_mixed","xgboost",50,5,2,0.3,0.3,0.3,"fixed_dominant",0.48,500,0.6014981487668,1,0.567202906879743,0.3985018512332,-0.0342952418870567,0.00150069738291411,0.00500980382812515,0.9612,0.99976,0.48144,0.9612,0.99976,0.0283,0.70362,0.998184,1,0.027252,0.703424,0.962248,0.999956,0.035936,4.4e-05
170,"C_mixed","xgboost",50,5,5,0.3,0.3,0.3,"fixed_dominant",0.48,500,0.602904732585485,1,0.570234454657733,0.397095267414515,-0.0326702779277524,0.00147959834444358,0.00503500223659268,0.96512,0.99984,0.48268,0.96512,0.99984,0.964092,0.999832,0.999968,1,0.930536,0.999672,0.998676,1,0.001292,0
171,"C_mixed","xgboost",50,10,5,0.3,0.3,0.3,"fixed_dominant",0.48,500,0.583192752690782,1,0.556030812127701,0.416807247309218,-0.0271619405630809,0.00130821860440584,0.00524492192559218,1,1,0.47768,1,1,0.96488,0.999792,1,1,0.96488,0.999792,1,1,0,0
172,"C_mixed","xgboost",50,2,2,0.7,0.3,0.3,"fixed_dominant",0.48,500,0.630862763970368,1,0.602603529337899,0.369137236029632,-0.0282592346324689,0.00176288510978715,0.00465237323587556,0.03096,0.70528,0.48048,0.03096,0.70528,0.02888,0.705688,0.856472,0.997736,0.000796,0.496792,0.059044,0.914176,0.797428,0.08356
173,"C_mixed","xgboost",50,5,2,0.7,0.3,0.3,"fixed_dominant",0.48,500,0.609858862964916,1,0.573064384638144,0.390141137035084,-0.0367944783267726,0.00150841354500876,0.00470852346764643,0.96448,0.99992,0.47872,0.96448,0.99992,0.03,0.702292,0.998504,1,0.029012,0.70224,0.965468,0.999972,0.033036,2.8e-05
174,"C_mixed","xgboost",50,5,5,0.7,0.3,0.3,"fixed_dominant",0.48,500,0.613341354836428,1,0.58466368765205,0.386658645163572,-0.0286776671843775,0.00140906912250616,0.00481387796620396,0.96392,0.99992,0.47412,0.96392,0.99992,0.966688,0.999808,0.99996,1,0.931996,0.999728,0.998612,1,0.001348,0
175,"C_mixed","xgboost",50,10,5,0.7,0.3,0.3,"fixed_dominant",0.48,500,0.586301261839197,1,0.54889428540451,0.413698738160803,-0.0374069764346872,0.0013553963982654,0.0053653385278817,1,1,0.47936,1,1,0.966212,0.999808,1,1,0.966212,0.999808,1,1,0,0
176,"C_mixed","xgboost",50,2,2,0.3,0.7,0.3,"fixed_dominant",0.48,500,0.619486482806296,1,0.580846374416275,0.380513517193704,-0.0386401083900217,0.00178044338496521,0.00463730880947382,0.02972,0.69996,0.48,0.02972,0.69996,0.030484,0.699932,0.855848,0.997936,0.000756,0.490632,0.059448,0.90926,0.7964,0.088676
177,"C_mixed","xgboost",50,5,2,0.3,0.7,0.3,"fixed_dominant",0.48,500,0.602120764183646,1,0.572315078026017,0.397879235816353,-0.029805686157629,0.00146750126509468,0.00506441100938596,0.96464,0.99984,0.47908,0.96464,0.99984,0.029408,0.699336,0.997864,1,0.028308,0.699196,0.96574,0.99998,0.032124,2e-05
178,"C_mixed","xgboost",50,5,5,0.3,0.7,0.3,"fixed_dominant",0.48,500,0.605877089091132,1,0.571275676765666,0.394122910908868,-0.0346014123254665,0.00139765796431802,0.0048438399283918,0.96748,0.99968,0.47904,0.96748,0.99968,0.965508,0.999816,1,1,0.933996,0.999496,0.998992,1,0.001008,0
179,"C_mixed","xgboost",50,10,5,0.3,0.7,0.3,"fixed_dominant",0.48,500,0.584501899767839,1,0.545930728705873,0.415498100232161,-0.038571171061966,0.00129701434265652,0.00519129054208611,1,1,0.4768,1,1,0.965788,0.999864,1,1,0.965788,0.999864,1,1,0,0
180,"C_mixed","xgboost",50,2,2,0.7,0.7,0.3,"fixed_dominant",0.48,500,0.635665246106679,1,0.597595628006359,0.364334753893321,-0.0380696181003198,0.00171410521064973,0.00457238659574749,0.02928,0.708,0.48,0.02928,0.708,0.029336,0.703892,0.857428,0.998056,0.000824,0.498116,0.057792,0.913776,0.799636,0.08428
181,"C_mixed","xgboost",50,5,2,0.7,0.7,0.3,"fixed_dominant",0.48,500,0.612529459735641,1,0.57685287877298,0.387470540264359,-0.0356765809626612,0.0014769580345748,0.00474445495608009,0.9632,0.99968,0.47796,0.9632,0.99968,0.02832,0.703332,0.99776,1,0.02748,0.703088,0.96404,0.999924,0.03372,7.6e-05
182,"C_mixed","xgboost",50,5,5,0.7,0.7,0.3,"fixed_dominant",0.48,500,0.611643058452011,1,0.579868719115019,0.388356941547989,-0.0317743393369922,0.00145333858580824,0.00482274191641988,0.9694,0.99984,0.48084,0.9694,0.99984,0.962872,0.999816,0.999984,1,0.933408,0.999656,0.998864,1,0.00112,0
183,"C_mixed","xgboost",50,10,5,0.7,0.7,0.3,"fixed_dominant",0.48,500,0.588759246055079,1,0.559947952998427,0.41124075394492,-0.0288112930566529,0.00121973548785629,0.00507810769163382,1,1,0.4858,1,1,0.965576,0.999856,1,1,0.965576,0.999856,1,1,0,0
184,"C_mixed","xgboost",50,2,2,0.3,0.3,0.05,"long_dominant",0.48,500,0.511998895871669,1,0.471742215791425,0.488001104128331,-0.0402566800802438,0.000718284694008492,0.00459442274455016,0.02868,0.70604,0.4792,0.02868,0.70604,0.030236,0.703268,0.859424,0.998216,0.000972,0.496264,0.057944,0.913044,0.80148,0.085172
185,"C_mixed","xgboost",50,5,2,0.3,0.3,0.05,"long_dominant",0.48,500,0.508970227143663,1,0.476008483724882,0.491029772856337,-0.0329617434187808,0.000674742713445888,0.00505332122696889,0.9646,1,0.48364,0.9646,1,0.029456,0.704264,0.997688,1,0.02832,0.704264,0.965736,1,0.031952,0
186,"C_mixed","xgboost",50,5,5,0.3,0.3,0.05,"long_dominant",0.48,500,0.509151338687301,1,0.481385464594365,0.490848661312698,-0.0277658740929368,0.000684462587266826,0.00480782033570281,0.96468,0.99992,0.48592,0.96468,0.99992,0.966396,0.999752,1,1,0.93206,0.999672,0.999016,1,0.000984,0
187,"C_mixed","xgboost",50,10,5,0.3,0.3,0.05,"long_dominant",0.48,500,0.508302576958357,1,0.483947859453795,0.491697423041643,-0.0243547175045616,0.000568511596162327,0.00528569261718451,1,1,0.48316,1,1,0.9654,0.999832,1,1,0.9654,0.999832,1,1,0,0
188,"C_mixed","xgboost",50,2,2,0.7,0.3,0.05,"long_dominant",0.48,500,0.516630169241795,1,0.487516544504568,0.483369830758205,-0.0291136247372273,0.000846589209209678,0.00484034552151821,0.02848,0.70628,0.47816,0.02848,0.70628,0.028836,0.70198,0.857816,0.997976,0.000868,0.49612,0.056448,0.91214,0.801368,0.085836
189,"C_mixed","xgboost",50,5,2,0.7,0.3,0.05,"long_dominant",0.48,500,0.5123480548146,1,0.480002655305604,0.4876519451854,-0.0323453995089959,0.00074119452612162,0.00500262654201854,0.968,0.99984,0.47656,0.968,0.99984,0.0296,0.698968,0.99816,1,0.02882,0.698848,0.96878,0.99996,0.02938,4e-05
190,"C_mixed","xgboost",50,5,5,0.7,0.3,0.05,"long_dominant",0.48,500,0.511853902209726,1,0.480205898311994,0.488146097790274,-0.0316480038977318,0.000662957291162614,0.00523020241745486,0.96648,0.99984,0.4762,0.96648,0.99984,0.96462,0.99984,1,1,0.932108,0.99968,0.998992,1,0.001008,0
191,"C_mixed","xgboost",50,10,5,0.7,0.3,0.05,"long_dominant",0.48,500,0.509313575151768,1,0.488620415812756,0.490686424848232,-0.0206931593390116,0.000602202408426951,0.00509569011648571,0.99992,1,0.48564,0.99992,1,0.96706,0.999792,1,1,0.96698,0.999792,1,1,0,0
192,"C_mixed","xgboost",50,2,2,0.3,0.7,0.05,"long_dominant",0.48,500,0.512599523164151,1,0.483491614036475,0.487400476835849,-0.029107909127676,0.000764711962217932,0.00485018874343998,0.0298,0.70536,0.47936,0.0298,0.70536,0.030232,0.700872,0.861576,0.997968,0.000908,0.4925,0.059124,0.913732,0.802452,0.084236
193,"C_mixed","xgboost",50,5,2,0.3,0.7,0.05,"long_dominant",0.48,500,0.509600685451274,1,0.47498521548149,0.490399314548726,-0.0346154699697842,0.000676026462233227,0.00518829285130509,0.96652,0.99984,0.47912,0.96652,0.99984,0.030084,0.705616,0.998224,1,0.029056,0.70556,0.967548,0.999896,0.030676,0.000104
194,"C_mixed","xgboost",50,5,5,0.3,0.7,0.05,"long_dominant",0.48,500,0.508755177527326,1,0.476911278627103,0.491244822472674,-0.0318438989002229,0.000651081431384223,0.00502716935094399,0.964,0.99976,0.4798,0.964,0.99976,0.964784,0.999816,0.999992,1,0.930216,0.999576,0.998568,1,0.001424,0
195,"C_mixed","xgboost",50,10,5,0.3,0.7,0.05,"long_dominant",0.48,500,0.507279140109575,1,0.485012748231596,0.492720859890425,-0.0222663918779792,0.000608502625535694,0.00504203947297984,0.99984,1,0.4778,0.99984,1,0.964168,0.999816,1,1,0.964016,0.999816,0.999992,1,8e-06,0
196,"C_mixed","xgboost",50,2,2,0.7,0.7,0.05,"long_dominant",0.48,500,0.517669762786198,1,0.482603665087631,0.482330237213802,-0.0350660976985672,0.000863525637402078,0.00471004645188419,0.02972,0.70264,0.47592,0.02972,0.70264,0.030464,0.701732,0.859324,0.997992,0.000656,0.492948,0.059528,0.911424,0.799796,0.086568
197,"C_mixed","xgboost",50,5,2,0.7,0.7,0.05,"long_dominant",0.48,500,0.512647250954922,1,0.485631323090506,0.487352749045078,-0.0270159278644155,0.000719932438937939,0.00507461797408141,0.96324,0.99984,0.47724,0.96324,0.99984,0.03196,0.697684,0.998064,1,0.030924,0.697588,0.964276,0.999936,0.033788,6.4e-05
198,"C_mixed","xgboost",50,5,5,0.7,0.7,0.05,"long_dominant",0.48,500,0.513103530234106,1,0.487684476904811,0.486896469765894,-0.0254190533292952,0.000679081692838694,0.00518578289644292,0.9632,0.99984,0.48264,0.9632,0.99984,0.962884,0.999768,0.999976,1,0.927496,0.999608,0.998588,1,0.001388,0
199,"C_mixed","xgboost",50,10,5,0.7,0.7,0.05,"long_dominant",0.48,500,0.509561713017582,1,0.475279513703758,0.490438286982418,-0.0342821993138234,0.000633815673431427,0.00502103659117635,1,1,0.48236,1,1,0.965636,0.999816,1,1,0.965636,0.999816,1,1,0,0
200,"C_mixed","xgboost",50,2,2,0.3,0.3,0.15,"long_dominant",0.48,500,0.531866972565572,1,0.504686357974914,0.468133027434428,-0.0271806145906577,0.0011012826153682,0.0047606601147837,0.02948,0.704,0.48088,0.02948,0.704,0.029692,0.70358,0.85846,0.99776,0.000876,0.495204,0.058296,0.912376,0.800164,0.085384
201,"C_mixed","xgboost",50,5,2,0.3,0.3,0.15,"long_dominant",0.48,500,0.525384510035387,1,0.489575506211815,0.474615489964613,-0.0358090038235727,0.000951256106558815,0.00503771585939692,0.96496,0.99976,0.4758,0.96496,0.99976,0.02994,0.703772,0.998064,0.999976,0.028804,0.70364,0.966096,0.999892,0.031968,8.4e-05
202,"C_mixed","xgboost",50,5,5,0.3,0.3,0.15,"long_dominant",0.48,500,0.525147084810029,1,0.496901034639227,0.474852915189971,-0.0282460501708023,0.000968634533176785,0.0053375701495964,0.96752,0.99968,0.47224,0.96752,0.99968,0.965,0.99984,1,1,0.93336,0.99952,0.99916,1,0.00084,0
203,"C_mixed","xgboost",50,10,5,0.3,0.3,0.15,"long_dominant",0.48,500,0.521033543500453,1,0.48906273581838,0.478966456499547,-0.0319708076820727,0.000821203654022197,0.0053162704739272,1,1,0.484,1,1,0.965828,0.999856,1,1,0.965828,0.999856,1,1,0,0
204,"C_mixed","xgboost",50,2,2,0.7,0.3,0.15,"long_dominant",0.48,500,0.549984459857974,1,0.514603439128593,0.450015540142026,-0.0353810207293813,0.00122706277986347,0.00506423847017248,0.02904,0.71208,0.48228,0.02904,0.71208,0.02982,0.700836,0.859684,0.997904,0.000784,0.498876,0.058076,0.91404,0.801608,0.083864
205,"C_mixed","xgboost",50,5,2,0.7,0.3,0.15,"long_dominant",0.48,500,0.536612222348226,1,0.508351271218785,0.463387777651774,-0.0282609511294403,0.00100278229809033,0.00510765486896047,0.96748,0.99952,0.48496,0.96748,0.99952,0.029752,0.703304,0.997864,1,0.028448,0.702992,0.968784,0.999832,0.02908,0.000168
206,"C_mixed","xgboost",50,5,5,0.7,0.3,0.15,"long_dominant",0.48,500,0.535455969131672,1,0.493965461858024,0.464544030868328,-0.0414905072736479,0.001053437176227,0.005138765806056,0.964,0.99992,0.47836,0.964,0.99992,0.966584,0.999752,0.999928,1,0.93184,0.999672,0.998744,1,0.001184,0
207,"C_mixed","xgboost",50,10,5,0.7,0.3,0.15,"long_dominant",0.48,500,0.526054849662333,1,0.486094189240472,0.473945150337667,-0.0399606604218613,0.000859832000016586,0.00521836555532367,1,1,0.4782,1,1,0.966336,0.999784,1,1,0.966336,0.999784,1,1,0,0
208,"C_mixed","xgboost",50,2,2,0.3,0.7,0.15,"long_dominant",0.48,500,0.533835014976029,1,0.508321420375463,0.466164985023971,-0.0255135946005655,0.00115541821629959,0.00474136226666519,0.03052,0.7006,0.47436,0.03052,0.7006,0.030364,0.702516,0.855304,0.997792,0.00104,0.492472,0.059844,0.910644,0.79546,0.087148
209,"C_mixed","xgboost",50,5,2,0.3,0.7,0.15,"long_dominant",0.48,500,0.525718901260858,1,0.499218338936711,0.474281098739142,-0.0265005623241469,0.000972845889842807,0.00495228991686458,0.96484,0.9996,0.48036,0.96484,0.9996,0.029144,0.7067,0.997696,1,0.028084,0.70638,0.9659,0.99992,0.031796,8e-05
210,"C_mixed","xgboost",50,5,5,0.3,0.7,0.15,"long_dominant",0.48,500,0.52504027743675,1,0.501134241971389,0.47495972256325,-0.0239060354653613,0.00100445090018287,0.00508704504615631,0.962,0.99968,0.48076,0.962,0.99968,0.964216,0.999816,0.999952,1,0.927516,0.999496,0.9987,1,0.001252,0
211,"C_mixed","xgboost",50,10,5,0.3,0.7,0.15,"long_dominant",0.48,500,0.521484397625487,1,0.490273250636564,0.478515602374513,-0.0312111469889233,0.000873923939208743,0.00510942151353797,1,1,0.47696,1,1,0.965764,0.999816,1,1,0.965764,0.999816,1,1,0,0
212,"C_mixed","xgboost",50,2,2,0.7,0.7,0.15,"long_dominant",0.48,500,0.554236400614953,1,0.526963843819172,0.445763599385047,-0.027272556795781,0.0012683220081358,0.00479080751595914,0.03076,0.6992,0.48336,0.03076,0.6992,0.029796,0.701364,0.856852,0.998136,0.00092,0.489832,0.059636,0.910732,0.797216,0.087404
213,"C_mixed","xgboost",50,5,2,0.7,0.7,0.15,"long_dominant",0.48,500,0.537649627852235,1,0.504184378400074,0.462350372147765,-0.0334652494521611,0.00111578617343026,0.00498155658845321,0.96512,0.99968,0.47764,0.96512,0.99968,0.030564,0.704468,0.998168,1,0.029648,0.704204,0.966036,0.999944,0.032132,5.6e-05
214,"C_mixed","xgboost",50,5,5,0.7,0.7,0.15,"long_dominant",0.48,500,0.537171197132971,1,0.501460520164386,0.462828802867029,-0.0357106769685851,0.00102938756076135,0.00479082526012358,0.96764,0.9996,0.47888,0.96764,0.9996,0.965312,0.999912,1,1,0.933928,0.999512,0.999024,1,0.000976,0
215,"C_mixed","xgboost",50,10,5,0.7,0.7,0.15,"long_dominant",0.48,500,0.527531589254983,1,0.493735047410549,0.472468410745017,-0.0337965418444348,0.000907825049662256,0.00517555706049555,0.99992,1,0.48184,0.99992,1,0.962596,0.999872,1,1,0.96252,0.999872,0.999996,1,4e-06,0
216,"C_mixed","xgboost",50,2,2,0.3,0.3,0.3,"long_dominant",0.48,500,0.561489062538,1,0.526943033304216,0.438510937462,-0.0345460292337845,0.00138892149404209,0.00454888022536907,0.03008,0.70332,0.47424,0.03008,0.70332,0.029424,0.701508,0.856896,0.997688,0.000984,0.493392,0.05852,0.911436,0.798376,0.086252
217,"C_mixed","xgboost",50,5,2,0.3,0.3,0.3,"long_dominant",0.48,500,0.549566577840489,1,0.515532681924133,0.450433422159511,-0.0340338959163567,0.00122148931438947,0.00496576039018678,0.96936,0.99976,0.48024,0.96936,0.99976,0.028644,0.703176,0.998376,1,0.027788,0.703016,0.970216,0.99992,0.02816,8e-05
218,"C_mixed","xgboost",50,5,5,0.3,0.3,0.3,"long_dominant",0.48,500,0.546056371281436,1,0.510251642501067,0.453943628718564,-0.035804728780369,0.00129935723790716,0.00522354850237354,0.96672,0.99992,0.47492,0.96672,0.99992,0.963916,0.999736,0.999992,1,0.9319,0.999656,0.998736,1,0.001256,0
219,"C_mixed","xgboost",50,10,5,0.3,0.3,0.3,"long_dominant",0.48,500,0.536455370940423,1,0.504120542876654,0.463544629059577,-0.0323348280637695,0.00103963801704291,0.00537347494337854,0.99992,1,0.47312,0.99992,1,0.96542,0.999768,1,1,0.96534,0.999768,1,1,0,0
220,"C_mixed","xgboost",50,2,2,0.7,0.3,0.3,"long_dominant",0.48,500,0.600516482113189,1,0.558650829531435,0.399483517886811,-0.0418656525817536,0.00152315435317792,0.00469189114811744,0.03136,0.69908,0.48,0.03136,0.69908,0.029384,0.705756,0.858284,0.9982,0.000636,0.492048,0.060108,0.912788,0.798176,0.085412
221,"C_mixed","xgboost",50,5,2,0.7,0.3,0.3,"long_dominant",0.48,500,0.573410659703769,1,0.546007153964952,0.42658934029623,-0.0274035057388174,0.0013141950396813,0.00505820480824813,0.9656,0.99984,0.47712,0.9656,0.99984,0.029416,0.6994,0.998384,1,0.028328,0.699256,0.966688,0.999984,0.031696,1.6e-05
222,"C_mixed","xgboost",50,5,5,0.7,0.3,0.3,"long_dominant",0.48,500,0.565648238496568,1,0.530521735364149,0.434351761503432,-0.0351265031324196,0.0013189865984096,0.00525457865935463,0.96756,0.99984,0.48116,0.96756,0.99984,0.96602,0.999832,0.999984,1,0.934616,0.999672,0.998964,1,0.00102,0
223,"C_mixed","xgboost",50,10,5,0.7,0.3,0.3,"long_dominant",0.48,500,0.548657259880729,1,0.519763920416029,0.451342740119271,-0.0288933394647,0.00110197164698203,0.0049732324696046,1,1,0.47928,1,1,0.965656,0.99984,1,1,0.965656,0.99984,1,1,0,0
224,"C_mixed","xgboost",50,2,2,0.3,0.7,0.3,"long_dominant",0.48,500,0.567221793928327,1,0.533099014946613,0.432778206071673,-0.0341227789817139,0.00136518365470147,0.00465652351260511,0.03072,0.70732,0.48436,0.03072,0.70732,0.029228,0.701336,0.85604,0.997752,0.000852,0.497444,0.059096,0.911212,0.796944,0.08654
225,"C_mixed","xgboost",50,5,2,0.3,0.7,0.3,"long_dominant",0.48,500,0.55274937806365,1,0.518364587999159,0.44725062193635,-0.0343847900644903,0.00119392569918794,0.00481267404014993,0.96608,1,0.47812,0.96608,1,0.029888,0.707112,0.998672,1,0.029016,0.707112,0.966952,1,0.03172,0
226,"C_mixed","xgboost",50,5,5,0.3,0.7,0.3,"long_dominant",0.48,500,0.548605006300108,1,0.515905884692163,0.451394993699892,-0.0326991216079458,0.0012811411928174,0.0050285059342715,0.96504,0.99976,0.4792,0.96504,0.99976,0.964648,0.999864,0.999976,1,0.930932,0.999624,0.998756,1,0.00122,0
227,"C_mixed","xgboost",50,10,5,0.3,0.7,0.3,"long_dominant",0.48,500,0.538568809167106,1,0.502691835597058,0.461431190832894,-0.0358769735700481,0.00105126527476581,0.00512319002366578,1,1,0.47856,1,1,0.964896,0.999824,1,1,0.964896,0.999824,1,1,0,0
228,"C_mixed","xgboost",50,2,2,0.7,0.7,0.3,"long_dominant",0.48,500,0.604021500272228,1,0.565424354740328,0.395978499727772,-0.0385971455319,0.00159060599357077,0.00465577818107557,0.0308,0.7092,0.48156,0.0308,0.7092,0.02918,0.707884,0.855888,0.997848,0.00086,0.502284,0.05912,0.9148,0.796768,0.083048
229,"C_mixed","xgboost",50,5,2,0.7,0.7,0.3,"long_dominant",0.48,500,0.575079835065331,1,0.541540443479697,0.424920164934669,-0.033539391585634,0.00137555104694903,0.0049036522259826,0.96296,0.99976,0.481,0.96296,0.99976,0.031044,0.70242,0.997504,1,0.029764,0.702184,0.96424,0.999996,0.033264,4e-06
230,"C_mixed","xgboost",50,5,5,0.7,0.7,0.3,"long_dominant",0.48,500,0.572345381145415,1,0.539281463509469,0.427654618854585,-0.0330639176359456,0.00135118672559495,0.0050133699932291,0.96672,0.99968,0.48276,0.96672,0.99968,0.96464,0.999968,0.999968,1,0.932612,0.999648,0.998748,1,0.00122,0
231,"C_mixed","xgboost",50,10,5,0.7,0.7,0.3,"long_dominant",0.48,500,0.552899236790948,1,0.513556537389982,0.447100763209052,-0.0393426994009659,0.00112355633807227,0.00539730276983473,1,1,0.48132,1,1,0.967052,0.999776,1,1,0.967052,0.999776,1,1,0,0
232,"C_mixed","xgboost",50,2,2,0.3,0.3,0.05,"balanced",0.48,500,0.517140162608207,1,0.488508560150161,0.482859837391793,-0.0286316024580462,0.000860646370029109,0.004539597102772,0.02848,0.7024,0.48444,0.02848,0.7024,0.030172,0.704204,0.85822,0.998128,0.000968,0.494684,0.057684,0.91192,0.800536,0.086208
233,"C_mixed","xgboost",50,5,2,0.3,0.3,0.05,"balanced",0.48,500,0.513793312845898,1,0.488485820443604,0.486206687154102,-0.0253074924022945,0.000786931756395609,0.00510999052823549,0.96112,0.99984,0.47948,0.96112,0.99984,0.02922,0.706212,0.998192,1,0.028152,0.706108,0.962188,0.999944,0.036004,5.6e-05
234,"C_mixed","xgboost",50,5,5,0.3,0.3,0.05,"balanced",0.48,500,0.514830801351582,1,0.487217577156304,0.485169198648418,-0.0276132241952775,0.000833626918667461,0.00514563050950663,0.96644,1,0.48,0.96644,1,0.965516,0.999744,1,1,0.93306,0.999744,0.998896,1,0.001104,0
235,"C_mixed","xgboost",50,10,5,0.3,0.3,0.05,"balanced",0.48,500,0.511937972838208,1,0.482848382360771,0.488062027161792,-0.0290895904774367,0.000691390739977147,0.0054372884803892,1,1,0.48388,1,1,0.964744,0.9998,1,1,0.964744,0.9998,1,1,0,0
236,"C_mixed","xgboost",50,2,2,0.7,0.3,0.05,"balanced",0.48,500,0.521911261003462,1,0.491408099489675,0.478088738996538,-0.0305031615137869,0.000981700770461259,0.00482665023350756,0.03068,0.703,0.48232,0.03068,0.703,0.029608,0.70276,0.859452,0.9978,0.001148,0.493328,0.05914,0.912432,0.800312,0.085368
237,"C_mixed","xgboost",50,5,2,0.7,0.3,0.05,"balanced",0.48,500,0.516346841902609,1,0.487550402787455,0.483653158097391,-0.0287964391151541,0.000841282267468079,0.00545098373467471,0.96364,0.99984,0.48464,0.96364,0.99984,0.030064,0.704944,0.998016,1,0.02916,0.70484,0.964544,0.999944,0.033472,5.6e-05
238,"C_mixed","xgboost",50,5,5,0.7,0.3,0.05,"balanced",0.48,500,0.518053835597237,1,0.493170201438523,0.481946164402763,-0.0248836341587142,0.000811973505235832,0.00521619469318972,0.96592,1,0.4818,0.96592,1,0.965424,0.999816,0.999976,1,0.932252,0.999816,0.999092,1,0.000884,0
239,"C_mixed","xgboost",50,10,5,0.7,0.3,0.05,"balanced",0.48,500,0.51315739391985,1,0.4772869285995,0.48684260608015,-0.0358704653203499,0.000708812347893759,0.00511698535179752,1,1,0.48104,1,1,0.964752,0.999776,1,1,0.964752,0.999776,1,1,0,0
240,"C_mixed","xgboost",50,2,2,0.3,0.7,0.05,"balanced",0.48,500,0.517833064765444,1,0.486950938055668,0.482166935234556,-0.0308821267097755,0.000872382580358451,0.00462881921780664,0.03,0.70404,0.48116,0.03,0.70404,0.028944,0.70144,0.859332,0.997776,0.001024,0.493336,0.05792,0.912144,0.801412,0.085632
241,"C_mixed","xgboost",50,5,2,0.3,0.7,0.05,"balanced",0.48,500,0.514022141887913,1,0.480976704903516,0.485977858112087,-0.0330454369843969,0.000795188658907058,0.00507597749618455,0.96572,0.99984,0.479,0.96572,0.99984,0.030076,0.7013,0.998456,1,0.029024,0.701168,0.966772,0.999972,0.031684,2.8e-05
242,"C_mixed","xgboost",50,5,5,0.3,0.7,0.05,"balanced",0.48,500,0.513477565004429,1,0.486350091909853,0.486522434995571,-0.0271274730945754,0.00084996962140129,0.00484752302284671,0.96784,0.99992,0.4766,0.96784,0.99992,0.9643,0.999856,0.999992,1,0.933144,0.999776,0.998996,1,0.000996,0
243,"C_mixed","xgboost",50,10,5,0.3,0.7,0.05,"balanced",0.48,500,0.513815398026339,1,0.487557176980309,0.486184601973661,-0.0262582210460297,0.000740124732413681,0.00503706306049567,1,1,0.48136,1,1,0.965484,0.999832,1,1,0.965484,0.999832,1,1,0,0
244,"C_mixed","xgboost",50,2,2,0.7,0.7,0.05,"balanced",0.48,500,0.521091895004702,1,0.495442821884324,0.478908104995298,-0.0256490731203778,0.000990288050580766,0.00461535763450298,0.02916,0.70132,0.47948,0.02916,0.70132,0.028484,0.702168,0.863644,0.998136,0.00096,0.492756,0.056684,0.910732,0.80696,0.087404
245,"C_mixed","xgboost",50,5,2,0.7,0.7,0.05,"balanced",0.48,500,0.518316119299214,1,0.491357335812028,0.481683880700786,-0.0269587834871866,0.000840358250634138,0.00514746473678581,0.96704,0.99992,0.481,0.96704,0.99992,0.029176,0.7012,0.998912,1,0.028312,0.70116,0.967904,0.99996,0.031008,4e-05
246,"C_mixed","xgboost",50,5,5,0.7,0.7,0.05,"balanced",0.48,500,0.515981178734019,1,0.484684466542828,0.484018821265981,-0.0312967121911916,0.000864923088572866,0.00512975928446449,0.96304,0.99968,0.47984,0.96304,0.99968,0.968564,0.999712,1,1,0.932748,0.999392,0.998856,1,0.001144,0
247,"C_mixed","xgboost",50,10,5,0.7,0.7,0.05,"balanced",0.48,500,0.513140505175688,1,0.484492821847148,0.486859494824312,-0.0286476833285409,0.000708592058246404,0.00505740148626234,1,1,0.4868,1,1,0.962316,0.999768,1,1,0.962316,0.999768,1,1,0,0
248,"C_mixed","xgboost",50,2,2,0.3,0.3,0.15,"balanced",0.48,500,0.547357082116752,1,0.511893426894993,0.452642917883248,-0.035463655221759,0.00134212695059705,0.00474223078237565,0.03044,0.70356,0.48344,0.03044,0.70356,0.0302,0.705076,0.85844,0.998432,0.000824,0.495952,0.059816,0.912684,0.798624,0.085748
249,"C_mixed","xgboost",50,5,2,0.3,0.3,0.15,"balanced",0.48,500,0.53689825976864,1,0.505657849803665,0.46310174023136,-0.031240409964975,0.00120924963712908,0.00475815961296584,0.96488,1,0.48068,0.96488,1,0.029744,0.703436,0.99784,1,0.028696,0.703436,0.965928,1,0.031912,0
250,"C_mixed","xgboost",50,5,5,0.3,0.3,0.15,"balanced",0.48,500,0.541161087438648,1,0.507837126455035,0.458838912561352,-0.0333239609836135,0.00113211841124399,0.00482088039716618,0.96508,1,0.48096,0.96508,1,0.966,0.999792,0.999912,1,0.93208,0.999792,0.999,1,0.000912,0
251,"C_mixed","xgboost",50,10,5,0.3,0.3,0.15,"balanced",0.48,500,0.53412195957062,1,0.501996890693419,0.46587804042938,-0.0321250688772007,0.00103186547710491,0.00524580458862185,1,1,0.485,1,1,0.96628,0.999896,1,1,0.96628,0.999896,1,1,0,0
252,"C_mixed","xgboost",50,2,2,0.7,0.3,0.15,"balanced",0.48,500,0.560432356510229,1,0.527422181286258,0.439567643489771,-0.0330101752239717,0.00139126335642271,0.00471135410104483,0.03132,0.70456,0.47972,0.03132,0.70456,0.02946,0.701024,0.856172,0.997576,0.001116,0.493976,0.059664,0.911608,0.796508,0.085968
253,"C_mixed","xgboost",50,5,2,0.7,0.3,0.15,"balanced",0.48,500,0.549078969169693,1,0.505912459948816,0.450921030830307,-0.0431665092208766,0.00119976586398406,0.00507349416749039,0.9648,0.99992,0.48296,0.9648,0.99992,0.029208,0.703916,0.998016,1,0.028224,0.703872,0.965784,0.999964,0.032232,3.6e-05
254,"C_mixed","xgboost",50,5,5,0.7,0.3,0.15,"balanced",0.48,500,0.546533970059609,1,0.524510145017575,0.453466029940391,-0.0220238250420346,0.00120145506538908,0.00496592314931805,0.96344,0.99984,0.47984,0.96344,0.99984,0.964768,0.99988,0.99996,1,0.92944,0.99972,0.998768,1,0.001192,0
255,"C_mixed","xgboost",50,10,5,0.7,0.3,0.15,"balanced",0.48,500,0.535830887857713,1,0.512812533876567,0.464169112142287,-0.0230183539811463,0.00100948350300444,0.00486498824329209,1,1,0.4828,1,1,0.966424,0.999752,1,1,0.966424,0.999752,1,1,0,0
256,"C_mixed","xgboost",50,2,2,0.3,0.7,0.15,"balanced",0.48,500,0.549311922923099,1,0.518695543926615,0.450688077076901,-0.0306163789964838,0.00130991096062903,0.00463846624784158,0.02936,0.69676,0.48216,0.02936,0.69676,0.029484,0.706048,0.85858,0.997896,0.000832,0.492124,0.058012,0.910684,0.800568,0.087212
257,"C_mixed","xgboost",50,5,2,0.3,0.7,0.15,"balanced",0.48,500,0.540926987799583,1,0.516993852449233,0.459073012200417,-0.0239331353503501,0.00113265654045495,0.00507644206844841,0.96656,1,0.47656,0.96656,1,0.029356,0.705104,0.998456,1,0.028492,0.705104,0.967424,1,0.031032,0
258,"C_mixed","xgboost",50,5,5,0.3,0.7,0.15,"balanced",0.48,500,0.539620368246587,1,0.508455180735381,0.460379631753413,-0.0311651875112056,0.00123342095577765,0.00492821249065,0.96456,0.99976,0.48188,0.96456,0.99976,0.96694,0.999944,0.999976,1,0.932672,0.999704,0.998828,1,0.001148,0
259,"C_mixed","xgboost",50,10,5,0.3,0.7,0.15,"balanced",0.48,500,0.534462906060768,1,0.496654794702062,0.465537093939232,-0.0378081113587056,0.00104063965910526,0.00512022755327254,1,1,0.48492,1,1,0.96732,0.999832,1,1,0.96732,0.999832,1,1,0,0
260,"C_mixed","xgboost",50,2,2,0.7,0.7,0.15,"balanced",0.48,500,0.563212141959605,1,0.536428171123238,0.436787858040395,-0.0267839708363673,0.00137642766799497,0.00459660892697271,0.0292,0.69948,0.48212,0.0292,0.69948,0.029024,0.698388,0.85506,0.9974,0.000808,0.48958,0.057416,0.908288,0.797644,0.089112
261,"C_mixed","xgboost",50,5,2,0.7,0.7,0.15,"balanced",0.48,500,0.547839613930107,1,0.521104202193264,0.452160386069893,-0.0267354117368438,0.00122359315219518,0.00529766445874378,0.9636,1,0.47932,0.9636,1,0.02852,0.70448,0.998096,1,0.027476,0.70448,0.964644,1,0.033452,0
262,"C_mixed","xgboost",50,5,5,0.7,0.7,0.15,"balanced",0.48,500,0.54913229448725,1,0.516634531324921,0.45086770551275,-0.0324977631623285,0.00124824834114118,0.00507300608145823,0.96564,0.99984,0.47332,0.96564,0.99984,0.964224,0.999872,1,1,0.93094,0.999712,0.998924,1,0.001076,0
263,"C_mixed","xgboost",50,10,5,0.7,0.7,0.15,"balanced",0.48,500,0.540080649871201,1,0.506579947620455,0.459919350128799,-0.033500702250746,0.00103912705636992,0.00517003068489306,0.99992,1,0.4814,0.99992,1,0.964512,0.999928,1,1,0.964468,0.999928,0.999964,1,3.6e-05,0
264,"C_mixed","xgboost",50,2,2,0.3,0.3,0.3,"balanced",0.48,500,0.590407650111188,1,0.556024461582121,0.409592349888812,-0.0343831885290671,0.00158893394347213,0.00462062070763241,0.03076,0.69876,0.48068,0.03076,0.69876,0.029496,0.698936,0.858428,0.998048,0.000796,0.488076,0.05946,0.90962,0.798968,0.088428
265,"C_mixed","xgboost",50,5,2,0.3,0.3,0.3,"balanced",0.48,500,0.576348477583561,1,0.54989343811967,0.423651522416439,-0.0264550394638909,0.00143561775951384,0.00485018399026808,0.96376,0.99984,0.48116,0.96376,0.99984,0.029652,0.701088,0.997856,1,0.028652,0.700968,0.96476,0.99996,0.033096,4e-05
266,"C_mixed","xgboost",50,5,5,0.3,0.3,0.3,"balanced",0.48,500,0.574310683301646,1,0.544724337439202,0.425689316698354,-0.0295863458624441,0.00141979208730305,0.00492792878475317,0.96536,0.99992,0.48412,0.96536,0.99992,0.965524,0.999896,1,1,0.9319,0.999816,0.998984,1,0.001016,0
267,"C_mixed","xgboost",50,10,5,0.3,0.3,0.3,"balanced",0.48,500,0.559907745565502,1,0.527971443731011,0.440092254434498,-0.031936301834491,0.00127339182828944,0.00505329151403185,1,1,0.4786,1,1,0.964324,0.999864,1,1,0.964324,0.999864,1,1,0,0
268,"C_mixed","xgboost",50,2,2,0.7,0.3,0.3,"balanced",0.48,500,0.617525793245819,1,0.584644998078783,0.382474206754181,-0.0328807951670368,0.00149706473371964,0.00452913042247211,0.02936,0.70528,0.4816,0.02936,0.70528,0.02878,0.70254,0.858816,0.998496,0.000968,0.495672,0.057172,0.912148,0.801644,0.086348
269,"C_mixed","xgboost",50,5,2,0.7,0.3,0.3,"balanced",0.48,500,0.59146563869868,1,0.559674219780031,0.40853436130132,-0.0317914189186495,0.0014330926124761,0.00472802779593909,0.9672,0.99976,0.4776,0.9672,0.99976,0.028864,0.70186,0.998264,1,0.027888,0.701648,0.968176,0.999972,0.030088,2.8e-05
270,"C_mixed","xgboost",50,5,5,0.7,0.3,0.3,"balanced",0.48,500,0.589194691634142,1,0.560601743187684,0.410805308365858,-0.0285929484464582,0.00143273206833075,0.00472143096186226,0.96308,0.99992,0.47724,0.96308,0.99992,0.96452,0.999776,0.999992,1,0.928752,0.999696,0.998848,1,0.001144,0
271,"C_mixed","xgboost",50,10,5,0.7,0.3,0.3,"balanced",0.48,500,0.567374463918748,1,0.533753618887614,0.432625536081252,-0.0336208450311337,0.00127209693990449,0.00493938550636736,1,1,0.48396,1,1,0.964784,0.999832,1,1,0.964784,0.999832,1,1,0,0
272,"C_mixed","xgboost",50,2,2,0.3,0.7,0.3,"balanced",0.48,500,0.594577164473798,1,0.558366356413821,0.405422835526202,-0.0362108080599765,0.00163032070339506,0.00442612819856547,0.03016,0.70444,0.4776,0.03016,0.70444,0.029508,0.701932,0.862576,0.997968,0.000668,0.49426,0.059,0.912112,0.803576,0.085856
273,"C_mixed","xgboost",50,5,2,0.3,0.7,0.3,"balanced",0.48,500,0.576815774377668,1,0.549124262171432,0.423184225622332,-0.0276915122062363,0.00145709836403629,0.0049364926167942,0.96388,0.99992,0.48304,0.96388,0.99992,0.029896,0.703284,0.99784,1,0.028744,0.703228,0.965032,0.999976,0.032808,2.4e-05
274,"C_mixed","xgboost",50,5,5,0.3,0.7,0.3,"balanced",0.48,500,0.575605949428004,1,0.541351783897117,0.424394050571996,-0.0342541655308864,0.00136327386521368,0.00494813133364686,0.96564,0.9996,0.47692,0.96564,0.9996,0.964888,0.999808,1,1,0.931632,0.999408,0.998896,1,0.001104,0
275,"C_mixed","xgboost",50,10,5,0.3,0.7,0.3,"balanced",0.48,500,0.563298045985557,1,0.522565327835407,0.436701954014443,-0.0407327181501495,0.00122406129834765,0.00494275361659147,0.99992,1,0.48424,0.99992,1,0.966044,0.999824,1,1,0.965972,0.999824,0.999992,1,8e-06,0
276,"C_mixed","xgboost",50,2,2,0.7,0.7,0.3,"balanced",0.48,500,0.618299659358816,1,0.588635984077772,0.381700340641184,-0.0296636752810446,0.00170523597760563,0.00465009834979544,0.02908,0.70252,0.47964,0.02908,0.70252,0.02988,0.70458,0.857276,0.997592,0.000848,0.496128,0.058112,0.910972,0.799164,0.08662
277,"C_mixed","xgboost",50,5,2,0.7,0.7,0.3,"balanced",0.48,500,0.594811294374503,1,0.554501488912676,0.405188705625497,-0.040309805461827,0.00142529621523094,0.00511352053467356,0.96516,0.99992,0.47716,0.96516,0.99992,0.030832,0.706768,0.998168,1,0.029816,0.706728,0.966176,0.99996,0.031992,4e-05
278,"C_mixed","xgboost",50,5,5,0.7,0.7,0.3,"balanced",0.48,500,0.589951885868472,1,0.567240754217221,0.410048114131528,-0.0227111316512511,0.00145329832331293,0.00507936586868692,0.96644,0.99992,0.48208,0.96644,0.99992,0.964316,0.99984,0.999968,1,0.932008,0.99976,0.998748,1,0.00122,0
279,"C_mixed","xgboost",50,10,5,0.7,0.7,0.3,"balanced",0.48,500,0.569510710112488,1,0.546841283334437,0.430489289887512,-0.0226694267780511,0.00121185834166418,0.00520479451781555,1,1,0.47784,1,1,0.965516,0.99976,1,1,0.965516,0.99976,1,1,0,0
280,"C_mixed","xgboost",100,2,2,0.3,0.3,0.05,"fixed_dominant",0.48,500,0.526018687765977,0.999433458082993,0.505601324753368,0.473414770317016,-0.0204173630126088,0.000869628713879512,0.00328747865297067,0.00042,0.40854,0.47974,0.00042,0.40854,0.000428,0.409776,0.706172,0.992918,0,0.16678,0.000848,0.651536,0.705324,0.341382
281,"C_mixed","xgboost",100,5,2,0.3,0.3,0.05,"fixed_dominant",0.48,500,0.524475595439763,1,0.508855499686552,0.475524404560237,-0.0156200957532106,0.000772988772260688,0.00365661129698657,0.9205,0.99944,0.48206,0.9205,0.99944,0.000416,0.405832,0.995316,1,0.00038,0.405614,0.920536,0.999658,0.07478,0.000342
282,"C_mixed","xgboost",100,5,5,0.3,0.3,0.05,"fixed_dominant",0.48,500,0.525267424048094,0.999999199679872,0.5090696990643,0.474731775631778,-0.016197724983794,0.000787954081189458,0.00354635241349969,0.92036,0.99916,0.47946,0.92036,0.99916,0.919216,0.999316,0.999976,1,0.846126,0.998476,0.99345,1,0.006526,0
283,"C_mixed","xgboost",100,10,5,0.3,0.3,0.05,"fixed_dominant",0.48,500,0.521359856253899,1,0.51066856066591,0.478640143746101,-0.0106912955879895,0.000718619725728281,0.0034532942016095,0.99996,1,0.48134,0.99996,1,0.919098,0.999412,1,1,0.919058,0.999412,1,1,0,0
284,"C_mixed","xgboost",100,2,2,0.7,0.3,0.05,"fixed_dominant",0.48,500,0.530937963681503,0.999566213461842,0.514009190820506,0.468628249780339,-0.0169287728609962,0.00083789771921547,0.00333737465863961,0.00028,0.40554,0.4805,0.00028,0.40554,0.000324,0.408114,0.70401,0.993552,0,0.164586,0.000604,0.649068,0.703406,0.344484
285,"C_mixed","xgboost",100,5,2,0.7,0.3,0.05,"fixed_dominant",0.48,500,0.526888179778701,0.999999199679872,0.511931160138619,0.473111019901171,-0.0149570196400825,0.000825768214579276,0.00363444126943318,0.9205,0.99952,0.47716,0.9205,0.99952,0.000438,0.409686,0.994844,1,0.00037,0.409528,0.920568,0.999678,0.074276,0.000322
286,"C_mixed","xgboost",100,5,5,0.7,0.3,0.05,"fixed_dominant",0.48,500,0.528551164144148,1,0.510299623351387,0.471448835855852,-0.0182515407927616,0.000769715564147858,0.00332559884554989,0.91782,0.99924,0.4762,0.91782,0.99924,0.918996,0.999236,0.99992,1,0.84345,0.998476,0.993366,1,0.006554,0
287,"C_mixed","xgboost",100,10,5,0.7,0.3,0.05,"fixed_dominant",0.48,500,0.523539508307285,1,0.506879539365496,0.476460491692715,-0.0166599689417892,0.000694002381905313,0.00359494665857253,0.99984,1,0.47956,0.99984,1,0.921474,0.999616,1,1,0.921346,0.999616,0.999968,1,3.2e-05,0
288,"C_mixed","xgboost",100,2,2,0.3,0.7,0.05,"fixed_dominant",0.48,500,0.527286751374935,0.999563926714229,0.511734691926462,0.472277175339294,-0.0155520594484727,0.00084477770290943,0.00350678940802212,0.00026,0.41064,0.48276,0.00026,0.41064,0.00039,0.407108,0.70391,0.993438,0,0.167576,0.00065,0.650172,0.70326,0.343266
289,"C_mixed","xgboost",100,5,2,0.3,0.7,0.05,"fixed_dominant",0.48,500,0.525997948338984,1,0.516142162718264,0.474002051661016,-0.00985578562071964,0.000817950911387094,0.00359553360048036,0.92064,0.99928,0.48024,0.92064,0.99928,0.000388,0.407578,0.995232,1,0.00037,0.407272,0.920658,0.999586,0.074574,0.000414
290,"C_mixed","xgboost",100,5,5,0.3,0.7,0.05,"fixed_dominant",0.48,500,0.525766267145979,1,0.51491223848227,0.474233732854021,-0.0108540286637089,0.000782161296466853,0.00361206238161233,0.92162,0.99944,0.4818,0.92162,0.99944,0.921294,0.999364,0.999888,1,0.849154,0.998804,0.99376,1,0.006128,0
291,"C_mixed","xgboost",100,10,5,0.3,0.7,0.05,"fixed_dominant",0.48,500,0.52151740491009,1,0.506065829486371,0.47848259508991,-0.0154515754237197,0.000733885500035676,0.0037077905495839,1,1,0.47776,1,1,0.920124,0.999332,1,1,0.920124,0.999332,1,1,0,0
292,"C_mixed","xgboost",100,2,2,0.7,0.7,0.05,"fixed_dominant",0.48,500,0.531533392561619,0.999685724894592,0.513068350928873,0.468152332332973,-0.0184650416327458,0.000854635793541186,0.00339462964340764,0.00044,0.4083,0.48102,0.00044,0.4083,0.000372,0.409644,0.70466,0.99287,0,0.168942,0.000812,0.649002,0.703848,0.343868
293,"C_mixed","xgboost",100,5,2,0.7,0.7,0.05,"fixed_dominant",0.48,500,0.526331985859386,1,0.510252654977927,0.473668014140614,-0.0160793308814595,0.000839887789246886,0.00360338030230032,0.91866,0.99944,0.47704,0.91866,0.99944,0.000504,0.40793,0.99514,1,0.000464,0.407744,0.9187,0.999626,0.07644,0.000374
294,"C_mixed","xgboost",100,5,5,0.7,0.7,0.05,"fixed_dominant",0.48,500,0.529183566330328,1,0.513520375136436,0.470816433669672,-0.0156631911938919,0.000801447663552701,0.00355067635897882,0.91794,0.99932,0.4806,0.91794,0.99932,0.920852,0.999416,0.99988,1,0.845618,0.998736,0.993174,1,0.006706,0
295,"C_mixed","xgboost",100,10,5,0.7,0.7,0.05,"fixed_dominant",0.48,500,0.523428363430279,1,0.501505339261522,0.476571636569721,-0.0219230241687567,0.000750443636614921,0.00370416768769954,0.99996,1,0.48004,0.99996,1,0.919554,0.99938,1,1,0.919516,0.99938,0.999998,1,2e-06,0
296,"C_mixed","xgboost",100,2,2,0.3,0.3,0.15,"fixed_dominant",0.48,500,0.57509381079028,0.999645781717188,0.556184909887552,0.424551970926908,-0.0189089009027277,0.00111682155011789,0.00325143194959711,4e-04,0.40608,0.48266,4e-04,0.40608,0.000492,0.408546,0.70552,0.992716,0,0.167062,0.000892,0.647564,0.704628,0.345152
297,"C_mixed","xgboost",100,5,2,0.3,0.3,0.15,"fixed_dominant",0.48,500,0.567907620118469,1,0.55084691431512,0.432092379881531,-0.0170607058033491,0.00108133317699113,0.00359454684790928,0.9191,0.99948,0.48164,0.9191,0.99948,0.000378,0.408834,0.995394,1,0.000332,0.408666,0.919146,0.999648,0.076248,0.000352
298,"C_mixed","xgboost",100,5,5,0.3,0.3,0.15,"fixed_dominant",0.48,500,0.568955012934807,1,0.560070516354629,0.431044987065193,-0.00888449658017819,0.00101587711979697,0.00337704050488356,0.9185,0.99936,0.48046,0.9185,0.99936,0.919328,0.999304,0.999928,1,0.84434,0.998664,0.993488,1,0.00644,0
299,"C_mixed","xgboost",100,10,5,0.3,0.3,0.15,"fixed_dominant",0.48,500,0.560239024853132,1,0.540889170346697,0.439760975146868,-0.0193498545064343,0.00093840359442206,0.00373570113231375,0.99996,1,0.47714,0.99996,1,0.919858,0.999468,1,1,0.919818,0.999468,1,1,0,0
300,"C_mixed","xgboost",100,2,2,0.7,0.3,0.15,"fixed_dominant",0.48,500,0.587487447766921,0.999718523199851,0.570160153798361,0.41223107543293,-0.0173272939685597,0.00123541697164914,0.00324083857584399,0.00058,0.40562,0.47754,0.00058,0.40562,0.000326,0.408014,0.706644,0.993776,0,0.16526,0.000906,0.648374,0.705738,0.345402
301,"C_mixed","xgboost",100,5,2,0.7,0.3,0.15,"fixed_dominant",0.48,500,0.57524656171404,1,0.555330221718846,0.42475343828596,-0.0199163399951944,0.0011045706313422,0.00365751840808232,0.92076,0.99908,0.48016,0.92076,0.99908,0.000404,0.407494,0.995118,1,0.000366,0.407208,0.920798,0.999366,0.07432,0.000634
302,"C_mixed","xgboost",100,5,5,0.7,0.3,0.15,"fixed_dominant",0.48,500,0.576135107028253,1,0.560720809103976,0.423864892971747,-0.0154142979242767,0.00102834934812391,0.00345959747806576,0.91804,0.99932,0.48356,0.91804,0.99932,0.920796,0.999368,0.999932,1,0.845452,0.998692,0.993384,0.999996,0.006548,4e-06
303,"C_mixed","xgboost",100,10,5,0.7,0.3,0.15,"fixed_dominant",0.48,500,0.563523369036845,1,0.546954239771002,0.436476630963155,-0.0165691292658433,0.000952852745478344,0.00343587456749214,0.99984,1,0.47686,0.99984,1,0.920018,0.999436,1,1,0.919878,0.999436,0.99998,1,2e-05,0
304,"C_mixed","xgboost",100,2,2,0.3,0.7,0.15,"fixed_dominant",0.48,500,0.578107323411834,0.999672179521624,0.558244297275024,0.42156485610979,-0.0198630261368101,0.00109239712562085,0.00338122497681151,0.00034,0.40862,0.4778,0.00034,0.40862,0.000488,0.408762,0.70443,0.993422,0,0.166664,0.000828,0.650718,0.703602,0.342704
305,"C_mixed","xgboost",100,5,2,0.3,0.7,0.15,"fixed_dominant",0.48,500,0.5692095695608,1,0.544814867728526,0.4307904304392,-0.0243947018322745,0.00102407682069325,0.00345393423483049,0.91932,0.99944,0.47836,0.91932,0.99944,0.000456,0.408344,0.995348,0.999996,0.000414,0.408116,0.919362,0.999668,0.075986,0.000328
306,"C_mixed","xgboost",100,5,5,0.3,0.7,0.15,"fixed_dominant",0.48,500,0.569032218494554,1,0.550932244264471,0.430967781505446,-0.0180999742300833,0.00111211894791018,0.00358639812148952,0.92092,0.99928,0.48436,0.92092,0.99928,0.920054,0.999376,0.99992,1,0.846852,0.998656,0.994122,1,0.005798,0
307,"C_mixed","xgboost",100,10,5,0.3,0.7,0.15,"fixed_dominant",0.48,500,0.559714150954362,1,0.543100541092283,0.440285849045638,-0.0166136098620785,0.000997523864330049,0.0034981453068607,0.99996,1,0.47866,0.99996,1,0.92009,0.999488,1,1,0.920056,0.999488,0.999994,1,6e-06,0
308,"C_mixed","xgboost",100,2,2,0.7,0.7,0.15,"fixed_dominant",0.48,500,0.589822499985332,0.999708373911114,0.571205302661126,0.409885873925782,-0.018617197324206,0.00113865509515151,0.0033188676920834,0.00042,0.409,0.47764,0.00042,0.409,0.00046,0.40655,0.70669,0.993456,0,0.164674,0.00088,0.650876,0.70581,0.34258
309,"C_mixed","xgboost",100,5,2,0.7,0.7,0.15,"fixed_dominant",0.48,500,0.577144031428447,1,0.551259208178016,0.422855968571553,-0.0258848232504309,0.00100481698985547,0.00359031525063609,0.92084,0.99948,0.48038,0.92084,0.99948,0.00049,0.40696,0.99534,0.999996,0.000448,0.406764,0.920882,0.999676,0.074458,0.00032
310,"C_mixed","xgboost",100,5,5,0.7,0.7,0.15,"fixed_dominant",0.48,500,0.578365528803008,1,0.559292719678302,0.421634471196992,-0.0190728091247063,0.00100140962424434,0.00341855768608315,0.91952,0.99892,0.47708,0.91952,0.99892,0.921614,0.999444,0.999856,1,0.847344,0.998364,0.99379,1,0.006066,0
311,"C_mixed","xgboost",100,10,5,0.7,0.7,0.15,"fixed_dominant",0.48,500,0.563969101763704,1,0.542810282366657,0.436030898236296,-0.0211588193970474,0.000979542991653576,0.00352084200368944,1,1,0.4789,1,1,0.920022,0.9995,1,1,0.920022,0.9995,1,1,0,0
312,"C_mixed","xgboost",100,2,2,0.3,0.3,0.3,"fixed_dominant",0.48,500,0.637559889554187,0.999749967475819,0.618109006479499,0.362190077921632,-0.0194508830746875,0.00123814283871915,0.00306280827774969,0.00034,0.40748,0.47972,0.00034,0.40748,0.000444,0.40748,0.705422,0.992788,0,0.1668,0.000784,0.64816,0.704638,0.344628
313,"C_mixed","xgboost",100,5,2,0.3,0.3,0.3,"fixed_dominant",0.48,500,0.623349554420007,1,0.604961677358359,0.376650445579993,-0.0183878770616478,0.00114723999595952,0.00343765944875663,0.92008,0.99936,0.47766,0.92008,0.99936,0.00041,0.40898,0.995146,1,0.000374,0.408724,0.920116,0.999616,0.07503,0.000384
314,"C_mixed","xgboost",100,5,5,0.3,0.3,0.3,"fixed_dominant",0.48,500,0.625749061145787,1,0.607783994376409,0.374250938854213,-0.0179650667693776,0.00115307390017892,0.0033110377110599,0.91978,0.99948,0.47882,0.91978,0.99948,0.919478,0.999436,0.99996,1,0.846208,0.998916,0.99305,1,0.00691,0
315,"C_mixed","xgboost",100,10,5,0.3,0.3,0.3,"fixed_dominant",0.48,500,0.605811624794294,1,0.584188934982267,0.394188375205706,-0.0216226898120273,0.00108666113244241,0.00370726486144106,0.99996,1,0.48508,0.99996,1,0.91876,0.999392,1,1,0.918722,0.999392,0.999998,1,2e-06,0
316,"C_mixed","xgboost",100,2,2,0.7,0.3,0.3,"fixed_dominant",0.48,500,0.658490543504596,0.999792342413428,0.638714838466572,0.341301798908832,-0.0197757050380234,0.00120742365952911,0.00298310382654195,0.00042,0.40874,0.47848,0.00042,0.40874,0.000406,0.407746,0.705996,0.992984,0,0.166612,0.000826,0.649874,0.70517,0.34311
317,"C_mixed","xgboost",100,5,2,0.7,0.3,0.3,"fixed_dominant",0.48,500,0.638529233263001,1,0.611953103373391,0.361470766736999,-0.0265761298896098,0.00109409515523491,0.003396578355511,0.9196,0.9994,0.48016,0.9196,0.9994,0.000358,0.410292,0.995536,1,0.000316,0.410052,0.919642,0.99964,0.075894,0.00036
318,"C_mixed","xgboost",100,5,5,0.7,0.3,0.3,"fixed_dominant",0.48,500,0.635419056573276,1,0.614572631646782,0.364580943426724,-0.0208464249264944,0.00112112013777713,0.0031850736563335,0.92204,0.99936,0.48314,0.92204,0.99936,0.920982,0.999316,0.999936,1,0.849204,0.998676,0.993818,1,0.006118,0
319,"C_mixed","xgboost",100,10,5,0.7,0.3,0.3,"fixed_dominant",0.48,500,0.613585414060546,1,0.592836992472399,0.386414585939454,-0.0207484215881472,0.00101136392974004,0.00339365951414167,0.9998,1,0.47866,0.9998,1,0.921398,0.9994,1,1,0.921238,0.9994,0.99996,1,4e-05,0
320,"C_mixed","xgboost",100,2,2,0.3,0.7,0.3,"fixed_dominant",0.48,500,0.643455147999806,0.999744728701356,0.624803323741915,0.356289580701551,-0.0186518242578905,0.00126356135699112,0.00324257781085359,0.00042,0.4061,0.48182,0.00042,0.4061,0.000456,0.40832,0.702924,0.993032,0,0.16658,0.000876,0.64784,0.702048,0.345192
321,"C_mixed","xgboost",100,5,2,0.3,0.7,0.3,"fixed_dominant",0.48,500,0.625654182689835,1,0.606670198730402,0.374345817310165,-0.0189839839594329,0.00108097760788509,0.00323901317846495,0.91936,0.9994,0.48224,0.91936,0.9994,0.000368,0.404892,0.995112,1,0.000336,0.404676,0.919392,0.999616,0.07572,0.000384
322,"C_mixed","xgboost",100,5,5,0.3,0.7,0.3,"fixed_dominant",0.48,500,0.627343550341351,1,0.600222712660413,0.372656449658649,-0.0271208376809381,0.00111125418871189,0.00337033364326602,0.91798,0.9994,0.48286,0.91798,0.9994,0.917712,0.999412,0.999944,1,0.842392,0.998812,0.9933,1,0.006644,0
323,"C_mixed","xgboost",100,10,5,0.3,0.7,0.3,"fixed_dominant",0.48,500,0.609135487132581,1,0.588973067150983,0.390864512867419,-0.020162419981598,0.00100101945341842,0.00351734517715826,0.99992,1,0.48128,0.99992,1,0.918968,0.999348,1,1,0.918888,0.999348,1,1,0,0
324,"C_mixed","xgboost",100,2,2,0.7,0.7,0.3,"fixed_dominant",0.48,500,0.659521685888229,0.999863645341737,0.640977217376979,0.340341959453507,-0.0185444685112502,0.00119000183572072,0.00307950005248886,0.00036,0.4079,0.48548,0.00036,0.4079,0.000516,0.407442,0.708926,0.993038,0,0.165162,0.000876,0.65018,0.70805,0.342858
325,"C_mixed","xgboost",100,5,2,0.7,0.7,0.3,"fixed_dominant",0.48,500,0.638329153302192,1,0.612554876033624,0.361670846697808,-0.0257742772685685,0.00114986611044586,0.00325503853724931,0.92066,0.99908,0.47864,0.92066,0.99908,0.000378,0.406718,0.994478,0.999988,0.000358,0.406348,0.92068,0.99945,0.073798,0.000538
326,"C_mixed","xgboost",100,5,5,0.7,0.7,0.3,"fixed_dominant",0.48,500,0.639969052363833,1,0.621254587372561,0.360030947636167,-0.0187144649912715,0.00112373805815936,0.00335215020319322,0.91932,0.99956,0.48278,0.91932,0.99956,0.918522,0.999496,0.999936,1,0.844784,0.999056,0.993058,1,0.006878,0
327,"C_mixed","xgboost",100,10,5,0.7,0.7,0.3,"fixed_dominant",0.48,500,0.615597456938205,1,0.599331960405067,0.384402543061795,-0.0162654965331376,0.00100352144594932,0.00327943335492603,0.99992,1,0.48216,0.99992,1,0.918658,0.999416,1,1,0.918578,0.999416,1,1,0,0
328,"C_mixed","xgboost",100,2,2,0.3,0.3,0.05,"long_dominant",0.48,500,0.513710573170935,0.999380204628622,0.497467530695862,0.485669631457686,-0.0162430424750739,0.000636313247907089,0.00340722579917917,0.00036,0.40844,0.48046,0.00036,0.40844,0.000388,0.409364,0.705774,0.993622,0,0.16814,0.000748,0.649664,0.705026,0.343958
329,"C_mixed","xgboost",100,5,2,0.3,0.3,0.05,"long_dominant",0.48,500,0.511516574239962,0.999998384006528,0.494160988457527,0.488481809766566,-0.017355585782435,0.00060171880105809,0.003624281195236,0.92202,0.99928,0.47602,0.92202,0.99928,0.000584,0.407112,0.995324,1,0.000532,0.406826,0.922072,0.999566,0.073252,0.000434
330,"C_mixed","xgboost",100,5,5,0.3,0.3,0.05,"long_dominant",0.48,500,0.511791893185879,0.999999194847021,0.490452405682486,0.488207301661142,-0.0213394875033925,0.000609255769896528,0.00359529496505808,0.92116,0.99956,0.47808,0.92116,0.99956,0.92117,0.999444,0.999928,1,0.848622,0.999004,0.993708,1,0.00622,0
331,"C_mixed","xgboost",100,10,5,0.3,0.3,0.05,"long_dominant",0.48,500,0.509465554528167,1,0.489013015563097,0.490534445471833,-0.0204525389650696,0.000553866291495729,0.00379921420628542,0.99992,1,0.48066,0.99992,1,0.919396,0.999332,1,1,0.919316,0.999332,1,1,0,0
332,"C_mixed","xgboost",100,2,2,0.7,0.3,0.05,"long_dominant",0.48,500,0.522324333835604,0.999613684860789,0.510238201071878,0.477289351025186,-0.0120861327637262,0.000731646350976416,0.00343909638268746,0.00046,0.40948,0.48148,0.00046,0.40948,0.00046,0.410832,0.706492,0.99319,0,0.168586,0.00092,0.651726,0.705572,0.341464
333,"C_mixed","xgboost",100,5,2,0.7,0.3,0.05,"long_dominant",0.48,500,0.516448196938102,0.999999194847021,0.499046271698668,0.483550997908919,-0.0174019252394332,0.000652502570425366,0.00341216072918425,0.9218,0.99948,0.47886,0.9218,0.99948,0.000494,0.40787,0.995824,0.999988,0.00048,0.407648,0.921814,0.999702,0.07401,0.000286
334,"C_mixed","xgboost",100,5,5,0.7,0.3,0.05,"long_dominant",0.48,500,0.516078145898781,0.999999166666667,0.50228068572607,0.483921020767886,-0.0137974601727104,0.000664138506141159,0.0036112288241157,0.9187,0.99932,0.48248,0.9187,0.99932,0.919226,0.999308,0.999988,1,0.844518,0.998628,0.993408,1,0.00658,0
335,"C_mixed","xgboost",100,10,5,0.7,0.3,0.05,"long_dominant",0.48,500,0.512318508176318,1,0.499003040119234,0.487681491823682,-0.0133154680570845,0.000546910140333838,0.00366695006642703,0.99996,1,0.47942,0.99996,1,0.920074,0.999232,1,1,0.920034,0.999232,1,1,0,0
336,"C_mixed","xgboost",100,2,2,0.3,0.7,0.05,"long_dominant",0.48,500,0.51563561978242,0.999432086615917,0.498762924472212,0.483796466833498,-0.0168726953102081,0.000670713633367668,0.00338320846422667,0.00048,0.40416,0.48094,0.00048,0.40416,0.000464,0.408282,0.710208,0.993136,0,0.164894,0.000944,0.647548,0.709264,0.345588
337,"C_mixed","xgboost",100,5,2,0.3,0.7,0.05,"long_dominant",0.48,500,0.513027343413934,1,0.494105912922115,0.486972656586066,-0.0189214304918186,0.000612626141244106,0.00362523521740697,0.91934,0.9992,0.47912,0.91934,0.9992,0.00044,0.408582,0.995536,0.999992,0.000388,0.40829,0.919392,0.999492,0.076144,5e-04
338,"C_mixed","xgboost",100,5,5,0.3,0.7,0.05,"long_dominant",0.48,500,0.512713729020674,0.999999184006528,0.492978881767123,0.487285454985853,-0.0197348472535511,0.0006131805266063,0.00370374894950159,0.91996,0.9994,0.48342,0.91996,0.9994,0.918786,0.999448,0.999872,1,0.845246,0.998848,0.9935,1,0.006372,0
339,"C_mixed","xgboost",100,10,5,0.3,0.7,0.05,"long_dominant",0.48,500,0.509840559202644,1,0.488324055978922,0.490159440797356,-0.0215165032237225,0.000573610320019308,0.00362870152505023,0.99992,1,0.47862,0.99992,1,0.92049,0.999408,1,1,0.92041,0.999408,1,1,0,0
340,"C_mixed","xgboost",100,2,2,0.7,0.7,0.05,"long_dominant",0.48,500,0.523622118505682,0.999643887233898,0.504930568639267,0.476021768728216,-0.0186915498664145,0.000740152982815439,0.0035265017809331,4e-04,0.40602,0.47872,4e-04,0.40602,0.000306,0.40767,0.704498,0.99344,0,0.165218,0.000706,0.648472,0.703792,0.344968
341,"C_mixed","xgboost",100,5,2,0.7,0.7,0.05,"long_dominant",0.48,500,0.517633901464791,1,0.501166274501521,0.482366098535209,-0.0164676269632696,0.000710875164592755,0.00357537365555141,0.91984,0.99936,0.4766,0.91984,0.99936,0.00049,0.406238,0.99454,1,0.000462,0.40601,0.919868,0.999588,0.074672,0.000412
342,"C_mixed","xgboost",100,5,5,0.7,0.7,0.05,"long_dominant",0.48,500,0.517228376262931,1,0.495071722366832,0.482771623737069,-0.022156653896099,0.000636984466436969,0.00357740037915837,0.92006,0.9992,0.48156,0.92006,0.9992,0.922054,0.99928,0.999944,1,0.848352,0.99848,0.993762,1,0.006182,0
343,"C_mixed","xgboost",100,10,5,0.7,0.7,0.05,"long_dominant",0.48,500,0.513209961276851,1,0.498714484608246,0.486790038723149,-0.0144954766686047,0.000585681830880118,0.00374345936335303,0.99984,1,0.48292,0.99984,1,0.921942,0.999428,1,1,0.921798,0.999428,0.999984,1,1.6e-05,0
344,"C_mixed","xgboost",100,2,2,0.3,0.3,0.15,"long_dominant",0.48,500,0.542213123539854,0.99949476404606,0.526651138716457,0.457281640506206,-0.0155619848233969,0.000893972605262398,0.0033548502221842,0.00046,0.40826,0.48272,0.00046,0.40826,0.000374,0.40882,0.703068,0.99345,0,0.167584,0.000834,0.649496,0.702234,0.343954
345,"C_mixed","xgboost",100,5,2,0.3,0.3,0.15,"long_dominant",0.48,500,0.533453309231155,0.999999197109595,0.512522609753358,0.46654588787844,-0.0209306994777966,0.000858695650475332,0.00350360605966105,0.92018,0.99928,0.48316,0.92018,0.99928,0.000334,0.409922,0.995116,0.999968,0.000302,0.409636,0.920212,0.999566,0.074904,0.000402
346,"C_mixed","xgboost",100,5,5,0.3,0.3,0.15,"long_dominant",0.48,500,0.532639966323098,1,0.518415269127909,0.467360033676902,-0.0142246971951889,0.000849781961322029,0.00339758524613481,0.91996,0.9992,0.48186,0.91996,0.9992,0.920394,0.999552,0.999984,1,0.846486,0.998752,0.993868,1,0.006116,0
347,"C_mixed","xgboost",100,10,5,0.3,0.3,0.15,"long_dominant",0.48,500,0.526034520551881,1,0.514818317904783,0.473965479448119,-0.0112162026470982,0.000757740915655661,0.00381110759494527,0.99996,1,0.47894,0.99996,1,0.920496,0.999356,1,1,0.920458,0.999356,0.999998,1,2e-06,0
348,"C_mixed","xgboost",100,2,2,0.7,0.3,0.15,"long_dominant",0.48,500,0.566658611690539,0.999594679810937,0.544054697119791,0.432936068120398,-0.0226039145707483,0.00106878384679607,0.00333001859321258,0.00036,0.41012,0.48592,0.00036,0.41012,0.000402,0.407248,0.706092,0.993228,0,0.167256,0.000762,0.650112,0.70533,0.343116
349,"C_mixed","xgboost",100,5,2,0.7,0.3,0.15,"long_dominant",0.48,500,0.551904110220617,1,0.530000859066429,0.448095889779383,-0.0219032511541878,0.000955968274903938,0.00375552240969003,0.92056,0.99948,0.47672,0.92056,0.99948,0.00049,0.41006,0.995472,1,0.000456,0.409852,0.920594,0.999688,0.074878,0.000312
350,"C_mixed","xgboost",100,5,5,0.7,0.3,0.15,"long_dominant",0.48,500,0.548435393630167,1,0.531394535571432,0.451564606369833,-0.0170408580587353,0.000876429368721584,0.00351215772950609,0.9199,0.9992,0.47766,0.9199,0.9992,0.922022,0.999388,0.99994,1,0.84798,0.998588,0.993942,1,0.005998,0
351,"C_mixed","xgboost",100,10,5,0.7,0.3,0.15,"long_dominant",0.48,500,0.537441152577519,1,0.520144530286722,0.462558847422481,-0.0172966222907977,0.000805271005615148,0.00350269170496919,0.99992,1,0.48218,0.99992,1,0.921042,0.999432,1,1,0.920962,0.999432,1,1,0,0
352,"C_mixed","xgboost",100,2,2,0.3,0.7,0.15,"long_dominant",0.48,500,0.545333782188801,0.999553892501208,0.529113294803956,0.454220110312406,-0.0162204873848456,0.000944728655137664,0.00350159594115956,0.00036,0.40396,0.48192,0.00036,0.40396,0.000388,0.411582,0.704612,0.992714,0,0.16795,0.000748,0.647592,0.703864,0.345122
353,"C_mixed","xgboost",100,5,2,0.3,0.7,0.15,"long_dominant",0.48,500,0.535710241582652,1,0.515550922987657,0.464289758417348,-0.0201593185949943,0.000842446041596706,0.00356317490631218,0.9204,0.99932,0.4804,0.9204,0.99932,0.000448,0.408626,0.994804,0.999984,0.00041,0.40839,0.920438,0.999556,0.074366,0.000428
354,"C_mixed","xgboost",100,5,5,0.3,0.7,0.15,"long_dominant",0.48,500,0.534176564269221,1,0.52470684042423,0.465823435730779,-0.00946972384499076,0.00086464017121472,0.00373477762502255,0.91836,0.99924,0.4815,0.91836,0.99924,0.91966,0.999312,0.99998,1,0.844408,0.998552,0.993612,1,0.006368,0
355,"C_mixed","xgboost",100,10,5,0.3,0.7,0.15,"long_dominant",0.48,500,0.527537671777065,1,0.513382404989361,0.472462328222935,-0.0141552667877043,0.000751162124737811,0.00352455821352494,0.99988,1,0.47906,0.99988,1,0.92035,0.999336,1,1,0.920246,0.999336,0.999984,1,1.6e-05,0
356,"C_mixed","xgboost",100,2,2,0.7,0.7,0.15,"long_dominant",0.48,500,0.569989807384463,0.999732090824149,0.547746537234191,0.429742283439686,-0.022243270150272,0.00104190360613563,0.00333654446136611,0.00028,0.40456,0.47988,0.00028,0.40456,0.000478,0.406692,0.704616,0.993232,0,0.164136,0.000758,0.647116,0.703858,0.346116
357,"C_mixed","xgboost",100,5,2,0.7,0.7,0.15,"long_dominant",0.48,500,0.55484021383278,1,0.537294697726483,0.44515978616722,-0.0175455161062975,0.000965785363197859,0.00357970890371514,0.9182,0.99912,0.4813,0.9182,0.99912,0.000422,0.409402,0.994964,1,0.00038,0.409032,0.918242,0.99949,0.076722,0.00051
358,"C_mixed","xgboost",100,5,5,0.7,0.7,0.15,"long_dominant",0.48,500,0.549425942732052,1,0.531891134717493,0.450574057267948,-0.0175348080145583,0.000989164534418295,0.00367374834112138,0.92308,0.99956,0.48232,0.92308,0.99956,0.922132,0.99936,0.999964,1,0.85129,0.99892,0.993922,1,0.006042,0
359,"C_mixed","xgboost",100,10,5,0.7,0.7,0.15,"long_dominant",0.48,500,0.53704000025025,1,0.519346115283898,0.46295999974975,-0.0176938849663516,0.000795110845905819,0.00374444368428758,1,1,0.47788,1,1,0.922348,0.99936,1,1,0.922348,0.99936,1,1,0,0
360,"C_mixed","xgboost",100,2,2,0.3,0.3,0.3,"long_dominant",0.48,500,0.580998997242924,0.999605998051852,0.558739794122989,0.418607000808927,-0.0222592031199355,0.00108809072740693,0.00330491145697163,0.00046,0.40848,0.47996,0.00046,0.40848,0.00045,0.408116,0.704242,0.993396,0,0.166416,0.00091,0.65018,0.703332,0.343216
361,"C_mixed","xgboost",100,5,2,0.3,0.3,0.3,"long_dominant",0.48,500,0.564764957982347,1,0.544527422762606,0.435235042017653,-0.0202375352197403,0.000975318447585103,0.00348704466181851,0.91608,0.99964,0.47648,0.91608,0.99964,0.000428,0.405866,0.994384,1,0.000382,0.405718,0.916126,0.999788,0.078258,0.000212
362,"C_mixed","xgboost",100,5,5,0.3,0.3,0.3,"long_dominant",0.48,500,0.562319646789985,1,0.541096699742411,0.437680353210015,-0.0212229470475735,0.000993207347853683,0.00335298528909612,0.92076,0.99948,0.48296,0.92076,0.99948,0.91935,0.999356,0.999904,1,0.846378,0.998836,0.993732,1,0.006172,0
363,"C_mixed","xgboost",100,10,5,0.3,0.3,0.3,"long_dominant",0.48,500,0.550137020799584,1,0.536730223709196,0.449862979200416,-0.0134067970903884,0.000969884970413168,0.00365051220038208,0.99996,1,0.48082,0.99996,1,0.9192,0.999392,1,1,0.91916,0.999392,1,1,0,0
364,"C_mixed","xgboost",100,2,2,0.7,0.3,0.3,"long_dominant",0.48,500,0.628634528080371,0.999639982487911,0.606023918072276,0.37100545440754,-0.0226106100080953,0.00130634118176419,0.00311994754298378,0.00062,0.41142,0.47828,0.00062,0.41142,0.000488,0.407888,0.705124,0.99265,0,0.169392,0.001108,0.649916,0.704016,0.342734
365,"C_mixed","xgboost",100,5,2,0.7,0.3,0.3,"long_dominant",0.48,500,0.601899258165194,1,0.581059538922715,0.398100741834806,-0.020839719242479,0.00118895262308085,0.00347791946028335,0.9182,0.99928,0.48292,0.9182,0.99928,0.000444,0.406064,0.995052,1,0.000422,0.405822,0.918222,0.999522,0.07683,0.000478
366,"C_mixed","xgboost",100,5,5,0.7,0.3,0.3,"long_dominant",0.48,500,0.592202475367326,0.999999178981938,0.56999346557539,0.407796703614612,-0.0222090097919356,0.00114667788731411,0.00336102921475299,0.92072,0.99936,0.48114,0.92072,0.99936,0.92021,0.99932,0.999968,1,0.847234,0.99868,0.993696,1,0.006272,0
367,"C_mixed","xgboost",100,10,5,0.7,0.3,0.3,"long_dominant",0.48,500,0.56886858157047,1,0.546593182172348,0.43113141842953,-0.0222753993981215,0.000979949830712141,0.00362347118035615,0.99992,1,0.47558,0.99992,1,0.919916,0.999312,1,1,0.91985,0.999312,0.999986,1,1.4e-05,0
368,"C_mixed","xgboost",100,2,2,0.3,0.7,0.3,"long_dominant",0.48,500,0.589341406535859,0.999546718951555,0.56993395594443,0.410205312415695,-0.0194074505914294,0.00113581206802788,0.0034332433554023,5e-04,0.41054,0.48482,5e-04,0.41054,0.00037,0.407238,0.703534,0.99298,0,0.166868,0.00087,0.65091,0.702664,0.34207
369,"C_mixed","xgboost",100,5,2,0.3,0.7,0.3,"long_dominant",0.48,500,0.569525550822525,1,0.545240458011598,0.430474449177475,-0.0242850928109264,0.00100011107182018,0.00356286925553752,0.91938,0.99948,0.4836,0.91938,0.99948,0.000484,0.408388,0.995234,0.999972,0.000456,0.40817,0.919408,0.999698,0.075826,0.000274
370,"C_mixed","xgboost",100,5,5,0.3,0.7,0.3,"long_dominant",0.48,500,0.565173358692131,1,0.544403311297725,0.434826641307869,-0.0207700473944065,0.000995833336151747,0.00345151233373846,0.92008,0.9992,0.47866,0.92008,0.9992,0.921494,0.999476,0.99992,1,0.84831,0.998676,0.993264,1,0.006656,0
371,"C_mixed","xgboost",100,10,5,0.3,0.7,0.3,"long_dominant",0.48,500,0.55318125867303,1,0.538162498713298,0.44681874132697,-0.0150187599597327,0.000954085464805435,0.00365708107399558,1,1,0.4772,1,1,0.92182,0.999384,1,1,0.92182,0.999384,1,1,0,0
372,"C_mixed","xgboost",100,2,2,0.7,0.7,0.3,"long_dominant",0.48,500,0.632588443116683,0.999743774489778,0.611832720044488,0.367155331373095,-0.0207557230721947,0.00131929561977307,0.00315323020029622,0.00042,0.40958,0.47912,0.00042,0.40958,0.000506,0.40522,0.706006,0.992848,0,0.166002,0.000926,0.648798,0.70508,0.34405
373,"C_mixed","xgboost",100,5,2,0.7,0.7,0.3,"long_dominant",0.48,500,0.608471836463585,1,0.579204418727707,0.391528163536415,-0.0292674177358777,0.00124089273431103,0.00349270150037254,0.91842,0.9992,0.47622,0.91842,0.9992,0.000374,0.407656,0.995236,1,0.000352,0.407346,0.918442,0.99951,0.076794,0.00049
374,"C_mixed","xgboost",100,5,5,0.7,0.7,0.3,"long_dominant",0.48,500,0.597013864401894,1,0.574205590508185,0.402986135598106,-0.0228082738937085,0.00112323275823865,0.00377443742900946,0.92012,0.9992,0.48112,0.92012,0.9992,0.920372,0.99932,0.999968,1,0.846876,0.99852,0.993616,1,0.006352,0
375,"C_mixed","xgboost",100,10,5,0.7,0.7,0.3,"long_dominant",0.48,500,0.573521176320588,1,0.555296684260968,0.426478823679412,-0.0182244920596201,0.000993933734298037,0.00362469322981604,0.99992,1,0.48104,0.99992,1,0.920754,0.999368,1,1,0.920674,0.999368,1,1,0,0
376,"C_mixed","xgboost",100,2,2,0.3,0.3,0.05,"balanced",0.48,500,0.520001144285942,0.999439110742821,0.50313460989987,0.479437966456879,-0.0168665343860725,0.00074020795380317,0.00330503970804321,0.00054,0.40936,0.48206,0.00054,0.40936,0.000412,0.408198,0.701862,0.99341,0,0.167458,0.000952,0.6501,0.70091,0.34331
377,"C_mixed","xgboost",100,5,2,0.3,0.3,0.05,"balanced",0.48,500,0.517622009897821,1,0.503487316878498,0.482377990102179,-0.0141346930193233,0.000719786404305216,0.00363692688172199,0.9186,0.99944,0.47932,0.9186,0.99944,0.000356,0.407376,0.99452,0.999996,0.000338,0.40711,0.918618,0.999706,0.075902,0.00029
378,"C_mixed","xgboost",100,5,5,0.3,0.3,0.05,"balanced",0.48,500,0.51974597243254,1,0.501071418147804,0.48025402756746,-0.0186745542847366,0.000674473161724311,0.00372129034193267,0.92076,0.99956,0.48152,0.92076,0.99956,0.919726,0.999476,0.99998,1,0.846582,0.999036,0.993904,1,0.006076,0
379,"C_mixed","xgboost",100,10,5,0.3,0.3,0.05,"balanced",0.48,500,0.516211849435149,1,0.492357835156589,0.483788150564851,-0.02385401427856,0.000645129550570408,0.00347639060686967,0.99996,1,0.48026,0.99996,1,0.918774,0.999272,1,1,0.918734,0.999272,1,1,0,0
380,"C_mixed","xgboost",100,2,2,0.7,0.3,0.05,"balanced",0.48,500,0.526041182866442,0.999589657090004,0.508959156084446,0.473548474223562,-0.0170820267819961,0.000820856181861101,0.0034652137138421,5e-04,0.40806,0.47764,5e-04,0.40806,0.000492,0.409012,0.705344,0.992954,0,0.165092,0.000992,0.65198,0.704352,0.340974
381,"C_mixed","xgboost",100,5,2,0.7,0.3,0.05,"balanced",0.48,500,0.521817019010471,0.999999198717949,0.509900411367811,0.478182179707478,-0.0119166076426603,0.000685164100764828,0.00349871637032837,0.91926,0.99932,0.48054,0.91926,0.99932,0.000404,0.405454,0.995444,1,0.000396,0.405164,0.919268,0.99961,0.076176,0.00039
382,"C_mixed","xgboost",100,5,5,0.7,0.3,0.05,"balanced",0.48,500,0.52016662148613,0.999998383838384,0.505188153011913,0.479831762352254,-0.014978468474217,0.000737062433891606,0.00370130260360912,0.92044,0.99924,0.48104,0.92044,0.99924,0.921312,0.999548,0.999956,1,0.848126,0.998788,0.993626,1,0.00633,0
383,"C_mixed","xgboost",100,10,5,0.7,0.3,0.05,"balanced",0.48,500,0.51787211773258,1,0.496482832712469,0.48212788226742,-0.0213892850201115,0.00063696987332965,0.00354454418271328,1,1,0.47564,1,1,0.920564,0.999444,1,1,0.920564,0.999444,1,1,0,0
384,"C_mixed","xgboost",100,2,2,0.3,0.7,0.05,"balanced",0.48,500,0.521941061183832,0.999544661308946,0.503867389673066,0.477603600125114,-0.0180736715107664,0.00075195333984277,0.00323272834140359,4e-04,0.40768,0.48186,4e-04,0.40768,0.000434,0.408866,0.707054,0.99308,0,0.167174,0.000834,0.649372,0.70622,0.343708
385,"C_mixed","xgboost",100,5,2,0.3,0.7,0.05,"balanced",0.48,500,0.518141481951481,1,0.50278433431962,0.481858518048519,-0.0153571476318614,0.000685775552502889,0.00343590393973688,0.92166,0.99932,0.47928,0.92166,0.99932,0.000394,0.408126,0.996016,0.999964,0.00035,0.407848,0.921704,0.999598,0.074312,0.000366
386,"C_mixed","xgboost",100,5,5,0.3,0.7,0.05,"balanced",0.48,500,0.51819126529402,1,0.503986980835485,0.48180873470598,-0.0142042844585358,0.000727922735501566,0.0035535935402212,0.9203,0.99944,0.47948,0.9203,0.99944,0.9209,0.999432,0.999892,1,0.84762,0.998874,0.99358,0.999998,0.006312,2e-06
387,"C_mixed","xgboost",100,10,5,0.3,0.7,0.05,"balanced",0.48,500,0.515514945899817,1,0.490576151570606,0.484485054100183,-0.024938794329211,0.00065388703587493,0.00358419785754609,0.99992,1,0.48416,0.99992,1,0.920642,0.999328,1,1,0.920566,0.999328,0.999996,1,4e-06,0
388,"C_mixed","xgboost",100,2,2,0.7,0.7,0.05,"balanced",0.48,500,0.527685640057764,0.999649139872432,0.512746311734404,0.471963499814668,-0.0149393283233598,0.000809773430430252,0.00340117306594327,0.00042,0.40606,0.47904,0.00042,0.40606,0.00036,0.405868,0.704608,0.993598,0,0.163872,0.00078,0.648056,0.703828,0.345542
389,"C_mixed","xgboost",100,5,2,0.7,0.7,0.05,"balanced",0.48,500,0.522358046879004,0.999999199679872,0.500844275926403,0.477641152800868,-0.0215137709526006,0.000772229843405383,0.00325976081006617,0.91902,0.9996,0.47752,0.91902,0.9996,0.000456,0.407676,0.994836,1,0.00039,0.407498,0.919086,0.999778,0.07575,0.000222
390,"C_mixed","xgboost",100,5,5,0.7,0.7,0.05,"balanced",0.48,500,0.523200566812168,1,0.513623674803622,0.476799433187832,-0.00957689200854602,0.000747755064653032,0.00349064450992985,0.92094,0.99956,0.4822,0.92094,0.99956,0.91916,0.999316,0.999836,1,0.84673,0.998876,0.99337,1,0.006466,0
391,"C_mixed","xgboost",100,10,5,0.7,0.7,0.05,"balanced",0.48,500,0.517603992460087,1,0.501071560659085,0.482396007539913,-0.0165324318010014,0.000664239940430874,0.00383654267867209,0.99988,1,0.48368,0.99988,1,0.920934,0.999336,1,1,0.920814,0.999336,1,1,0,0
392,"C_mixed","xgboost",100,2,2,0.3,0.3,0.15,"balanced",0.48,500,0.557387627168026,0.999537346618237,0.530149247460106,0.442149719450211,-0.0272383797079197,0.0010449368061037,0.00320610967174568,0.00064,0.4065,0.48082,0.00064,0.4065,0.000536,0.408484,0.707366,0.993088,0,0.16566,0.001176,0.649324,0.70619,0.343764
393,"C_mixed","xgboost",100,5,2,0.3,0.3,0.15,"balanced",0.48,500,0.550768955907951,0.999998397435897,0.539135717794409,0.449229441527946,-0.0116332381135421,0.000973617732726959,0.00346541956369892,0.91716,0.9992,0.47812,0.91716,0.9992,0.000472,0.408254,0.995174,0.999968,0.000442,0.407926,0.91719,0.999528,0.077984,0.00044
394,"C_mixed","xgboost",100,5,5,0.3,0.3,0.15,"balanced",0.48,500,0.550482642668395,0.999999198717949,0.531077288418288,0.449516556049554,-0.0194053542501065,0.000879394253038804,0.00352517562129141,0.92004,0.99944,0.47808,0.92004,0.99944,0.919676,0.999484,0.999964,1,0.845914,0.998924,0.993802,1,0.006162,0
395,"C_mixed","xgboost",100,10,5,0.3,0.3,0.15,"balanced",0.48,500,0.54628601744578,1,0.524471933191461,0.45371398255422,-0.0218140842543195,0.000888361619557487,0.00369801106887508,0.99992,1,0.47992,0.99992,1,0.918936,0.999336,1,1,0.918856,0.999336,1,1,0,0
396,"C_mixed","xgboost",100,2,2,0.7,0.3,0.15,"balanced",0.48,500,0.576579409173806,0.999689209325074,0.563021117195794,0.423109800151268,-0.0135582919780123,0.00111657069571156,0.00325065922205976,0.00052,0.4087,0.47944,0.00052,0.4087,0.000416,0.407772,0.705274,0.993458,2e-06,0.165562,0.000934,0.65091,0.70434,0.342548
397,"C_mixed","xgboost",100,5,2,0.7,0.3,0.15,"balanced",0.48,500,0.564558351418655,0.999998390637141,0.540912532078413,0.435440039218486,-0.0236458193402415,0.000970793597428608,0.00352333945778578,0.92004,0.99932,0.48146,0.92004,0.99932,0.000376,0.406964,0.99474,0.999996,0.00035,0.406748,0.920066,0.999536,0.074674,0.00046
398,"C_mixed","xgboost",100,5,5,0.7,0.3,0.15,"balanced",0.48,500,0.56041177736163,1,0.536113443454517,0.43958822263837,-0.0242983339071133,0.00103636772659687,0.00354456575026311,0.9189,0.99924,0.47644,0.9189,0.99924,0.91931,0.99942,0.999864,1,0.845038,0.99866,0.993172,1,0.006692,0
399,"C_mixed","xgboost",100,10,5,0.7,0.3,0.15,"balanced",0.48,500,0.550247451446556,1,0.536979122792954,0.449752548553444,-0.0132683286536022,0.000904531985511846,0.00359661195202682,1,1,0.47768,1,1,0.92137,0.999424,1,1,0.92137,0.999424,1,1,0,0
400,"C_mixed","xgboost",100,2,2,0.3,0.7,0.15,"balanced",0.48,500,0.562688344566119,0.999537693036251,0.545776518560365,0.436849348470133,-0.0169118260057531,0.00112711007466876,0.00338994957692853,0.00048,0.40848,0.48038,0.00048,0.40848,0.000434,0.40855,0.705422,0.993774,0,0.165994,0.000914,0.651036,0.704508,0.342738
401,"C_mixed","xgboost",100,5,2,0.3,0.7,0.15,"balanced",0.48,500,0.553286720561472,1,0.531628496763722,0.446713279438528,-0.0216582237977493,0.000989150759796024,0.00353840930224665,0.918,0.99936,0.48528,0.918,0.99936,0.000354,0.40846,0.994836,1,0.000316,0.408188,0.918038,0.999632,0.076798,0.000368
402,"C_mixed","xgboost",100,5,5,0.3,0.7,0.15,"balanced",0.48,500,0.552796801589109,0.999999199679872,0.534909715325502,0.447202398090763,-0.0178870862636074,0.000992032511704167,0.00340589275661512,0.92118,0.99932,0.4764,0.92118,0.99932,0.920246,0.999412,0.999912,1,0.847562,0.998732,0.993864,1,0.006048,0
403,"C_mixed","xgboost",100,10,5,0.3,0.7,0.15,"balanced",0.48,500,0.545733833476405,1,0.529064944552613,0.454266166523595,-0.0166688889237916,0.000896083181630878,0.00352077906949007,0.99992,1,0.48072,0.99992,1,0.919416,0.999504,1,1,0.919346,0.999504,0.99999,1,1e-05,0
404,"C_mixed","xgboost",100,2,2,0.7,0.7,0.15,"balanced",0.48,500,0.58134911700709,0.999674931858906,0.563686826699896,0.418325814851816,-0.0176622903071939,0.00113283784982118,0.0035128580765972,0.00028,0.40782,0.47606,0.00028,0.40782,0.000416,0.406388,0.70249,0.992648,0,0.166866,0.000696,0.647342,0.701794,0.345306
405,"C_mixed","xgboost",100,5,2,0.7,0.7,0.15,"balanced",0.48,500,0.564524027289549,1,0.542416060305564,0.435475972710451,-0.0221079669839854,0.00103291980756594,0.00361897572956193,0.92036,0.99936,0.47918,0.92036,0.99936,0.000376,0.407356,0.994864,0.999996,0.000344,0.407056,0.920392,0.99966,0.074472,0.000336
406,"C_mixed","xgboost",100,5,5,0.7,0.7,0.15,"balanced",0.48,500,0.563348622005471,1,0.552665382590755,0.436651377994529,-0.010683239414716,0.00100180324228879,0.00368319468227868,0.92146,0.99952,0.48162,0.92146,0.99952,0.92099,0.999448,0.999976,1,0.84847,0.998968,0.99398,1,0.005996,0
407,"C_mixed","xgboost",100,10,5,0.7,0.7,0.15,"balanced",0.48,500,0.551363568884436,1,0.538871404351141,0.448636431115564,-0.0124921645332949,0.000918064511672765,0.00365687841021834,1,1,0.47982,1,1,0.917518,0.999348,1,1,0.917518,0.999348,1,1,0,0
408,"C_mixed","xgboost",100,2,2,0.3,0.3,0.3,"balanced",0.48,500,0.612298891806194,0.999677938763177,0.594773560637221,0.387379046956983,-0.017525331168973,0.00113115169551889,0.00316006136045655,0.00048,0.4053,0.4766,0.00048,0.4053,0.00034,0.407928,0.706348,0.992952,0,0.16404,0.00082,0.649188,0.705528,0.343764
409,"C_mixed","xgboost",100,5,2,0.3,0.3,0.3,"balanced",0.48,500,0.594223088649136,1,0.572121909737397,0.405776911350864,-0.0221011789117388,0.00116353721761076,0.0035510412951365,0.9147,0.99936,0.47512,0.9147,0.99936,0.000442,0.408802,0.994988,0.999996,0.000394,0.408486,0.914748,0.999676,0.08024,0.00032
410,"C_mixed","xgboost",100,5,5,0.3,0.3,0.3,"balanced",0.48,500,0.592684377859631,0.999999188311688,0.57750730677637,0.407314810452057,-0.0151770710832613,0.00111889428277438,0.00340203339525801,0.91712,0.99952,0.4811,0.91712,0.99952,0.917618,0.999324,0.99992,1,0.84145,0.998844,0.993288,1,0.006632,0
411,"C_mixed","xgboost",100,10,5,0.3,0.3,0.3,"balanced",0.48,500,0.5792462024187,1,0.562998890076763,0.4207537975813,-0.0162473123419363,0.00101358098303253,0.00350476724050166,0.99996,1,0.4766,0.99996,1,0.920338,0.999496,1,1,0.920302,0.999496,0.999996,1,4e-06,0
412,"C_mixed","xgboost",100,2,2,0.7,0.3,0.3,"balanced",0.48,500,0.642238308376402,0.999760490384214,0.626499308957111,0.357522182007812,-0.0157389994192907,0.00125544855501698,0.00309658993347832,0.00056,0.40834,0.47802,0.00056,0.40834,0.000318,0.407094,0.698884,0.993296,0,0.16704,0.000878,0.648394,0.698006,0.344902
413,"C_mixed","xgboost",100,5,2,0.7,0.3,0.3,"balanced",0.48,500,0.618527841446002,1,0.59833367526527,0.381472158553998,-0.0201941661807323,0.00110577080535677,0.00343737113690548,0.92308,0.99948,0.48206,0.92308,0.99948,0.000496,0.40858,0.99493,0.999984,0.000452,0.40839,0.923124,0.99967,0.071806,0.000314
414,"C_mixed","xgboost",100,5,5,0.7,0.3,0.3,"balanced",0.48,500,0.614345258547365,1,0.596161739622773,0.385654741452635,-0.0181835189245911,0.00108607328589536,0.00346036349783064,0.92112,0.99944,0.48334,0.92112,0.99944,0.917274,0.99932,0.999948,1,0.844716,0.99876,0.993678,1,0.00627,0
415,"C_mixed","xgboost",100,10,5,0.7,0.3,0.3,"balanced",0.48,500,0.5920094350533,1,0.571866242481883,0.4079905649467,-0.0201431925714173,0.000972848746959273,0.00336382884400552,1,1,0.47792,1,1,0.917336,0.999348,1,1,0.917336,0.999348,1,1,0,0
416,"C_mixed","xgboost",100,2,2,0.3,0.7,0.3,"balanced",0.48,500,0.613764573450895,0.999719289343486,0.593859567898471,0.385954715892591,-0.0199050055524237,0.00120177499356235,0.00320438713833457,0.00038,0.40892,0.4819,0.00038,0.40892,0.000386,0.408284,0.707386,0.99351,0,0.16719,0.000766,0.650014,0.70662,0.343496
417,"C_mixed","xgboost",100,5,2,0.3,0.7,0.3,"balanced",0.48,500,0.598468649490698,0.999999197109595,0.578167522124775,0.401530547618896,-0.0203011273659237,0.00111797668786312,0.00352317579944316,0.91992,0.9994,0.4795,0.91992,0.9994,0.000434,0.407494,0.995224,0.999988,0.00039,0.407292,0.919964,0.999602,0.07526,0.000386
418,"C_mixed","xgboost",100,5,5,0.3,0.7,0.3,"balanced",0.48,500,0.594506328981651,1,0.574726410783614,0.405493671018349,-0.0197799181980375,0.00112579873325667,0.00333518114922633,0.9155,0.99952,0.47796,0.9155,0.99952,0.919398,0.999296,0.999944,1,0.841856,0.998818,0.993042,0.999998,0.006902,2e-06
419,"C_mixed","xgboost",100,10,5,0.3,0.7,0.3,"balanced",0.48,500,0.582321619742703,1,0.563530666172274,0.417678380257297,-0.0187909535704295,0.000986445802434644,0.00367518754328851,0.99992,1,0.47916,0.99992,1,0.920912,0.999436,1,1,0.920832,0.999436,1,1,0,0
420,"C_mixed","xgboost",100,2,2,0.7,0.7,0.3,"balanced",0.48,500,0.645259589390169,0.999792432487698,0.623191658929361,0.35453284309753,-0.0220679304608074,0.00117863928375228,0.00316116946030767,0.00038,0.4094,0.4829,0.00038,0.4094,0.00042,0.409962,0.709218,0.994098,0,0.167658,8e-04,0.651704,0.708418,0.342394
421,"C_mixed","xgboost",100,5,2,0.7,0.7,0.3,"balanced",0.48,500,0.62145698729236,1,0.601111998805384,0.37854301270764,-0.020344988486976,0.00115757277673616,0.00335935575968682,0.92218,0.99956,0.48186,0.92218,0.99956,0.00048,0.408708,0.995328,1,0.000466,0.408526,0.922194,0.999742,0.073134,0.000258
422,"C_mixed","xgboost",100,5,5,0.7,0.7,0.3,"balanced",0.48,500,0.616645754691434,1,0.598325932528017,0.383354245308566,-0.0183198221634171,0.00103035402246677,0.00352017754414235,0.91916,0.9994,0.48222,0.91916,0.9994,0.919334,0.999332,0.999952,1,0.844948,0.998732,0.993546,1,0.006406,0
423,"C_mixed","xgboost",100,10,5,0.7,0.7,0.3,"balanced",0.48,500,0.595615797893402,1,0.57565247236928,0.404384202106598,-0.0199633255241229,0.00100517210891332,0.00373560559103842,0.99996,1,0.47994,0.99996,1,0.918748,0.999316,1,1,0.918708,0.999316,1,1,0,0
424,"C_mixed","xgboost",200,2,2,0.3,0.3,0.05,"fixed_dominant",0.48,500,0.53421720623625,0.986026908764373,0.518055134903535,0.451809702528124,-0.0161620713327145,0.000773397139148876,0.00249022130137111,0,0.13419,0.48189,0,0.13419,0,0.135,0.474067,0.983967,0,0.017859,0,0.251331,0.474067,0.732636
425,"C_mixed","xgboost",200,5,2,0.3,0.3,0.05,"fixed_dominant",0.48,500,0.531115377732362,0.99925130413841,0.524291226944048,0.468135926406049,-0.00682415078831371,0.00073949828324387,0.00247055123142442,0.83254,0.99836,0.48293,0.83254,0.99836,0,0.134878,0.988892,0.999972,0,0.134597,0.83254,0.998641,0.156352,0.001331
426,"C_mixed","xgboost",200,5,5,0.3,0.3,0.05,"fixed_dominant",0.48,500,0.531294338963018,0.999228059891533,0.518477129846239,0.467933720928515,-0.0128172091167783,0.000697328105609506,0.00249206763209758,0.83123,0.99856,0.47852,0.83123,0.99856,0.832694,0.998376,0.999814,1,0.692357,0.996937,0.971567,0.999999,0.028247,1e-06
427,"C_mixed","xgboost",200,10,5,0.3,0.3,0.05,"fixed_dominant",0.48,500,0.527413468531626,0.999975608145498,0.51622425714933,0.472562139613872,-0.011189211382296,0.000626348137702736,0.00271579031681193,0.99986,1,0.48048,0.99986,1,0.836123,0.998441,1,1,0.83601,0.998441,0.999973,1,2.7e-05,0
428,"C_mixed","xgboost",200,2,2,0.7,0.3,0.05,"fixed_dominant",0.48,500,0.539456192742664,0.987580045154616,0.521741028885405,0.448123852411952,-0.0177151638572598,0.000773993710965393,0.00240243636262222,0,0.13481,0.47821,0,0.13481,0,0.135312,0.473498,0.984116,0,0.018346,0,0.251776,0.473498,0.73234
429,"C_mixed","xgboost",200,5,2,0.7,0.3,0.05,"fixed_dominant",0.48,500,0.534986732100001,0.999330034326417,0.524370899233678,0.464343302226416,-0.0106158328663235,0.000723503433174439,0.00241080175212081,0.83048,0.99856,0.4807,0.83048,0.99856,0,0.135355,0.988496,0.999996,0,0.135115,0.83048,0.9988,0.158016,0.001196
430,"C_mixed","xgboost",200,5,5,0.7,0.3,0.05,"fixed_dominant",0.48,500,0.535860225911801,0.99933866940779,0.526418329696995,0.463478443495989,-0.00944189621480611,0.000703438841227935,0.00240273487249441,0.83405,0.99822,0.47884,0.83405,0.99822,0.834645,0.99827,0.999874,1,0.696603,0.996492,0.972092,0.999998,0.027782,2e-06
431,"C_mixed","xgboost",200,10,5,0.7,0.3,0.05,"fixed_dominant",0.48,500,0.529563916525767,0.999976882483998,0.517307080116249,0.470412965958231,-0.0122568364095182,0.000666219051862404,0.00264768296926899,0.99988,1,0.478,0.99988,1,0.833219,0.99853,1,1,0.833113,0.99853,0.999986,1,1.4e-05,0
432,"C_mixed","xgboost",200,2,2,0.3,0.7,0.05,"fixed_dominant",0.48,500,0.534908153913456,0.98633652505778,0.519679718952815,0.451428371144324,-0.0152284349606407,0.000807679044529594,0.00252373690898002,0,0.13551,0.48039,0,0.13551,0,0.134572,0.474394,0.983943,0,0.018129,0,0.251953,0.474394,0.73199
433,"C_mixed","xgboost",200,5,2,0.3,0.7,0.05,"fixed_dominant",0.48,500,0.533563201128774,0.999278759357836,0.524714834324779,0.465715558229062,-0.00884836680399483,0.000670328799624692,0.00255203660278142,0.83348,0.99836,0.47955,0.83348,0.99836,0,0.134484,0.989909,0.999984,0,0.134256,0.83348,0.998588,0.156429,0.001396
434,"C_mixed","xgboost",200,5,5,0.3,0.7,0.05,"fixed_dominant",0.48,500,0.531963069604869,0.999210567750736,0.521210143478105,0.467247498145866,-0.0107529261267647,0.00069202976212956,0.00239309660019559,0.83349,0.99862,0.47988,0.83349,0.99862,0.833298,0.99852,0.999814,1,0.694277,0.99714,0.972511,1,0.027303,0
435,"C_mixed","xgboost",200,10,5,0.3,0.7,0.05,"fixed_dominant",0.48,500,0.528143438947226,0.999978277313877,0.515391935927675,0.471834838366651,-0.0127515030195508,0.000642539132687454,0.00263233978420747,0.99984,1,0.48146,0.99984,1,0.834456,0.998258,1,1,0.834317,0.998258,0.999979,1,2.1e-05,0
436,"C_mixed","xgboost",200,2,2,0.7,0.7,0.05,"fixed_dominant",0.48,500,0.539993818308553,0.987770330765295,0.528322749562581,0.447776512456742,-0.0116710687459717,0.000801567290061021,0.00243200285377234,0,0.13507,0.48108,0,0.13507,0,0.135671,0.471961,0.983303,0,0.019125,0,0.251616,0.471961,0.731687
437,"C_mixed","xgboost",200,5,2,0.7,0.7,0.05,"fixed_dominant",0.48,500,0.534840835656799,0.999328723683411,0.522923185692228,0.464487888026611,-0.0119176499645713,0.000669130086131123,0.00260894956928408,0.83476,0.99828,0.48081,0.83476,0.99828,0,0.135148,0.9897,0.999984,0,0.134906,0.83476,0.998522,0.15494,0.001462
438,"C_mixed","xgboost",200,5,5,0.7,0.7,0.05,"fixed_dominant",0.48,500,0.534726612233651,0.999421759382617,0.523632754376268,0.464695147148966,-0.0110938578573822,0.000681997248184947,0.00243412579270946,0.83517,0.99874,0.48219,0.83517,0.99874,0.833234,0.998304,0.999826,1,0.695424,0.997044,0.97298,1,0.026846,0
439,"C_mixed","xgboost",200,10,5,0.7,0.7,0.05,"fixed_dominant",0.48,500,0.529908495882815,0.999972469339285,0.51917319552005,0.47006397345647,-0.0107353003627655,0.000656692430012142,0.002455219219689,0.9998,1,0.48061,0.9998,1,0.832599,0.99827,1,1,0.832434,0.99827,0.999965,1,3.5e-05,0
440,"C_mixed","xgboost",200,2,2,0.3,0.3,0.15,"fixed_dominant",0.48,500,0.593141490997024,0.985053496459833,0.581319436937981,0.391912005462809,-0.0118220540590424,0.000929224966478822,0.00230532193039032,0,0.13501,0.47821,0,0.13501,0,0.134563,0.471496,0.983554,0,0.018152,0,0.251421,0.471496,0.732133
441,"C_mixed","xgboost",200,5,2,0.3,0.3,0.15,"fixed_dominant",0.48,500,0.583843671891647,0.999399742342585,0.570445522791661,0.415556070450938,-0.0133981490999857,0.000842129889442428,0.00258122237943308,0.83528,0.9986,0.48181,0.83528,0.9986,0,0.135186,0.989137,0.999986,0,0.134949,0.83528,0.998837,0.153857,0.001149
442,"C_mixed","xgboost",200,5,5,0.3,0.3,0.15,"fixed_dominant",0.48,500,0.583672173426756,0.999235946471716,0.574186362216263,0.41556377304496,-0.00948581121049298,0.000856510586083873,0.00240912610967883,0.83492,0.99848,0.47878,0.83492,0.99848,0.833244,0.998444,0.999818,1,0.695462,0.996925,0.972702,0.999999,0.027116,1e-06
443,"C_mixed","xgboost",200,10,5,0.3,0.3,0.15,"fixed_dominant",0.48,500,0.574759551101852,0.999981835542215,0.568675410890491,0.425222284440363,-0.00608414021136093,0.00078434296484462,0.00236669444111979,0.99994,1,0.48067,0.99994,1,0.833987,0.998415,1,1,0.833932,0.998415,0.999995,1,5e-06,0
444,"C_mixed","xgboost",200,2,2,0.7,0.3,0.15,"fixed_dominant",0.48,500,0.603532955333946,0.98729590854419,0.592779737238725,0.383762953210244,-0.0107532180952211,0.000971696140470628,0.00228195270385933,0,0.13326,0.48164,0,0.13326,0,0.134267,0.47375,0.984492,0,0.018121,0,0.249406,0.47375,0.735086
445,"C_mixed","xgboost",200,5,2,0.7,0.3,0.15,"fixed_dominant",0.48,500,0.593900809930909,0.999305623778914,0.583076325063141,0.405404813848006,-0.010824484867768,0.000826633147148153,0.00243441709787753,0.83449,0.99854,0.47827,0.83449,0.99854,0,0.134991,0.988775,0.999992,0,0.13486,0.83449,0.998671,0.154285,0.001321
446,"C_mixed","xgboost",200,5,5,0.7,0.3,0.15,"fixed_dominant",0.48,500,0.592935160992309,0.999353100081478,0.583006749372116,0.406417939089169,-0.00992841162019327,0.000831267101345943,0.00236671268984338,0.83081,0.99854,0.48249,0.83081,0.99854,0.83273,0.99849,0.999824,1,0.691811,0.99703,0.971729,1,0.028095,0
447,"C_mixed","xgboost",200,10,5,0.7,0.3,0.15,"fixed_dominant",0.48,500,0.579613402256514,0.999984299263498,0.571387066283873,0.420370897006984,-0.00822633597264109,0.000792208038936621,0.00239917019261591,0.9999,1,0.4796,0.9999,1,0.834918,0.998208,1,1,0.834849,0.998208,0.999969,1,3.1e-05,0
448,"C_mixed","xgboost",200,2,2,0.3,0.7,0.15,"fixed_dominant",0.48,500,0.59580409138634,0.985613676626051,0.580776435626481,0.38980958523971,-0.0150276557598592,0.000933344891849821,0.00225522717703049,0,0.13504,0.48162,0,0.13504,0,0.134948,0.469363,0.98319,0,0.01812,0,0.251868,0.469363,0.731322
449,"C_mixed","xgboost",200,5,2,0.3,0.7,0.15,"fixed_dominant",0.48,500,0.585524517841506,0.999301109878784,0.571784971073868,0.413776592037278,-0.0137395467676383,0.000819108893426482,0.00229932969642166,0.83707,0.9988,0.4783,0.83707,0.9988,1e-06,0.13492,0.989247,0.999964,1e-06,0.134755,0.83707,0.998965,0.152177,0.000999
450,"C_mixed","xgboost",200,5,5,0.3,0.7,0.15,"fixed_dominant",0.48,500,0.586111888374368,0.999299860902341,0.568575557195837,0.413187972527973,-0.0175363311785306,0.000830992639489672,0.00243379657128752,0.83285,0.9986,0.47973,0.83285,0.9986,0.833535,0.998474,0.999828,1,0.694663,0.997074,0.971722,1,0.028106,0
451,"C_mixed","xgboost",200,10,5,0.3,0.7,0.15,"fixed_dominant",0.48,500,0.574933929085249,0.999980114394711,0.56410214811436,0.425046185309462,-0.0108317809708884,0.000846932688896291,0.00240079152217971,0.99978,1,0.48278,0.99978,1,0.833166,0.998338,1,1,0.832988,0.998338,0.999958,1,4.2e-05,0
452,"C_mixed","xgboost",200,2,2,0.7,0.7,0.15,"fixed_dominant",0.48,500,0.608415925193423,0.988409643550991,0.595201998008133,0.379993718357568,-0.0132139271852902,0.000857400670115418,0.00223710645124215,0,0.13488,0.48065,0,0.13488,0,0.135328,0.470089,0.98313,0,0.018295,0,0.251913,0.470089,0.731217
453,"C_mixed","xgboost",200,5,2,0.7,0.7,0.15,"fixed_dominant",0.48,500,0.594706332983284,0.999400724465349,0.581595393859951,0.404694391482065,-0.0131109391233337,0.000866234744375326,0.00230958723523308,0.83466,0.99874,0.47804,0.83466,0.99874,0,0.134342,0.988995,0.999994,0,0.134194,0.83466,0.998888,0.154335,0.001106
454,"C_mixed","xgboost",200,5,5,0.7,0.7,0.15,"fixed_dominant",0.48,500,0.593166293809419,0.999389718154953,0.582291642150659,0.406223424345535,-0.0108746516587603,0.000801555810390897,0.00247892583817328,0.83434,0.99862,0.48207,0.83434,0.99862,0.83574,0.998564,0.999898,1,0.696919,0.997184,0.973161,1,0.026737,0
455,"C_mixed","xgboost",200,10,5,0.7,0.7,0.15,"fixed_dominant",0.48,500,0.579476615158401,0.999984680821751,0.570569428606549,0.42050806566335,-0.00890718655185189,0.000807480857685638,0.0025218450909026,0.99984,1,0.47927,0.99984,1,0.833809,0.998332,1,1,0.83367,0.998332,0.999979,1,2.1e-05,0
456,"C_mixed","xgboost",200,2,2,0.3,0.3,0.3,"fixed_dominant",0.48,500,0.664209508935592,0.985801738683256,0.654309654506727,0.321592229747665,-0.0098998544288644,0.000879250779972312,0.00213688248563981,0,0.13499,0.4797,0,0.13499,2e-06,0.134575,0.474152,0.984208,0,0.018404,2e-06,0.251161,0.47415,0.733047
457,"C_mixed","xgboost",200,5,2,0.3,0.3,0.3,"fixed_dominant",0.48,500,0.650282337431515,0.999371525897461,0.63909445533547,0.349089188465947,-0.0111878820960445,0.00083763163022868,0.00223668811594241,0.83507,0.99808,0.48249,0.83507,0.99808,0,0.135308,0.98895,0.999974,0,0.13506,0.83507,0.998328,0.15388,0.001646
458,"C_mixed","xgboost",200,5,5,0.3,0.3,0.3,"fixed_dominant",0.48,500,0.645611446438768,0.999308298349918,0.633756301831096,0.35369685191115,-0.0118551446076728,0.000858533079785615,0.00233140224224923,0.83315,0.99836,0.4798,0.83315,0.99836,0.833599,0.99853,0.999832,1,0.694467,0.996891,0.972282,0.999999,0.02755,1e-06
459,"C_mixed","xgboost",200,10,5,0.3,0.3,0.3,"fixed_dominant",0.48,500,0.631505918940311,0.999984702919867,0.617645805272014,0.368478783979556,-0.0138601136682966,0.000751904672321326,0.00240205156360893,0.99986,1,0.48137,0.99986,1,0.833775,0.998334,1,1,0.833671,0.998334,0.999964,1,3.6e-05,0
460,"C_mixed","xgboost",200,2,2,0.7,0.3,0.3,"fixed_dominant",0.48,500,0.685831573535418,0.988721158398167,0.670039352494658,0.302889584862749,-0.0157922210407601,0.000871719144571127,0.00208029075571363,0,0.13288,0.48135,0,0.13288,1e-06,0.134305,0.473906,0.983164,0,0.017979,1e-06,0.249206,0.473905,0.733958
461,"C_mixed","xgboost",200,5,2,0.7,0.3,0.3,"fixed_dominant",0.48,500,0.664628400548343,0.999501582831364,0.655304968066538,0.334873182283021,-0.00932343248180523,0.000784211992849887,0.00227264772874635,0.83314,0.99848,0.48043,0.83314,0.99848,3e-06,0.134474,0.989018,0.999966,3e-06,0.134298,0.83314,0.998656,0.155878,0.00131
462,"C_mixed","xgboost",200,5,5,0.7,0.3,0.3,"fixed_dominant",0.48,500,0.659767160713488,0.999499386873728,0.64801680316918,0.339732226160239,-0.0117503575443087,0.000822726236562672,0.00235843480352432,0.83434,0.99872,0.48035,0.83434,0.99872,0.835161,0.998326,0.999784,1,0.696305,0.997046,0.973196,1,0.026588,0
463,"C_mixed","xgboost",200,10,5,0.7,0.3,0.3,"fixed_dominant",0.48,500,0.639435251797561,0.99999094820146,0.629167590792993,0.360555696403899,-0.0102676610045686,0.000732501248845027,0.00239484689157358,0.99998,1,0.48036,0.99998,1,0.833479,0.998537,1,1,0.833459,0.998537,1,1,0,0
464,"C_mixed","xgboost",200,2,2,0.3,0.7,0.3,"fixed_dominant",0.48,500,0.667087870774529,0.986311144069981,0.654697268721666,0.319223273295452,-0.0123906020528632,0.000889744550764188,0.00209604602675986,0,0.13478,0.47914,0,0.13478,1e-06,0.134777,0.47435,0.983659,0,0.017984,1e-06,0.251573,0.474349,0.732086
465,"C_mixed","xgboost",200,5,2,0.3,0.7,0.3,"fixed_dominant",0.48,500,0.650607742784579,0.999359687827775,0.636797609773402,0.348751945043196,-0.0138101330111767,0.000839971399094965,0.00227041793684666,0.83568,0.99844,0.48014,0.83568,0.99844,0,0.134153,0.989228,0.999978,0,0.133965,0.83568,0.998628,0.153548,0.00135
466,"C_mixed","xgboost",200,5,5,0.3,0.7,0.3,"fixed_dominant",0.48,500,0.649212997591419,0.999228722270559,0.639376290594771,0.35001572467914,-0.00983670699664783,0.000784416199534034,0.00220230478374641,0.83288,0.99854,0.48143,0.83288,0.99854,0.83365,0.998361,0.999852,1,0.693638,0.996901,0.972892,1,0.02696,0
467,"C_mixed","xgboost",200,10,5,0.3,0.7,0.3,"fixed_dominant",0.48,500,0.631988513133858,0.999985701850823,0.621750322602427,0.367997188716964,-0.0102381905314311,0.000770528716654195,0.0024663324821764,0.99988,1,0.48169,0.99988,1,0.832457,0.998388,1,1,0.832349,0.998388,0.999988,1,1.2e-05,0
468,"C_mixed","xgboost",200,2,2,0.7,0.7,0.3,"fixed_dominant",0.48,500,0.68719610558172,0.98891229650653,0.678512094029681,0.30171619092481,-0.00868401155203949,0.000836701628854049,0.00212485952296612,0,0.13443,0.47839,0,0.13443,0,0.134699,0.473407,0.983958,0,0.017921,0,0.251208,0.473407,0.73275
469,"C_mixed","xgboost",200,5,2,0.7,0.7,0.3,"fixed_dominant",0.48,500,0.666752834367951,0.999453204074844,0.650311966719102,0.332700369706893,-0.0164408676488489,0.000877536896521033,0.00222055291912178,0.8347,0.99846,0.47725,0.8347,0.99846,0,0.134505,0.988907,0.99999,0,0.134345,0.8347,0.99862,0.154207,0.00137
470,"C_mixed","xgboost",200,5,5,0.7,0.7,0.3,"fixed_dominant",0.48,500,0.664736523160053,0.999506125411693,0.653916777671385,0.33476960225164,-0.0108197454886687,0.000770387273956779,0.00227729485421629,0.83198,0.9983,0.47956,0.83198,0.9983,0.834136,0.998525,0.99981,1,0.694089,0.996827,0.972027,0.999998,0.027783,2e-06
471,"C_mixed","xgboost",200,10,5,0.7,0.7,0.3,"fixed_dominant",0.48,500,0.642163098240076,0.999988554992751,0.624717271355145,0.357825456752674,-0.0174458268849309,0.000766550162614462,0.00243904326225078,0.99986,1,0.48181,0.99986,1,0.834648,0.998588,1,1,0.834533,0.998588,0.999975,1,2.5e-05,0
472,"C_mixed","xgboost",200,2,2,0.3,0.3,0.05,"long_dominant",0.48,500,0.519856554490317,0.985848586983986,0.512270547465682,0.465992032493669,-0.00758600702463548,0.000667198892453158,0.00234906354205104,0,0.13462,0.48049,0,0.13462,0,0.134879,0.472726,0.983305,0,0.018449,0,0.25105,0.472726,0.732255
473,"C_mixed","xgboost",200,5,2,0.3,0.3,0.05,"long_dominant",0.48,500,0.515276926648723,0.999204381548614,0.506402908393073,0.483927454899891,-0.00887401825564959,0.000512546873553418,0.00252264850801423,0.83597,0.99856,0.47847,0.83597,0.99856,0,0.134599,0.990043,0.999976,0,0.134374,0.83597,0.998785,0.154073,0.001191
474,"C_mixed","xgboost",200,5,5,0.3,0.3,0.05,"long_dominant",0.48,500,0.515095804728396,0.999225528533897,0.50414970954639,0.484129723805501,-0.0109460951820057,0.000539495885691775,0.00255078296319144,0.83744,0.99808,0.48378,0.83744,0.99808,0.833318,0.998196,0.999842,1,0.697492,0.996278,0.973266,0.999998,0.026576,2e-06
475,"C_mixed","xgboost",200,10,5,0.3,0.3,0.05,"long_dominant",0.48,500,0.513311390713004,0.999976247615055,0.503698499995562,0.486664856902051,-0.00961289071744207,0.000487361278502771,0.00246745076307501,0.9998,1,0.48176,0.9998,1,0.834213,0.99834,1,1,0.834056,0.99834,0.999957,1,4.3e-05,0
476,"C_mixed","xgboost",200,2,2,0.7,0.3,0.05,"long_dominant",0.48,500,0.531276080050678,0.987645169273376,0.524994847963105,0.456369089222698,-0.00628123208757291,0.000752074257056409,0.00230886166399418,0,0.13439,0.48086,0,0.13439,0,0.135373,0.472467,0.983934,0,0.018112,0,0.251651,0.472467,0.732283
477,"C_mixed","xgboost",200,5,2,0.7,0.3,0.05,"long_dominant",0.48,500,0.52388007828372,0.999334595838887,0.5190576369467,0.475454517555167,-0.00482244133701994,0.000644688489416847,0.00255647435454646,0.83455,0.9983,0.47981,0.83455,0.9983,0,0.135851,0.989346,0.999992,0,0.135635,0.83455,0.998516,0.154796,0.001476
478,"C_mixed","xgboost",200,5,5,0.7,0.3,0.05,"long_dominant",0.48,500,0.522182417211085,0.999285410995071,0.513591876947583,0.477102993783985,-0.00859054026350206,0.000588576211790978,0.00246176932805395,0.83417,0.9986,0.47884,0.83417,0.9986,0.834485,0.998502,0.999842,1,0.695673,0.997102,0.972982,1,0.02686,0
479,"C_mixed","xgboost",200,10,5,0.7,0.3,0.05,"long_dominant",0.48,500,0.516636606992873,0.999977860743791,0.506332982035391,0.483341253750919,-0.0103036249574821,0.00054590117068592,0.00254257783783096,0.99986,1,0.4805,0.99986,1,0.834676,0.998456,1,1,0.834562,0.998456,0.999974,1,2.6e-05,0
480,"C_mixed","xgboost",200,2,2,0.3,0.7,0.05,"long_dominant",0.48,500,0.520875205371497,0.985737525171268,0.507773552235,0.464862319799771,-0.0131016531364966,0.0006706983834269,0.00249370882878957,0,0.13385,0.47953,0,0.13385,0,0.134205,0.473279,0.983868,0,0.017728,0,0.250327,0.473279,0.733541
481,"C_mixed","xgboost",200,5,2,0.3,0.7,0.05,"long_dominant",0.48,500,0.516673215040035,0.999270359320278,0.505146144457884,0.482597144280243,-0.0115270705821509,0.000545088755599463,0.00256991737717343,0.83406,0.99858,0.48142,0.83406,0.99858,0,0.134733,0.988952,0.999972,0,0.134532,0.83406,0.998781,0.154892,0.001191
482,"C_mixed","xgboost",200,5,5,0.3,0.7,0.05,"long_dominant",0.48,500,0.515924368324336,0.999229193154581,0.501612411406345,0.483304824830245,-0.0143119569179911,0.000527316428924977,0.00246124268729998,0.83435,0.99854,0.4836,0.83435,0.99854,0.833768,0.998432,0.999852,1,0.695471,0.996974,0.972647,0.999998,0.027205,2e-06
483,"C_mixed","xgboost",200,10,5,0.3,0.7,0.05,"long_dominant",0.48,500,0.514305969294601,0.999974851558422,0.503015720940318,0.485668882263821,-0.0112902483542837,0.000517327201242309,0.00254819338327169,0.99984,1,0.47977,0.99984,1,0.833583,0.998503,1,1,0.833447,0.998503,0.999976,1,2.4e-05,0
484,"C_mixed","xgboost",200,2,2,0.7,0.7,0.05,"long_dominant",0.48,500,0.531482384365005,0.988137633495565,0.519033351873963,0.45665524913056,-0.0124490324910414,0.000760532682898336,0.00247030641340205,0,0.1358,0.48131,0,0.1358,0,0.133891,0.46814,0.983372,0,0.017871,0,0.25182,0.46814,0.731552
485,"C_mixed","xgboost",200,5,2,0.7,0.7,0.05,"long_dominant",0.48,500,0.524418021138271,0.99936613626676,0.512461723859799,0.474948115128489,-0.0119562972784714,0.000640997309968313,0.00244948847087341,0.83216,0.99839,0.47658,0.83216,0.99839,0,0.135027,0.988649,1,0,0.134767,0.83216,0.99865,0.156489,0.00135
486,"C_mixed","xgboost",200,5,5,0.7,0.7,0.05,"long_dominant",0.48,500,0.523113216071026,0.999417201714103,0.510040311743722,0.476303985643076,-0.0130729043273044,0.000600297837485508,0.00255612364562999,0.83376,0.99854,0.47877,0.83376,0.99854,0.833615,0.998254,0.99983,1,0.69487,0.996804,0.972505,0.99999,0.027325,1e-05
487,"C_mixed","xgboost",200,10,5,0.7,0.7,0.05,"long_dominant",0.48,500,0.517572666303644,0.999984943990175,0.508160862241035,0.482412277686531,-0.00941180406260859,0.000563677360549144,0.00262539522596159,0.99978,1,0.48107,0.99978,1,0.834438,0.998262,1,1,0.83426,0.998262,0.999958,1,4.2e-05,0
488,"C_mixed","xgboost",200,2,2,0.3,0.3,0.15,"long_dominant",0.48,500,0.556871135198298,0.984698643160097,0.5472731509522,0.427827507961799,-0.00959798424609817,0.000814814682942689,0.00240926076711767,0,0.13498,0.47796,0,0.13498,0,0.135155,0.474048,0.983328,0,0.018356,0,0.251779,0.474048,0.731549
489,"C_mixed","xgboost",200,5,2,0.3,0.3,0.15,"long_dominant",0.48,500,0.546014344444559,0.999253571427281,0.536802831349097,0.453239226982723,-0.00921151309546156,0.000713617531334218,0.00241820810817404,0.83503,0.99856,0.47728,0.83503,0.99856,0,0.134598,0.989459,0.999994,0,0.134406,0.83503,0.998752,0.154429,0.001242
490,"C_mixed","xgboost",200,5,5,0.3,0.3,0.15,"long_dominant",0.48,500,0.543746248887092,0.999110380896614,0.533737865463619,0.455364132009522,-0.0100083834234732,0.000712377898311874,0.00240467969790757,0.83312,0.9985,0.48109,0.83312,0.9985,0.834186,0.998376,0.999834,1,0.694894,0.996877,0.972412,0.999999,0.027422,1e-06
491,"C_mixed","xgboost",200,10,5,0.3,0.3,0.15,"long_dominant",0.48,500,0.534328850753323,0.999973290989525,0.527055186527124,0.465644440236203,-0.00727366422619894,0.000684138313511379,0.00251577150388002,0.9998,1,0.48312,0.9998,1,0.832937,0.998446,1,1,0.832748,0.998446,0.999989,1,1.1e-05,0
492,"C_mixed","xgboost",200,2,2,0.7,0.3,0.15,"long_dominant",0.48,500,0.589279198887734,0.987388677337073,0.574468259015896,0.398109478449339,-0.0148109398718377,0.00090585057842358,0.00240712433241866,0,0.1345,0.48025,0,0.1345,0,0.133978,0.47375,0.983904,0,0.018226,0,0.250252,0.47375,0.733652
493,"C_mixed","xgboost",200,5,2,0.7,0.3,0.15,"long_dominant",0.48,500,0.572097964086008,0.999270396884933,0.562699438838405,0.427172432798925,-0.00939852524760358,0.000893601764503524,0.00252358717916065,0.83281,0.9987,0.47931,0.83281,0.9987,0,0.13513,0.989281,1,0,0.134957,0.83281,0.998873,0.156471,0.001127
494,"C_mixed","xgboost",200,5,5,0.7,0.3,0.15,"long_dominant",0.48,500,0.564777232814568,0.999404559543253,0.552906417436853,0.434627326728685,-0.0118708153777145,0.000779908961808685,0.00251165056468388,0.83657,0.9983,0.47938,0.83657,0.9983,0.83585,0.998412,0.999914,1,0.699701,0.996713,0.972719,0.999999,0.027195,1e-06
495,"C_mixed","xgboost",200,10,5,0.7,0.3,0.15,"long_dominant",0.48,500,0.550660600724353,0.999985068236148,0.538944429120513,0.449324467511795,-0.0117161716038394,0.000776131923621227,0.00267122703031661,0.99984,1,0.48056,0.99984,1,0.835694,0.998328,1,1,0.83556,0.998328,0.999974,1,2.6e-05,0
496,"C_mixed","xgboost",200,2,2,0.3,0.7,0.15,"long_dominant",0.48,500,0.564439467376533,0.985378317604538,0.551456162737122,0.420938850228004,-0.0129833046394112,0.000866585812480824,0.00240746668182937,0,0.13463,0.47988,0,0.13463,0,0.135106,0.471252,0.983616,0,0.017966,0,0.25177,0.471252,0.731846
497,"C_mixed","xgboost",200,5,2,0.3,0.7,0.15,"long_dominant",0.48,500,0.549878719990381,0.999146865486752,0.542220323301682,0.44926814549637,-0.00765839668869866,0.00078065807905235,0.00244491867589876,0.83366,0.99836,0.48324,0.83366,0.99836,0,0.13536,0.988799,0.999988,0,0.135146,0.83366,0.998574,0.155139,0.001414
498,"C_mixed","xgboost",200,5,5,0.3,0.7,0.15,"long_dominant",0.48,500,0.546087322022648,0.999169893082401,0.536582339665407,0.453082571059753,-0.00950498235724051,0.000737970426668514,0.00252931526239687,0.83243,0.99868,0.48111,0.83243,0.99868,0.833115,0.998441,0.999818,1,0.694002,0.997122,0.971543,0.999999,0.028275,1e-06
499,"C_mixed","xgboost",200,10,5,0.3,0.7,0.15,"long_dominant",0.48,500,0.536892377930914,0.999973871119853,0.52453855378187,0.463081493188939,-0.0123538241490437,0.000697984670943443,0.0025042366996224,0.99992,1,0.4807,0.99992,1,0.834438,0.998419,1,1,0.834368,0.998419,0.99999,1,1e-05,0
500,"C_mixed","xgboost",200,2,2,0.7,0.7,0.15,"long_dominant",0.48,500,0.592305259127801,0.987659819907676,0.57674506642401,0.395354560779875,-0.0155601927037907,0.00101339272513469,0.00234770833001001,0,0.13595,0.48021,0,0.13595,0,0.135365,0.472053,0.983067,0,0.018802,0,0.252513,0.472053,0.730554
501,"C_mixed","xgboost",200,5,2,0.7,0.7,0.15,"long_dominant",0.48,500,0.576116155557155,0.999236185669928,0.564006247910322,0.423120030112773,-0.0121099076468331,0.000888213323463224,0.00245350541103678,0.83349,0.99848,0.48013,0.83349,0.99848,0,0.134262,0.9892,0.999994,0,0.134053,0.83349,0.998689,0.15571,0.001305
502,"C_mixed","xgboost",200,5,5,0.7,0.7,0.15,"long_dominant",0.48,500,0.568240633492914,0.999464095754318,0.556834531575554,0.431223462261404,-0.0114061019173602,0.000815770364959301,0.00254481552221408,0.83291,0.99838,0.48167,0.83291,0.99838,0.833323,0.998267,0.999836,1,0.694326,0.99665,0.971907,0.999997,0.027929,3e-06
503,"C_mixed","xgboost",200,10,5,0.7,0.7,0.15,"long_dominant",0.48,500,0.553629803402142,0.999986915814495,0.539602276651343,0.446357112412353,-0.0140275267507994,0.000743750601822115,0.00253183353208131,0.99984,1,0.48284,0.99984,1,0.832853,0.998252,1,1,0.832726,0.998252,0.999967,1,3.3e-05,0
504,"C_mixed","xgboost",200,2,2,0.3,0.3,0.3,"long_dominant",0.48,500,0.609357545227071,0.985000692263744,0.59139626249233,0.375643147036673,-0.0179612827347406,0.000920604392322243,0.00238559899478539,0,0.13408,0.47838,0,0.13408,0,0.134918,0.47211,0.983101,0,0.018206,0,0.250792,0.47211,0.732309
505,"C_mixed","xgboost",200,5,2,0.3,0.3,0.3,"long_dominant",0.48,500,0.592373597110172,0.999110056758371,0.579280036113048,0.406736459648199,-0.013093560997124,0.000819138614953838,0.00232817581789581,0.83368,0.99844,0.47907,0.83368,0.99844,0,0.134592,0.98955,0.999994,0,0.134422,0.83368,0.99861,0.15587,0.001384
506,"C_mixed","xgboost",200,5,5,0.3,0.3,0.3,"long_dominant",0.48,500,0.580907115689317,0.999170902779685,0.567664118774702,0.418263787090368,-0.013242996914615,0.000836044978007399,0.00251959711691024,0.83591,0.99832,0.48134,0.83591,0.99832,0.834626,0.998432,0.99986,1,0.69784,0.996754,0.972696,0.999998,0.027164,2e-06
507,"C_mixed","xgboost",200,10,5,0.3,0.3,0.3,"long_dominant",0.48,500,0.566277839340878,0.999964192012184,0.558231993648511,0.433686352671306,-0.00804584569236688,0.00080367446500992,0.00245169941988193,0.99986,1,0.48193,0.99986,1,0.832709,0.998287,1,1,0.832598,0.998287,0.999971,1,2.9e-05,0
508,"C_mixed","xgboost",200,2,2,0.7,0.3,0.3,"long_dominant",0.48,500,0.665188276407801,0.987565064013752,0.65149477718392,0.322376787605951,-0.0136934992238811,0.00100797291450573,0.00223338581901311,1e-05,0.13564,0.47856,1e-05,0.13564,0,0.135471,0.474017,0.982939,0,0.018403,1e-05,0.252708,0.474007,0.730231
509,"C_mixed","xgboost",200,5,2,0.7,0.3,0.3,"long_dominant",0.48,500,0.641643308470182,0.999244396219324,0.62172998691994,0.357601087749142,-0.0199133215502422,0.00103631193771504,0.00227835083524512,0.83166,0.99802,0.48218,0.83166,0.99802,0,0.134293,0.988892,0.999986,0,0.134067,0.83166,0.998246,0.157232,0.00174
510,"C_mixed","xgboost",200,5,5,0.7,0.3,0.3,"long_dominant",0.48,500,0.625693626034536,0.999481675281803,0.613015595895225,0.373788049247267,-0.0126780301393109,0.000927718766544037,0.00250387965755814,0.83237,0.99832,0.47752,0.83237,0.99832,0.833663,0.998452,0.999836,1,0.694061,0.996774,0.971972,0.999998,0.027864,2e-06
511,"C_mixed","xgboost",200,10,5,0.7,0.3,0.3,"long_dominant",0.48,500,0.600522318932285,0.999975297394083,0.585424640642298,0.399452978461798,-0.0150976782899869,0.000910816212391731,0.00244103130438155,0.9998,1,0.47923,0.9998,1,0.834638,0.998472,1,1,0.834483,0.998472,0.999955,1,4.5e-05,0
512,"C_mixed","xgboost",200,2,2,0.3,0.7,0.3,"long_dominant",0.48,500,0.620254111495178,0.985597913381127,0.604716111830963,0.36534380188595,-0.0155379996642152,0.0009505335416571,0.00232132320964784,0,0.13485,0.48119,0,0.13485,0,0.134615,0.471577,0.983261,0,0.018018,0,0.251447,0.471577,0.731814
513,"C_mixed","xgboost",200,5,2,0.3,0.7,0.3,"long_dominant",0.48,500,0.600174117407568,0.999249435264777,0.5896887746369,0.399075317857209,-0.0104853427706677,0.000893658407463994,0.00265704029848062,0.83372,0.99868,0.47944,0.83372,0.99868,0,0.134584,0.988854,0.999988,0,0.134431,0.83372,0.998833,0.155134,0.001155
514,"C_mixed","xgboost",200,5,5,0.3,0.7,0.3,"long_dominant",0.48,500,0.589459163178121,0.999100363602876,0.572507363014912,0.409641200424755,-0.0169518001632085,0.00083175130551717,0.00247405220964947,0.83342,0.99816,0.47765,0.83342,0.99816,0.832799,0.998458,0.999836,1,0.694624,0.996621,0.971595,0.999997,0.028241,3e-06
515,"C_mixed","xgboost",200,10,5,0.3,0.7,0.3,"long_dominant",0.48,500,0.571743988586065,0.999969087387203,0.558253302077776,0.428225098801139,-0.0134906865082885,0.00072889293727212,0.00246583785404592,0.99982,1,0.47666,0.99982,1,0.833251,0.998276,1,1,0.833095,0.998276,0.999976,1,2.4e-05,0
516,"C_mixed","xgboost",200,2,2,0.7,0.7,0.3,"long_dominant",0.48,500,0.66949850894208,0.988584959176849,0.649898296868945,0.319086450234769,-0.0196002120731351,0.00102985857337277,0.00233067466255473,0,0.13345,0.48088,0,0.13345,0,0.134904,0.470618,0.983647,0,0.017525,0,0.250829,0.470618,0.732818
517,"C_mixed","xgboost",200,5,2,0.7,0.7,0.3,"long_dominant",0.48,500,0.644702377816088,0.999279361503273,0.6260722498766,0.354576983687185,-0.0186301279394882,0.00102434169146248,0.00239527707243116,0.83526,0.99854,0.47919,0.83526,0.99854,0,0.135299,0.989648,0.999994,0,0.135136,0.83526,0.998703,0.154388,0.001291
518,"C_mixed","xgboost",200,5,5,0.7,0.7,0.3,"long_dominant",0.48,500,0.630471653178269,0.999408677704977,0.618436525625671,0.368937024526708,-0.0120351275525977,0.000982862950264239,0.00230472611293134,0.83436,0.99868,0.4799,0.83436,0.99868,0.835217,0.998332,0.999864,1,0.696637,0.997012,0.97294,1,0.026924,0
519,"C_mixed","xgboost",200,10,5,0.7,0.7,0.3,"long_dominant",0.48,500,0.605572947981704,0.999985561103653,0.58780931143512,0.394412613121948,-0.0177636365465846,0.000871130483183216,0.00245618497649826,0.9999,1,0.47918,0.9999,1,0.834015,0.998184,1,1,0.833927,0.998184,0.999988,1,1.2e-05,0
520,"C_mixed","xgboost",200,2,2,0.3,0.3,0.05,"balanced",0.48,500,0.526965445648358,0.986039298020049,0.518709576495035,0.459073852371691,-0.00825586915332287,0.000701067232099642,0.0024258177491398,0,0.13509,0.47996,0,0.13509,0,0.134547,0.47262,0.98349,0,0.018161,0,0.251476,0.47262,0.732014
521,"C_mixed","xgboost",200,5,2,0.3,0.3,0.05,"balanced",0.48,500,0.523536255884418,0.999239195026553,0.515374951113912,0.475702939142135,-0.0081613047705062,0.000601698074563611,0.00251033998248597,0.83153,0.99826,0.4822,0.83153,0.99826,0,0.134768,0.988888,0.999998,0,0.134501,0.83153,0.998527,0.157358,0.001471
522,"C_mixed","xgboost",200,5,5,0.3,0.3,0.05,"balanced",0.48,500,0.522942981354358,0.999264010768614,0.512368709371184,0.476321029414256,-0.0105742719831743,0.000616505237352868,0.00242549644623211,0.83304,0.99864,0.47869,0.83304,0.99864,0.835587,0.998422,0.999852,1,0.695681,0.997062,0.972946,1,0.026906,0
523,"C_mixed","xgboost",200,10,5,0.3,0.3,0.05,"balanced",0.48,500,0.520660034317267,0.99997824771087,0.512646927250696,0.479318213393603,-0.00801310706657136,0.000589558216724172,0.00249065100612926,0.99984,1,0.47887,0.99984,1,0.833234,0.998466,1,1,0.833109,0.998466,0.999965,1,3.5e-05,0
524,"C_mixed","xgboost",200,2,2,0.7,0.3,0.05,"balanced",0.48,500,0.535062985650143,0.987882628020184,0.518878549699565,0.452819642370041,-0.0161844359505779,0.000744376691942871,0.00247277409735217,0,0.13488,0.47976,0,0.13488,0,0.134322,0.472001,0.982836,0,0.018451,0,0.250751,0.472001,0.732085
525,"C_mixed","xgboost",200,5,2,0.7,0.3,0.05,"balanced",0.48,500,0.529645129613028,0.999377981432346,0.518553769990649,0.469732851819319,-0.0110913596223787,0.000664275791513734,0.00243700182356424,0.83382,0.99798,0.48152,0.83382,0.99798,0,0.134555,0.988748,0.999978,0,0.134226,0.83382,0.998309,0.154928,0.001669
526,"C_mixed","xgboost",200,5,5,0.7,0.3,0.05,"balanced",0.48,500,0.528378928832582,0.999350831898228,0.516565634326925,0.470971903065646,-0.0118132945056567,0.000660172996040403,0.00262017170741131,0.83372,0.9984,0.47954,0.83372,0.9984,0.832916,0.99848,0.999838,1,0.694162,0.996882,0.972474,0.999998,0.027364,2e-06
527,"C_mixed","xgboost",200,10,5,0.7,0.3,0.05,"balanced",0.48,500,0.522878517912452,0.99997965091132,0.513997864218114,0.477101132998867,-0.00888065369433802,0.000617342641329754,0.00250386201926475,0.99996,1,0.48007,0.99996,1,0.836447,0.998401,1,1,0.836415,0.998401,0.999992,1,8e-06,0
528,"C_mixed","xgboost",200,2,2,0.3,0.7,0.05,"balanced",0.48,500,0.526842563204743,0.986065078245317,0.513210245265899,0.459222515040574,-0.0136323179388435,0.000741923932737883,0.00246445340305568,0,0.1341,0.47826,0,0.1341,0,0.134694,0.472505,0.983457,0,0.018213,0,0.250581,0.472505,0.732876
529,"C_mixed","xgboost",200,5,2,0.3,0.7,0.05,"balanced",0.48,500,0.523862079097118,0.99931735521613,0.515158647413488,0.475455276119012,-0.00870343168363015,0.000611377268076866,0.00259051047121919,0.83406,0.9984,0.47663,0.83406,0.9984,0,0.135752,0.988999,0.99999,0,0.135533,0.83406,0.998619,0.154939,0.001371
530,"C_mixed","xgboost",200,5,5,0.3,0.7,0.05,"balanced",0.48,500,0.523061893335745,0.999204680531071,0.515817247031366,0.476142787195326,-0.00724464630437894,0.000642571555331251,0.00257615756879916,0.83264,0.99828,0.48168,0.83264,0.99828,0.83057,0.998563,0.999814,1,0.691328,0.996844,0.971882,0.999999,0.027932,1e-06
531,"C_mixed","xgboost",200,10,5,0.3,0.7,0.05,"balanced",0.48,500,0.520016159103147,0.999966481883257,0.50855229510458,0.47995032278011,-0.0114638639985666,0.000584007480127016,0.00246669620473944,0.9998,1,0.47888,0.9998,1,0.834411,0.998488,1,1,0.834246,0.998488,0.999965,1,3.5e-05,0
532,"C_mixed","xgboost",200,2,2,0.7,0.7,0.05,"balanced",0.48,500,0.536779276122069,0.988416785373125,0.523565622258983,0.451637509251056,-0.013213653863086,0.000723817896312768,0.00237479619409301,0,0.13557,0.47767,0,0.13557,0,0.135049,0.473614,0.983438,0,0.01845,0,0.252169,0.473614,0.731269
533,"C_mixed","xgboost",200,5,2,0.7,0.7,0.05,"balanced",0.48,500,0.528786311842275,0.999288432393806,0.517807311200304,0.47050212055153,-0.0109790006419714,0.000690976581704034,0.00263071645290687,0.8371,0.99834,0.4792,0.8371,0.99834,0,0.134089,0.989115,0.999966,0,0.13385,0.8371,0.998579,0.152015,0.001387
534,"C_mixed","xgboost",200,5,5,0.7,0.7,0.05,"balanced",0.48,500,0.52965935149067,0.999315801628198,0.519496690693772,0.469656450137528,-0.0101626607968981,0.000636434341147161,0.00244836276907776,0.835,0.99826,0.47761,0.835,0.99826,0.835135,0.998418,0.999934,1,0.69717,0.996683,0.972965,0.999995,0.026969,5e-06
535,"C_mixed","xgboost",200,10,5,0.7,0.7,0.05,"balanced",0.48,500,0.524313922626614,0.999985936994031,0.51438092929041,0.475672014367417,-0.00993299333620361,0.000601089065037183,0.00249088440220623,0.99982,1,0.47996,0.99982,1,0.833046,0.99829,1,1,0.832889,0.99829,0.999977,1,2.3e-05,0
536,"C_mixed","xgboost",200,2,2,0.3,0.3,0.15,"balanced",0.48,500,0.573811188797016,0.984916202648575,0.562295955389498,0.411105013851559,-0.0115152334075182,0.000929201632645397,0.0023587293556273,0,0.13488,0.4828,0,0.13488,0,0.134769,0.470972,0.982906,0,0.018313,0,0.251336,0.470972,0.73157
537,"C_mixed","xgboost",200,5,2,0.3,0.3,0.15,"balanced",0.48,500,0.565228768195683,0.999189897808001,0.555857337960276,0.433961129612318,-0.00937143023540703,0.000792430794423416,0.00241901108596572,0.83722,0.99832,0.48057,0.83722,0.99832,0,0.134889,0.989228,0.99998,0,0.134656,0.83722,0.998553,0.152008,0.001427
538,"C_mixed","xgboost",200,5,5,0.3,0.3,0.15,"balanced",0.48,500,0.562527511508938,0.999171630677952,0.550947343659657,0.436644119169015,-0.0115801678492805,0.000787409399715503,0.0022939414792081,0.83505,0.99868,0.48445,0.83505,0.99868,0.834534,0.998345,0.999886,1,0.6969,0.997026,0.972684,0.999999,0.027202,1e-06
539,"C_mixed","xgboost",200,10,5,0.3,0.3,0.15,"balanced",0.48,500,0.554377350565496,0.999973836968431,0.540797399381097,0.445596486402935,-0.0135799511843992,0.000750117221747052,0.00242402745480583,0.99992,1,0.48147,0.99992,1,0.835301,0.998396,1,1,0.835238,0.998396,0.999983,1,1.7e-05,0
540,"C_mixed","xgboost",200,2,2,0.7,0.3,0.15,"balanced",0.48,500,0.597028151200074,0.987603486221941,0.584296751664139,0.390575335021867,-0.0127313995359351,0.000937169855181683,0.00228339628387426,0,0.13749,0.48137,0,0.13749,0,0.134799,0.469667,0.983531,0,0.018603,0,0.253686,0.469667,0.729845
541,"C_mixed","xgboost",200,5,2,0.7,0.3,0.15,"balanced",0.48,500,0.582593955739622,0.999414509817755,0.566788117829398,0.416820554078133,-0.0158058379102241,0.000866961356687974,0.00246318501129441,0.83446,0.99838,0.47826,0.83446,0.99838,0,0.135006,0.989354,0.999996,0,0.134769,0.83446,0.998617,0.154894,0.001379
542,"C_mixed","xgboost",200,5,5,0.7,0.3,0.15,"balanced",0.48,500,0.579099851032868,0.999327155340602,0.568496347425195,0.420227304307733,-0.0106035036076734,0.000850018115294298,0.0024135247592632,0.83536,0.99838,0.47988,0.83536,0.99838,0.83374,0.99841,0.999858,1,0.69674,0.99679,0.97236,1,0.027498,0
543,"C_mixed","xgboost",200,10,5,0.7,0.3,0.15,"balanced",0.48,500,0.56407698702841,0.999972461903506,0.552288052542042,0.435895474875096,-0.0117889344863681,0.000786813122976016,0.00250304334847923,0.99986,1,0.48048,0.99986,1,0.835358,0.9984,1,1,0.83523,0.9984,0.999988,1,1.2e-05,0
544,"C_mixed","xgboost",200,2,2,0.3,0.7,0.15,"balanced",0.48,500,0.578338969901835,0.985858714435514,0.569383822965028,0.407519744533679,-0.00895514693680701,0.000902742433412546,0.00230594067200084,0,0.13374,0.47929,0,0.13374,0,0.134658,0.470944,0.984045,0,0.017987,0,0.250411,0.470944,0.733634
545,"C_mixed","xgboost",200,5,2,0.3,0.7,0.15,"balanced",0.48,500,0.568879981697535,0.999235585701714,0.557776258848819,0.430355604004179,-0.0111037228487168,0.000805968982236748,0.00226636606226405,0.83654,0.99856,0.48198,0.83654,0.99856,0,0.135061,0.988444,0.999976,0,0.134883,0.83654,0.998738,0.151904,0.001238
546,"C_mixed","xgboost",200,5,5,0.3,0.7,0.15,"balanced",0.48,500,0.566508483946422,0.999200136660117,0.559238425385703,0.432691652713695,-0.00727005856071874,0.000772875295674925,0.00240461424222346,0.8372,0.9984,0.48014,0.8372,0.9984,0.833832,0.998431,0.999878,1,0.697889,0.996833,0.973143,0.999998,0.026735,2e-06
547,"C_mixed","xgboost",200,10,5,0.3,0.7,0.15,"balanced",0.48,500,0.556487676939034,0.999977283027746,0.543536432536622,0.443489606088712,-0.0129512444024125,0.000782225379170517,0.00243120474898737,0.99988,1,0.48029,0.99988,1,0.834971,0.998334,1,1,0.834867,0.998334,0.999984,1,1.6e-05,0
548,"C_mixed","xgboost",200,2,2,0.7,0.7,0.15,"balanced",0.48,500,0.598739230403566,0.987799574723353,0.584912599681544,0.389060344319787,-0.013826630722022,0.000869130962155506,0.00237138871185286,0,0.13345,0.47802,0,0.13345,0,0.134369,0.474653,0.983358,0,0.017696,0,0.250123,0.474653,0.733235
549,"C_mixed","xgboost",200,5,2,0.7,0.7,0.15,"balanced",0.48,500,0.582866640024191,0.999262218849374,0.571371460008177,0.416395578825183,-0.0114951800160141,0.000859765307611153,0.00248226192953972,0.83275,0.99846,0.47742,0.83275,0.99846,0,0.133043,0.988316,0.999998,0,0.132834,0.83275,0.998669,0.155566,0.001329
550,"C_mixed","xgboost",200,5,5,0.7,0.7,0.15,"balanced",0.48,500,0.580217160708115,0.999469277972444,0.56817755814056,0.419252117264329,-0.012039602567555,0.000823196185653126,0.00233713468279589,0.83543,0.99877,0.48198,0.83543,0.99877,0.834914,0.998594,0.9998,1,0.697676,0.997364,0.972668,1,0.027132,0
551,"C_mixed","xgboost",200,10,5,0.7,0.7,0.15,"balanced",0.48,500,0.566691352829066,0.999986897110318,0.55732261128952,0.433295544281252,-0.00936874153954636,0.000795253053468807,0.00250558355271991,0.99982,1,0.48276,0.99982,1,0.834673,0.998502,1,1,0.834538,0.998502,0.999955,1,4.5e-05,0
552,"C_mixed","xgboost",200,2,2,0.3,0.3,0.3,"balanced",0.48,500,0.63471468010013,0.984845376172528,0.624913701562849,0.350130696072398,-0.00980097853728072,0.000941138232546205,0.00220722450729988,0,0.13488,0.4785,0,0.13488,0,0.134991,0.472192,0.983869,0,0.01828,0,0.251591,0.472192,0.732278
553,"C_mixed","xgboost",200,5,2,0.3,0.3,0.3,"balanced",0.48,500,0.620923987507346,0.999235586278695,0.606592915067408,0.378311598771349,-0.0143310724399373,0.000784268222547166,0.00243812620507654,0.83552,0.99844,0.47987,0.83552,0.99844,0,0.135111,0.989329,0.999966,0,0.13491,0.83552,0.998641,0.153809,0.001325
554,"C_mixed","xgboost",200,5,5,0.3,0.3,0.3,"balanced",0.48,500,0.614600264691534,0.999136349023036,0.60407304237096,0.384536084331502,-0.0105272223205739,0.000819220598349069,0.00242492197903074,0.83382,0.99858,0.47979,0.83382,0.99858,0.833017,0.998284,0.999874,1,0.6944,0.996866,0.972437,0.999998,0.027437,2e-06
555,"C_mixed","xgboost",200,10,5,0.3,0.3,0.3,"balanced",0.48,500,0.600474039125522,0.999982712486983,0.590686565512866,0.399508673361461,-0.00978747361265607,0.000764048655058943,0.00249413659168604,0.9997,1,0.47869,0.9997,1,0.83426,0.998358,1,1,0.833992,0.998358,0.999968,1,3.2e-05,0
556,"C_mixed","xgboost",200,2,2,0.7,0.3,0.3,"balanced",0.48,500,0.673875390695304,0.987830127783495,0.656041024619153,0.313954737088191,-0.0178343660761513,0.000944138946126353,0.00216962644022309,0,0.13471,0.47823,0,0.13471,0,0.134668,0.470851,0.982901,0,0.017932,0,0.251446,0.470851,0.731455
557,"C_mixed","xgboost",200,5,2,0.7,0.3,0.3,"balanced",0.48,500,0.65303529409487,0.999432367620773,0.63888205772798,0.346397073525903,-0.01415323636689,0.000882291088509872,0.0023867933145786,0.83313,0.99832,0.47974,0.83313,0.99832,0,0.134657,0.988941,1,0,0.134419,0.83313,0.998558,0.155811,0.001442
558,"C_mixed","xgboost",200,5,5,0.7,0.3,0.3,"balanced",0.48,500,0.642029573233944,0.999499179616227,0.62685979646152,0.357469606382283,-0.0151697767724242,0.000878794648934404,0.00239839340285046,0.83466,0.99836,0.48276,0.83466,0.99836,0.832847,0.998506,0.999876,1,0.695254,0.99687,0.972253,0.999996,0.027623,4e-06
559,"C_mixed","xgboost",200,10,5,0.7,0.3,0.3,"balanced",0.48,500,0.62143197978988,0.999989953456617,0.605686054284588,0.378557973666737,-0.0157459255052918,0.000791584545232999,0.00242122071400246,0.99986,1,0.48204,0.99986,1,0.834292,0.998408,1,1,0.834192,0.998408,0.99996,1,4e-05,0
560,"C_mixed","xgboost",200,2,2,0.3,0.7,0.3,"balanced",0.48,500,0.645361720611917,0.985683759152459,0.631494910658906,0.340322038540542,-0.0138668099530113,0.00087965661282591,0.00230474231324585,0,0.13479,0.47955,0,0.13479,0,0.134452,0.473176,0.983801,0,0.018205,0,0.251037,0.473176,0.732764
561,"C_mixed","xgboost",200,5,2,0.3,0.7,0.3,"balanced",0.48,500,0.625823260191456,0.999226172921599,0.609636074164895,0.373402912730143,-0.0161871860265605,0.000807583375180052,0.002239050979375,0.8301,0.9981,0.48224,0.8301,0.9981,0,0.13498,0.989519,0.99999,0,0.134712,0.8301,0.998368,0.159419,0.001622
562,"C_mixed","xgboost",200,5,5,0.3,0.7,0.3,"balanced",0.48,500,0.61945356619036,0.999196269993444,0.603467559026517,0.379742703803083,-0.0159860071638437,0.000814697146402323,0.0022542593937643,0.83364,0.99848,0.47825,0.83364,0.99848,0.832657,0.998435,0.9999,1,0.693898,0.996918,0.972399,0.999997,0.027501,3e-06
563,"C_mixed","xgboost",200,10,5,0.3,0.7,0.3,"balanced",0.48,500,0.603100211464237,0.999978986388619,0.595592447961319,0.396878774924381,-0.00750776350291821,0.000759083599233219,0.00237950610074578,0.99988,1,0.4789,0.99988,1,0.832413,0.998376,1,1,0.832331,0.998376,0.999962,1,3.8e-05,0
564,"C_mixed","xgboost",200,2,2,0.7,0.7,0.3,"balanced",0.48,500,0.676833157124801,0.988249864507716,0.657772022102629,0.311416707382915,-0.0190611350221716,0.000907089868652023,0.00216753793921079,0,0.13448,0.48266,0,0.13448,0,0.134509,0.473339,0.982949,0,0.01854,0,0.250449,0.473339,0.7325
565,"C_mixed","xgboost",200,5,2,0.7,0.7,0.3,"balanced",0.48,500,0.655989961796867,0.999426884265416,0.644482741951375,0.343436922468549,-0.0115072198454926,0.000859605993406705,0.00233017750262935,0.8337,0.99826,0.47814,0.8337,0.99826,0,0.134156,0.989078,0.99999,0,0.133892,0.8337,0.998524,0.155378,0.001466
566,"C_mixed","xgboost",200,5,5,0.7,0.7,0.3,"balanced",0.48,500,0.646459252864206,0.999480601223949,0.634219060873497,0.353021348359743,-0.0122401919907095,0.000846227592607027,0.00227794473353998,0.83545,0.9982,0.47812,0.83545,0.9982,0.835231,0.998484,0.999872,1,0.698048,0.996688,0.972633,0.999996,0.027239,4e-06
567,"C_mixed","xgboost",200,10,5,0.7,0.7,0.3,"balanced",0.48,500,0.623418489942349,0.999990319796707,0.608624779572574,0.376571829854358,-0.0147937103697743,0.000798799251704924,0.00239717450069356,0.99986,1,0.47832,0.99986,1,0.834306,0.998588,1,1,0.834181,0.998588,0.999985,1,1.5e-05,0
